id,title
1,서울 숭례문
2,서울 원각사지 십층석탑
3,서울 북한산 신라 진흥왕 순수비
4,여주 고달사지 승탑
5,보은 법주사 쌍사자 석등
6,충주 탑평리 칠층석탑
7,천안 봉선홍경사 갈기비
8,보령 성주사지 대낭혜화상탑비
9,부여 정림사지 오층석탑
10,남원 실상사 백장암 삼층석탑
11,익산 미륵사지 석탑
12,구례 화엄사 각황전 앞 석등
13,강진 무위사 극락보전
14,영천 거조사 영산전
15,안동 봉정사 극락전
16,안동 법흥사지 칠층전탑
17,영주 부석사 무량수전 앞 석등
18,영주 부석사 무량수전
19,영주 부석사 조사당
20,경주 불국사 다보탑
21,경주 불국사 삼층석탑
22,경주 불국사 연화교 및 칠보교
23,경주 불국사 청운교 및 백운교
24,경주 석굴암 석굴
25,경주 태종무열왕릉비
26,경주 불국사 금동비로자나불좌상
27,경주 불국사 금동아미타여래좌상
28,경주 백률사 금동약사여래입상
29,성덕대왕신종
30,경주 분황사 모전석탑
31,경주 첨성대
32,합천 해인사 대장경판
33,창녕 신라 진흥왕 척경비
34,창녕 술정리 동 삼층석탑
35,구례 화엄사 사사자 삼층석탑
36,상원사 동종
37,경주 황복사지 삼층석탑
38,경주 고선사지 삼층석탑
39,경주 나원리 오층석탑
40,경주 정혜사지 십삼층석탑
41,청주 용두사지 철당간
42,순천 송광사 목조삼존불감
43,혜심 고신제서
44,장흥 보림사 남·북 삼층석탑 및 석등
45,영주 부석사 소조여래좌상
46,부석사 조사당 벽화
47,하동 쌍계사 진감선사탑비
48,평창 월정사 팔각 구층석탑
49,평창 월정사 석조보살좌상
50,예산 수덕사 대웅전
51,영암 도갑사 해탈문
52,강릉 임영관 삼문
53,합천 해인사 장경판전
54,구례 연곡사 동 승탑
55,구례 연곡사 북 승탑
56,보은 법주사 팔상전
57,순천 송광사 국사전
58,화순 쌍봉사 철감선사탑
59,청양 장곡사 철조약사여래좌상 및 석조
60,원주 법천사지 지광국사탑비
61,청자 사자형뚜껑 향로
62,청자 어룡형 주전자
63,김제 금산사 미륵전
64,철원 도피안사 철조비로자나불좌상
65,보은 법주사 석련지
66,청자 기린형뚜껑 향로
67,청자 상감연지원앙문 정병
68,구례 화엄사 각황전
69,청자 상감운학문 매병
70,심지백 개국원종공신녹권
71,훈민정음
72,"동국정운 권1, 6"
73,금동계미명삼존불입상
74,금동삼존불감
75,청자 오리모양 연적
76,표충사 청동 은입사 향완
77,이순신 난중일기 및 서간첩 임진장초
78,의성 탑리리 오층석탑
79,금동미륵보살반가사유상(1962-1)
80,경주 구황동 금제여래좌상
81,경주 구황동 금제여래입상
82,경주 감산사 석조미륵보살입상
83,경주 감산사 석조아미타여래입상
84,금동미륵보살반가사유상(1962-2)
85,서산 용현리 마애여래삼존상
86,금동신묘명삼존불입상
87,개성 경천사지 십층석탑
88,금관총 금관 및 금제 관식
89,금관총 금제 허리띠
90,평양 석암리 금제 띠고리
91,경주 부부총 금귀걸이
92,도기 기마인물형 명기
93,청동 은입사 포류수금문 정병
94,백자 철화포도원숭이문 항아리
95,청자 참외모양 병
96,청자 투각칠보문뚜껑 향로
97,청자 구룡형 주전자
98,청자 음각연화당초문 매병
99,청자 상감모란문 항아리
100,김천 갈항사지 동·서 삼층석탑
101,개성 남계원지 칠층석탑
102,원주 법천사지 지광국사탑
103,충주 정토사지 홍법국사탑
104,광양 중흥산성 쌍사자 석등
105,전 원주 흥법사지 염거화상탑
106,산청 범학리 삼층석탑
107,계유명전씨아미타불비상
108,백자 철화포도문 항아리
109,계유명삼존천불비상
110,군위 아미타여래삼존 석굴
111,이제현 초상
112,안향 초상
113,경주 감은사지 동·서 삼층석탑
114,청자 철화양류문 통형 병
115,청자 상감모란국화문 참외모양 병
116,청자 상감당초문 완
117,청자 상감모란문 표주박모양 주전자
118,장흥 보림사 철조비로자나불좌상
119,금동미륵보살반가사유상(1964)
120,금동연가7년명여래입상
121,용주사 동종
122,안동 하회탈 및 병산탈
123,양양 진전사지 삼층석탑
124,익산 왕궁리 오층석탑 사리장엄구
125,강릉 한송사지 석조보살좌상
126,녹유골호(부석제외함)
127,불국사 삼층석탑 사리장엄구
128,서울 삼양동 금동관음보살입상
129,금동관음보살입상
130,금동보살입상(1968)
131,구미 죽장리 오층석탑
132,고려말 화령부 호적 관련 고문서
133,징비록
134,청자 동화연화문 표주박모양 주전자
135,금동보살삼존입상
136,신윤복 필 풍속도 화첩
137,금동 용두보당
138,대구 비산동 청동기 일괄 - 검 및 
139,대구 비산동 청동기 일괄 - 투겁창 
140,전 고령 금관 및 장신구 일괄
141,김홍도 필 군선도 병풍
142,나전 화문 동경
143,정문경
144,동국정운
145,화순 대곡리 청동기 일괄
146,영암 월출산 마애여래좌상
147,귀면 청동로
148,전 논산 청동방울 일괄
149,울주 천전리 명문과 암각화
150,십칠사찬고금통요 권16
151,십칠사찬고금통요 권17
152,"동래선생교정북사상절 권4, 5"
153,동래선생교정북사상절 권6
154,송조표전총류 권7
155,조선왕조실록 정족산사고본
156,조선왕조실록 태백산사고본
157,조선왕조실록 오대산사고본
158,조선왕조실록 적상산사고본
159,조선왕조실록 봉모당본
160,조선왕조실록 낙질 및 산엽본
161,비변사등록
162,일성록
163,무령왕 금제 관식
164,무령왕비 금제 관식
165,무령왕 금귀걸이
166,무령왕비 금귀걸이
167,무령왕비 금목걸이
168,무령왕 금제 뒤꽂이
169,무령왕비 은팔찌
170,무령왕릉 청동거울 일괄
171,무령왕릉 석수
172,무령왕릉 지석
173,무령왕비 베개
174,무령왕 발받침
175,백자 철화매죽문 항아리
176,청자 인물형 주전자
177,청자 양각죽절문 병
178,백자 청화매조죽문 유개항아리
179,청동 은입사 봉황문 합
180,진양군 영인정씨묘 출토 유물
181,청자 퇴화점문 나한좌상
182,금동 수정 장식 촛대
183,백자 상감연화당초문 대접
184,백자 청화‘홍치2년’명 송죽문 항아리
185,분청사기 인화국화문 태항아리
186,분청사기 음각어문 편병
187,분청사기 박지연화어문 편병
188,김정희 필 세한도
189,장양수 홍패
190,구미 선산읍 금동여래입상
191,구미 선산읍 금동보살입상(1976-1
192,구미 선산읍 금동보살입상(1976-2
193,상지은니 묘법연화경
194,양평 신화리 금동여래입상
195,영양 산해리 오층모전석탑
196,천마총 금관
197,천마총 관모
198,천마총 금제 허리띠
199,황남대총 북분 금관
200,황남대총 북분 금제 허리띠
201,황남대총 남분 유리병 및 잔
202,황남대총 남분 금목걸이
203,토우장식 장경호
204,신라백지묵서 대방광불화엄경 주본 권1
205,충주 청룡사지 보각국사탑
206,단양 신라 적성비
207,경주 단석산 신선사 마애불상군
208,금동보살입상(1979)
209,봉화 북지리 마애여래좌상
210,대방광불화엄경 진본 권37
211,대방광불화엄경 주본 권6
212,대방광불화엄경 주본 권36
213,충주 고구려비
214,합천 해인사 고려목판
215,경주 천마총 장니 천마도
216,도리사 세존사리탑 금동 사리기
217,보협인석탑
218,감지은니 불공견삭신변진언경 권13
219,백지묵서 묘법연화경
220,대불정여래밀인수증요의제보살만행수능엄경
221,금동탑
222,흥왕사명 청동 은입사 향완
223,감지은니 대방광불화엄경 정원본 권31
224,정선 필 인왕제색도
225,정선 필 금강전도
226,아미타삼존도
227,백자 청화매죽문 항아리
228,청자 상감용봉모란문 합 및 탁
229,평창 상원사 목조문수동자좌상
230,백자 청화매죽문 유개항아리
231,경복궁 근정전
232,경복궁 경회루
233,창덕궁 인정전
234,창경궁 명정전
235,종묘 정전
236,천상열차분야지도 각석
237,창경궁 자격루 누기
238,혼천의 및 혼천시계
239,전 영암 거푸집 일괄
240,이화 개국공신녹권
241,산청 석남암사지 석조비로자나불좌상
242,산청 석남암사지 석조비로자나불좌상 납
243,감지은니 묘법연화경
244,감지금니 대방광불화엄경보현행원품
245,경주 장항리 서 오층석탑
246,고산구곡시화도 병풍
247,소원화개첩
248,송시열 초상
249,윤두서 자화상
250,초조본 대반야바라밀다경 권249
251,울진 봉평리 신라비
252,초조본 현양성교론 권11
253,초조본 유가사지론 권17
254,초조본 신찬일체경원품차록 권20
255,초조본 대보적경 권59
256,공주 의당 금동보살입상
257,조선방역지도
258,동궐도(1989)
259,동궐도(1995)
260,이원길 개국원종공신녹권
261,초조본 대승아비달마잡집론 권14
262,청자 음각‘효문’명 연화문 매병
263,청자 양각연화당초상감모란문 은테 발
264,청자 음각연화문 유개매병
265,전 덕산 청동방울 일괄
266,초조본 대방광불화엄경 주본 권1
267,초조본 대방광불화엄경 주본 권29
268,백자 청화죽문 각병
269,분청사기 상감운룡문 항아리
270,분청사기 박지철채모란문 자라병
271,백자 유개항아리
272,백자 달항아리(1991)
273,백자 청화산수화조문 항아리
274,포항 냉수리 신라비
275,초조본 대방광불화엄경 주본 권13
276,"초조본 대방광불화엄경 주본 권2,75"
277,초조본 아비달마식신족론 권12
278,"초조본 아비담비바사론 권11, 17"
279,초조본 불설최상근본대락금강불공삼매대교
280,청자 모자원숭이모양 연적
281,초조본 현양성교론 권12
282,초조본 유가사지론 권32
283,초조본 유가사지론 권15
284,도기 기마인물형 뿔잔
285,초조본 유가사지론 권53
286,초조본 대방광불화엄경 주본 권36
287,초조본 대방광불화엄경 주본 권74
288,성거산 천흥사명 동종
289,백자 병형 주전자
290,영주 흑석사 목조아미타여래좌상 및 복
291,통감속편
292,"초조본 대반야바라밀다경 권162, 1"
293,울주 대곡리 반구대 암각화
294,백자 ‘천’ ‘지’ ‘현’ ‘황‘명 
295,백제 금동대향로
296,부여 능산리사지 석조사리감
297,익산 왕궁리 오층석탑
298,양산 통도사 대웅전 및 금강계단
299,용감수경 권3~4
300,평창 상원사 중창권선문
301,부여 규암리 금동관음보살입상
302,백자 청화철채동채초충문 병
303,나주 신촌리 금동관
304,칠장사 오불회 괘불탱
305,안심사 영산회 괘불탱
306,갑사 삼신불 괘불탱
307,신원사 노사나불 괘불탱
308,장곡사 미륵불 괘불탱
309,화엄사 영산회 괘불탱
310,청곡사 영산회 괘불탱
311,승정원일기
312,여수 진남관
313,통영 세병관
314,삼국유사 권3~5
315,삼국유사
316,삼국유사 권1~2
317,삼국유사 권4~5
318,태안 동문리 마애삼존불입상
319,해남 대흥사 북미륵암 마애여래좌상
320,백자 달항아리(2007-1)
321,백자 달항아리(2007-2)
322,안동 봉정사 대웅전
323,경주 남산 칠불암 마애불상군
324,강진 무위사 극락전 아미타여래삼존벽화
325,순천 송광사 화엄경변상도
326,문경 봉암사 지증대사탑비
327,완주 화암사 극락전
328,조선태조어진
329,포항 중성리 신라비
330,동의보감(2015-1)
331,동의보감(2015-2)
332,동의보감(2015-3)
333,월인천강지곡 권상
334,문경 대승사 목각아미타여래설법상
335,삼국사기(2018-1)
336,삼국사기(2018-2)
337,논산 관촉사 석조미륵보살입상
338,이제 개국공신교서
339,기사계첩
340,청자 ‘순화4년’명 항아리
341,부여 왕흥사지 출토 사리기
342,예천 용문사 대장전과 윤장대
343,공주 충청감영 측우기
344,대구 경상감영 측우대
345,창덕궁 이문원 측우대
346,정선 정암사 수마노탑
347,합천 해인사 건칠희랑대사좌상
348,기사계첩 및 함
349,이십공신회맹축-보사공신녹훈후
350,구례 화엄사 목조비로자나삼신불좌상
351,청양 장곡사 금동약사여래좌상 및 복장
352,합천 해인사 법보전 목조비로자나불좌상
353,합천 해인사 대적광전 목조비로자나불좌
354,익산 미륵사지 서탑 출토 사리장엄구
355,이순신 장검
356,부안 내소사 동종
357,삼척 죽서루
358,밀양 영남루
359,순천 송광사 영산회상도 및 팔상도
360,합천 해인사 영산회상도
361,김천 직지사 석가여래삼불회도
362,공주 마곡사 오층석탑
363,곡성 태안사 적인선사탑
364,부여 무량사 미륵불 괘불도
365,영천 청제비
366,서산 보원사지 오층석탑
367,예천 개심사지 오층석탑
368,서울 흥인지문
369,옛 보신각 동종
370,서울 원각사지 대원각사비
371,안양 중초사지 당간지주
372,여주 고달사지 원종대사탑비
373,여주 고달사지 원종대사탑
374,여주 고달사지 석조대좌
375,용인 서봉사지 현오국사탑비
376,강화 장정리 오층석탑
377,사인비구 제작 동종 - 포항 보경사 
378,사인비구 제작 동종 - 문경 김룡사 
379,사인비구 제작 동종 - 홍천 수타사 
380,사인비구 제작 동종 - 안성 청룡사 
381,사인비구 제작 동종 - 서울 화계사 
382,사인비구 제작 동종 - 통도사 동종
383,사인비구 제작 동종 - 의왕 청계사 
384,사인비구 제작 동종 - 강화 동종
385,하남 동사지 오층석탑
386,하남 동사지 삼층석탑
387,수원 창성사지 진각국사탑비
388,보은 법주사 사천왕 석등
389,충주 억정사지 대지국사탑비
390,충주 정토사지 법경대사탑비
391,청양 서정리 구층석탑
392,보령 성주사지 오층석탑
393,보령 성주사지 중앙 삼층석탑
394,부여 당 유인원 기공비
395,김제 금산사 노주
396,김제 금산사 석련대
397,김제 금산사 혜덕왕사탑비
398,김제 금산사 오층석탑
399,김제 금산사 금강계단
400,김제 금산사 육각 다층석탑
401,김제 금산사 당간지주
402,김제 금산사 심원암 삼층석탑
403,남원 만복사지 오층석탑
404,남원 만복사지 석조대좌
405,남원 만복사지 당간지주
406,남원 실상사 수철화상탑
407,남원 실상사 수철화상탑비
408,남원 실상사 석등
409,남원 실상사 승탑
410,남원 실상사 동·서 삼층석탑
411,남원 실상사 증각대사탑
412,남원 실상사 증각대사탑비
413,남원 실상사 백장암 석등
414,남원 실상사 철조여래좌상
415,남원 용담사지 석조여래입상
416,남원 만복사지 석조여래입상
417,익산 연동리 석조여래좌상
418,익산 고도리 석조여래입상
419,보령 성주사지 서 삼층석탑
420,나주 동점문 밖 석당간
421,나주 북망문 밖 삼층석탑
422,문경 내화리 삼층석탑
423,봉화 서동리 동·서 삼층석탑
424,고령 지산리 당간지주
425,안동 운흥동 오층전탑
426,안동 조탑리 오층전탑
427,안동 안기동 석조여래좌상
428,영주 숙수사지 당간지주
429,영주 영주동 석조여래입상
430,경주 불국사 사리탑
431,경주 서악동 마애여래삼존입상
432,경주 배동 석조여래삼존입상
433,경주 보문사지 석조
434,경주 서악동 삼층석탑
435,경주 석빙고
436,경주 효현동 삼층석탑
437,경주 황남동 효자 손시양 정려비
438,경주 망덕사지 당간지주
439,경주 서악동 귀부
440,함안 대산리 석조삼존상
441,산청 단속사지 동 삼층석탑
442,산청 단속사지 서 삼층석탑
443,양산 통도사 국장생 석표
444,창녕 송현동 마애여래좌상
445,춘천 근화동 당간지주
446,춘천 칠층석탑
447,원주 거돈사지 원공국사탑비
448,홍천 희망리 삼층석탑
449,홍천 희망리 당간지주
450,강릉 한송사지 석조보살좌상
451,강릉 대창리 당간지주
452,강릉 수문리 당간지주
453,강릉 신복사지 석조보살좌상
454,강릉 굴산사지 승탑
455,강릉 굴산사지 당간지주
456,강릉 신복사지 삼층석탑
457,탑산사명 동종
458,영암 도갑사 석조여래좌상
459,대반열반경소 권9~10
460,여주 창리 삼층석탑
461,여주 하리 삼층석탑
462,파주 용미리 마애이불입상
463,제천 사자빈신사지 사사자 구층석탑
464,충주 미륵리 오층석탑
465,충주 미륵리 석조여래입상
466,괴산 원풍리 마애이불병좌상
467,충주 철조여래좌상
468,천안 천흥사지 당간지주
469,당진 안국사지 석조여래삼존입상
470,당진 안국사지 석탑
471,서산 보원사지 석조
472,서산 보원사지 당간지주
473,서산 보원사지 법인국사탑
474,서산 보원사지 법인국사탑비
475,부여 보광사지 대보광선사비
476,부여 정림사지 석조여래좌상
477,(전)광주 성거사지 오층석탑
478,광주 지산동 오층석탑
479,담양 개선사지 석등
480,광양 중흥산성 삼층석탑
481,청도 봉기리 삼층석탑
482,안동 평화동 삼층석탑
483,안동 이천동 마애여래입상
484,영주 석교리 석조여래입상
485,상주 화달리 삼층석탑
486,상주 증촌리 석조여래입상
487,상주 복용동 석조여래좌상
488,상주 증촌리 석조여래좌상
489,경주 굴불사지 석조사면불상
490,경주 율동 마애여래삼존입상
491,경주 보문사지 당간지주
492,경주 남산동 동·서 삼층석탑
493,경주 무장사지 아미타불 조상 사적비
494,경주 무장사지 삼층석탑
495,경주 삼랑사지 당간지주
496,합천 반야사지 원경왕사비
497,합천 월광사지 동·서 삼층석탑
498,광주 증심사 철조비로자나불좌상
499,구례 화엄사 동 오층석탑
500,구례 화엄사 서 오층석탑
501,순천 송광사 경질
502,대구 산격동 연화 운룡장식 승탑
503,경주 남산 미륵곡 석조여래좌상
504,문경 봉암사 지증대사탑
505,서울 문묘 및 성균관<대성전·동무·서
506,서울 동관왕묘
507,서산 개심사 대웅전
508,창녕 관룡사 약사전
509,공주 중동 석조
510,공주 반죽동 석조
511,공주 반죽동 당간지주
512,구례 연곡사 삼층석탑
513,구례 연곡사 현각선사탑비
514,구례 연곡사 동 승탑비
515,구례 연곡사 소요대사탑
516,장흥 보림사 동 승탑
517,장흥 보림사 서 승탑
518,장흥 보림사 보조선사탑
519,장흥 보림사 보조선사탑비
520,함안 방어산 마애약사여래삼존입상
521,유성룡 종가 문적
522,강화 정수사 법당
523,청양 장곡사 상 대웅전
524,춘천 청평사 회전문
525,강릉 오죽헌
526,서울 홍제동 오층석탑
527,정읍 은선리 삼층석탑
528,경주 천군동 동·서 삼층석탑
529,문경 봉암사 삼층석탑
530,화순 쌍봉사 철감선사탑비
531,문경 봉암사 정진대사탑
532,문경 봉암사 정진대사탑비
533,울주 망해사지 승탑
534,청양 장곡사 철조비로자나불좌상 및 석
535,순천 송광사 경패
536,순천 송광사 금동요령
537,사직단 대문
538,강화 전등사 대웅전
539,강화 전등사 약사전
540,여주 신륵사 조사당
541,청양 장곡사 하 대웅전
542,안동 임청각
543,강릉 해운정
544,부여 장하리 삼층석탑
545,부여 무량사 오층석탑
546,경주 남산 용장사곡 삼층석탑
547,경주 남산 용장사곡 석조여래좌상
548,의성 관덕리 삼층석탑
549,칠곡 송림사 오층전탑
550,원주 거돈사지 원공국사탑
551,강릉 보현사 낭원대사탑
552,강릉 보현사 낭원대사탑비
553,청도 운문사 금당 앞 석등
554,부여 석조
555,금동정지원명석가여래삼존입상
556,청양 읍내리 석조여래삼존입상
557,경주 남산 불곡 마애여래좌상
558,경주 남산 신선암 마애보살반가상
559,경주 남산 탑곡 마애불상군
560,의성 관덕동 석사자
561,청도 박곡리 석조여래좌상
562,묘법연화경관세음보살보문품삼현원찬과문
563,대승아비달마잡집론소 권13~14
564,묘법연화경찬술 권1~2
565,금강반야경소개현초 권4~5
566,청도 운문사 동호
567,대전 회덕 동춘당
568,안동 도산서원 전교당
569,안동 도산서원 상덕사 및 삼문
570,창녕 관룡사 대웅전
571,강릉향교 대성전
572,서울 북한산 구기동 마애여래좌상
573,보은 법주사 마애여래의좌상
574,부여 대조사 석조미륵보살입상
575,논산 개태사지 석조여래삼존입상
576,영주 북지리 석조여래좌상(1963-1
577,영주 북지리 석조여래좌상(1963-2
578,영주 가흥동 마애여래삼존상 및 여래좌
579,합천 치인리 마애여래입상
580,철원 도피안사 삼층석탑
581,서천 성북리 오층석탑
582,여주 신륵사 다층석탑
583,여주 신륵사 다층전탑
584,창녕 인양사 조성비
585,여주 신륵사 보제존자석종
586,여주 신륵사 보제존자석종비
587,여주 신륵사 대장각기비
588,여주 신륵사 보제존자석종 앞 석등
589,논산 관촉사 석등
590,부여 무량사 석등
591,군산 발산리 석등
592,서울 장의사지 당간지주
593,익산 미륵사지 당간지주
594,백자 박산형뚜껑 향로
595,분청사기 상감모란문 매병
596,백자 청화투각모란당초문 항아리
597,안동 개목사 원통전
598,대구 동화사 마애여래좌상
599,대구 동화사 비로암 석조비로자나불좌상
600,김천 갈항사지 석조여래좌상
601,의성 고운사 석조여래좌상
602,대구 동화사 비로암 삼층석탑
603,대구 동화사 금당암 동·서 삼층석탑
604,영주 부석사 삼층석탑
605,부산 범어사 삼층석탑
606,칠곡 선봉사 대각국사비
607,포항 보경사 원진국사비
608,합천 청량사 석등
609,대구 동화사 당간지주
610,영주 부석사 당간지주
611,공주 갑사 철당간
612,공주 갑사 승탑
613,대구 산격동 사자 주악장식 승탑
614,남양주 수종사 사리탑 사리장엄구
615,유희춘 미암일기 및 미암집 목판
616,권벌 충재일기
617,근사록(1963)
618,순천 송광사 하사당
619,합천 해인사 석조여래입상
620,합천 청량사 석조여래좌상
621,합천 청량사 삼층석탑
622,임실 진구사지 석등
623,분청사기 상감연화문 편병
624,감지은니 묘법연화경 권1
625,"감지은니 묘법연화경 권2, 4, 5,"
626,감지은니 묘법연화경 권3
627,감지은니 묘법연화경 권7(2007)
628,감지금니 묘법연화경 권6
629,백지은니 대불정여래밀인수증요의제보살만
630,장수향교 대성전
631,곡성 태안사 광자대사탑
632,곡성 태안사 광자대사탑비
633,군산 발산리 오층석탑
634,백지묵서 묘법연화경
635,고창 선운사 금동지장보살좌상
636,고창 선운사 도솔암 금동지장보살좌상
637,남원 광한루
638,여주 고달사지 쌍사자 석등
639,금보
640,금동여래입상(1963)
641,금동보살입상(1963-1)
642,청자 상감포도동자문 매병
643,분청사기 박지철채화문 병
644,청동 은입사 향완
645,정읍 피향정
646,고창 선운사 대웅전
647,부안 내소사 대웅보전
648,부안 개암사 대웅전
649,함양 승안사지 삼층석탑
650,창녕 관룡사 용선대 석조여래좌상
651,김천 청암사 수도암 석조보살좌상
652,김천 청암사 수도암 동·서 삼층석탑
653,강진 월남사지 삼층석탑
654,구례 화엄사 대웅전
655,구례 화엄사 원통전 앞 사자탑
656,해남 대흥사 북미륵암 삼층석탑
657,순천 송광사 약사전
658,순천 송광사 영산전
659,보성 벌교 홍교
660,안동 석빙고
661,안동 하회 양진당
662,김천 청암사 수도암 석조비로자나불좌상
663,전주 풍남문
664,정읍 천곡사지 칠층석탑
665,창녕 석빙고
666,노인 금계일기
667,밀양 소태리 오층석탑
668,강진 월남사지 진각국사비
669,감지금니 묘법연화경 권3~4
670,"백지묵서 묘법연화경 권1, 3"
671,청도 운문사 원응국사비
672,청도 운문사 석조여래좌상
673,청도 운문사 석조사천왕상
674,김천 직지사 석조약사여래좌상
675,해남 대흥사 삼층석탑
676,봉은사 청동 은입사 향완
677,제주 관덕정
678,청도 석빙고
679,칠곡 송림사 오층전탑 사리장엄구
680,이순신 유물 일괄
681,의성 빙산사지 오층석탑
682,금동약사여래입상
683,부여 군수리 석조여래좌상
684,부여 군수리 금동보살입상
685,금동미륵보살반가사유상(1963)
686,하남 하사창동 철조석가여래좌상
687,금동보살입상(1963-2)
688,통도사 청동 은입사 향완(1963)
689,석조비로자나불좌상
690,정지장군 갑옷
691,금령총 금관
692,서봉총 금관
693,청자 철채퇴화삼엽문 매병
694,청자 음각모란 상감보자기문 유개매병
695,부여 외리 문양전 일괄
696,청자 양각갈대기러기문 정병
697,백자 상감모란문 매병
698,청자 상감동채모란문 매병
699,분청사기 상감어문 매병
700,분청사기 상감모란문 반합
701,청자 상감국화모란당초문 모자합
702,달성 도동서원 중정당·사당·담장
703,전 양평 보리사지 대경대사탑
704,감지은니 묘법연화경 권7(1963)
705,합천 영암사지 쌍사자 석등
706,천안 천흥사지 오층석탑
707,홍성 신경리 마애여래입상
708,부여 무량사 극락전
709,칠곡 정도사지 오층석탑
710,원주 영전사지 보제존자탑
711,충주 정토사지 홍법국사탑비
712,제천 월광사지 원랑선사탑비
713,양평 보리사지 대경대사탑비
714,창원 봉림사지 진경대사탑
715,창원 봉림사지 진경대사탑비
716,나주 서성문 안 석등
717,원주 흥법사지 진공대사탑 및 석관
718,감은사지 서 삼층석탑 사리장엄구
719,기축명아미타불비상
720,미륵보살반가사유비상
721,울주 석남사 승탑
722,울주 간월사지 석조여래좌상
723,산청 사월리 석조여래좌상
724,진주 용암사지 승탑
725,의령 보천사지 삼층석탑
726,산청 율곡사 대웅전
727,함양 덕전리 마애여래입상
728,함양 교산리 석조여래좌상
729,거창 양평리 석조여래입상
730,거창 상림리 석조보살입상
731,진주 묘엄사지 삼층석탑
732,하동 쌍계사 승탑
733,합천 백암리 석등
734,울주 청송사지 삼층석탑
735,창덕궁 돈화문
736,창경궁 홍화문
737,창경궁 명정문 및 행각
738,창경궁 옥천교
739,양주 회암사지 선각왕사비
740,양주 회암사지 무학대사탑
741,양주 회암사지 무학대사탑 앞 쌍사자 
742,천안 광덕사 고려사경
743,부산진순절도
744,동래부순절도
745,전등사 철종
746,나주향교 대성전
747,순천 선암사 동·서 삼층석탑
748,여수 흥국사 대웅전
749,남양주 봉선사 동종
750,홍성 고산사 대웅전
751,순천 선암사 승선교
752,금동여래입상(1964)
753,수원 팔달문
754,수원 화서문
755,진천 연곡리 석비
756,단양 향산리 삼층석탑
757,제천 덕주사 마애여래입상
758,천안 삼태리 마애여래입상
759,논산 쌍계사 대웅전
760,당진 영탑사 금동비로자나불삼존좌상
761,경주 양동 무첨당
762,경주 양동 향단
763,경주 독락당
764,안동 하회 충효당
765,경주 기림사 건칠보살반가상
766,청자 투각고리문 의자
767,홍무정운역훈 권3~16
768,제왕운기(1965)
769,삼국유사 권2
770,삼국유사 권3~5
771,백장암 청동 은입사 향로
772,남원 실상사 약수암 목각아미타여래설법
773,남원 선원사 철조여래좌상
774,남원 신계리 마애여래좌상
775,예천 청룡사 석조여래좌상
776,예천 청룡사 석조비로자나불좌상
777,예천 동본리 삼층석탑
778,예천 동본리 석조여래입상
779,군위 인각사 보각국사탑 및 비
780,경산 불굴사 삼층석탑
781,포항 보경사 승탑
782,경산 팔공산 관봉 석조여래좌상
783,괴산 각연사 석조비로자나불좌상
784,부산 범어사 대웅전
785,안성 봉업사지 오층석탑
786,창원 불곡사 석조비로자나불좌상
787,김회련 개국원종공신녹권
788,김회련 고신왕지
789,양양 진전사지 도의선사탑
790,통영 충렬사 팔사품 일괄
791,울산 태화사지 십이지상 사리탑
792,경주 양동 관가정
793,속초 향성사지 삼층석탑
794,양양 선림원지 삼층석탑
795,양양 선림원지 석등
796,양양 선림원지 홍각선사탑비
797,양양 선림원지 승탑
798,안동 봉정사 화엄강당
799,안동 봉정사 고금당
800,안동 의성김씨 종택
801,안동 태사묘 삼공신 유물 일괄
802,청자 구룡형 주전자
803,도기 녹유 탁잔
804,경주 노서동 금팔찌
805,경주 노서동 금귀걸이
806,경주 노서동 금목걸이
807,예천권씨 초간종택 별당
808,제천 장락동 칠층모전석탑
809,유성룡 종가 유물
810,나주 철천리 마애칠불상
811,나주 철천리 석조여래입상
812,원주 흥법사지 진공대사탑비
813,원주 흥법사지 삼층석탑
814,영천 신월리 삼층석탑
815,밀양 만어사 삼층석탑
816,밀양 표충사 삼층석탑
817,밀양 숭진리 삼층석탑
818,구미 낙산리 삼층석탑
819,구미 도리사 석탑
820,양산 통도사 봉발탑
821,의령 보천사지 승탑
822,산청 법계사 삼층석탑
823,함양 벽송사 삼층석탑
824,안동 소호헌
825,이이 남매 화회문기
826,갑사 동종
827,합천 영암사지 삼층석탑
828,해남 윤씨 가전 고화첩 일괄
829,윤선도 종가 문적
830,윤단학 노비허여문기 및 입안
831,김용 호종일기
832,대성지성문선왕전좌도
833,영천 은해사 백흥암 수미단
834,정탁 초상
835,안성 칠장사 혜소국사비
836,합천 영암사지 귀부
837,구미 금오산 마애여래입상
838,양산 용화사 석조여래좌상
839,구미 해평리 석조여래좌상
840,밀양 무봉사 석조여래좌상
841,정탁 문적 - 약포유고 및 고문서
842,고성 옥천사 청동북
843,화천 계성리 석등
844,양양 오색리 삼층석탑
845,울진 구산리 삼층석탑
846,양양 낙산사 칠층석탑
847,하동 쌍계사 대웅전
848,장계 홍패 및 장말손 백패·홍패
849,장말손 초상
850,해남 명량대첩비
851,영광 신천리 삼층석탑
852,담양 객사리 석당간
853,담양 남산리 오층석탑
854,강진 무위사 선각대사탑비
855,예산 삽교읍 석조보살입상
856,구례 논곡리 삼층석탑
857,칠곡 기성리 삼층석탑
858,청주 계산리 오층석탑
859,충주 단호사 철조여래좌상
860,영천 선원동 철조여래좌상
861,영천 은해사 운부암 금동보살좌상
862,숙신옹주 가옥허여문기
863,대구 무술명 오작비
864,합천 해인사 원당암 다층석탑 및 석등
865,창녕 관룡사 석조여래좌상
866,창녕 술정리 서 삼층석탑
867,영천 숭렬당
868,강세황 필 도산서원도
869,"석보상절 권6, 9, 13, 19"
870,"석보상절 권23, 24"
871,석보상절 권11
872,여주이씨 옥산문중 전적 - 사마방목
873,여주이씨 옥산문중 전적
874,여주이씨 옥산문중 유묵 - 해동명적
875,"여주이씨 옥산문중 유묵 - 원조오잠,"
876,김홍도 필 풍속도 화첩
877,제천 청풍 한벽루
878,진도 금골산 오층석탑
879,거창 가섭암지 마애여래삼존입상
880,양평 용문사 정지국사탑 및 비
881,영동 영국사 승탑
882,영동 영국사 삼층석탑
883,영동 영국사 원각국사비
884,영동 영국사 망탑봉 삼층석탑
885,아산 평촌리 석조약사여래입상
886,아산 읍내동 당간지주
887,홍성 오관리 당간지주
888,달성 용연사 금강계단
889,홍천 괘석리 사사자 삼층석탑
890,홍천 물걸리 석조여래좌상
891,홍천 물걸리 석조비로자나불좌상
892,홍천 물걸리 석조대좌
893,홍천 물걸리 석조대좌 및 광배
894,홍천 물걸리 삼층석탑
895,제천 물태리 석조여래입상
896,김정희 종가 유물
897,김정희 종가 유물 일괄
898,이황 필적 - 퇴도선생필법 및 퇴도선
899,이황 필적 - 선조유묵첩
900,권주 종가 고문서
901,주역천견록
902,시용향악보
903,자치통감강목 권19의하
904,안동 예안이씨 충효당
905,달성 태고정
906,도기 배모양 명기
907,도기 신발모양 명기
908,금귀걸이
909,청자 상감운학모란국화문 매병
910,채화칠기
911,청동 진솔선예백장 인장
912,경산 환성사 대웅전
913,여수 흥국사 홍교
914,창녕 영산 만년교
915,평택 심복사 석조비로자나불좌상
916,유근 초상
917,평택 만기사 철조여래좌상
918,윤봉길의사 유품(1972-1)
919,윤봉길의사 유품(1972-2)
920,윤봉길의사 유품(1976)
921,안중근의사 유묵 - 백인당중유태화
922,안중근의사 유묵 - 일일부독서구중생형
923,안중근의사 유묵 - 연년세세화상사세세
924,안중근의사 유묵 - 치악의악식자부족여
925,안중근의사 유묵 - 동양대세사묘현유지
926,안중근의사 유묵 - 견리사의견위수명
927,안중근의사 유묵 - 용공난용연포기재
928,안중근의사 유묵 - 인무원려난성대업
929,안중근의사 유묵 - 오노봉위필삼상작연
930,안중근의사 유묵 - 세한연후지송백지부
931,안중근의사 유묵 - 사군천리망안욕천이
932,안중근의사 유묵 - 장부수사심여철의사
933,안중근의사 유묵 - 박학어문약지이례
934,안중근의사 유묵 - 제일강산
935,안중근의사 유묵 - 청초당
936,안중근의사 유묵 - 고막고어자시
937,안중근의사 유묵 - 인지당
938,안중근의사 유묵 - 인내
939,안중근의사 유묵 - 극락
940,안중근의사 유묵 - 운재
941,안중근의사 유묵 - 욕보동양선개정략시
942,안중근의사 유묵 - 국가안위노심초사
943,안중근의사 유묵 - 위국헌신군인본분
944,안중근의사 유묵 - 천여불수반수기앙이
945,안중근의사 유묵 - 언충신행독경만방가
946,안중근의사 유묵 - 임적선진위장의무
947,안중근의사 유묵 – 인무원려필유근우
948,안중근의사 유묵 – 일통청화공
949,안중근의사 유묵 - 황금백만냥불여일교
950,안중근의사 유묵 - 지사인인살신성인
951,안중근의사 유묵 – 세심대
952,전 고령 일괄 유물
953,여수 통제이공 수군대첩비
954,순천 송광사 고려고문서
955,시천견록 및 서천견록
956,박만정 해서암행일기
957,문경 대승사 목각아미타여래설법상 관계
958,봉업사명 청동북
959,분청사기 상감‘정통5년’명 어문 반형
960,흥국사 대웅전 후불탱
961,괴산 외사리 승탑
962,문경 오층석탑
963,경주 골굴암 마애여래좌상
964,월인석보 목판
965,전주 풍패지관
966,구례 윤문효공 신도비
967,퇴우이선생진적
968,이언적 수고본 일괄 - 속대학혹문
969,이언적 수고본 일괄
970,필암서원 문적 일괄
971,강민첨 초상
972,강현 초상
973,강세황 초상
974,석씨원류응화사적 목판
975,허목 수고본
976,허목 전서 함취당
977,허목 전서 애군우국
978,허목 전서 한간문 등
979,이상좌 불화첩
980,최덕지 초상 및 유지초본
981,자수 초충도 병풍
982,토기 융기문 발
983,도기 말머리장식 뿔잔
984,쌍자총통
985,광주 약사암 석조여래좌상
986,대구 도학동 승탑
987,이이 수고본 격몽요결
988,문무잡과 방목
989,장말손 적개공신교서
990,고령 장기리 암각화
991,문경 도천사지 동·서 삼층석탑
992,문경 도천사지 삼층석탑
993,완주 위봉사 보광명전
994,영양 화천리 삼층석탑
995,영양 현리 삼층석탑
996,고양 태고사 원증국사탑비
997,영월 흥녕사지 징효대사탑비
998,신숙주 초상
999,사천 흥사리 매향비
1000,강화 장정리 석조여래입상
1001,영천향교 대성전
1002,천마총 금제 관식(1978-1)
1003,천마총 금제 관식(1978-2)
1004,천마총 목걸이
1005,천마총 유리잔
1006,천마총 환두대도
1007,천마총 자루솥
1008,황남대총 북분 금팔찌 및 금반지
1009,황남대총 북분 유리잔
1010,황남대총 북분 은제 관식
1011,황남대총 북분 금제 고배
1012,황남대총 북분 은잔
1013,황남대총 북분 금은제 그릇 일괄
1014,황남대총 남분 금제 허리띠
1015,황남대총 남분 금제 관식
1016,황남대총 남분 은관
1017,황남대총 남분 은제 팔뚝가리개
1018,경주 황남동 금제 드리개
1019,경주 황남동 상감 유리구슬
1020,경주 계림로 보검
1021,도기 서수형 명기
1022,도기 바퀴장식 뿔잔
1023,기사계첩
1024,인천안목(1978)
1025,선종영가집(1978)
1026,고구려 평양성 석편
1027,금동미륵보살반가사유상(1978)
1028,백자 청화송죽인물문 항아리
1029,백자 철화운룡문 항아리
1030,청자 상감‘상약국’명 음각운룡문 합
1031,천자총통
1032,승자총통
1033,세종시 연화사 무인명불비상 및 대좌
1034,세종시 연화사 칠존불비상
1035,연안이씨 종중 문적
1036,이형상 수고본
1037,자수 사계분경도
1038,자수가사
1039,칠곡 노석리 마애불상군
1040,충주 청룡사지 보각국사탑 앞 사자 석
1041,서울 삼천사지 마애여래입상
1042,충주 청룡사지 보각국사탑비
1043,백자 청화매조죽문 병
1044,최희량 임란 관련 고문서
1045,상주 석조천인상
1046,완주 화암사 우화루
1047,청주 안심사 대웅전
1048,경주 낭산 마애보살삼존좌상
1049,경주 남산 삼릉계 석조여래좌상
1050,예천 한천사 철조비로자나불좌상
1051,권응수장군 유물
1052,정기룡 유물
1053,곽재우 유물 일괄
1054,김덕원묘 출토 의복 일괄
1055,달성 현풍 석빙고
1056,영덕 유금사 삼층석탑
1057,영천 화남리 삼층석탑
1058,영천 화남리 석조여래좌상
1059,청도 장연사지 동·서 삼층석탑
1060,청도 운문사 동·서 삼층석탑
1061,김천 광덕리 석조보살입상
1062,영주 신암리 마애여래삼존상
1063,영주 흑석사 석조여래좌상
1064,군위 지보사 삼층석탑
1065,상주 상오리 칠층석탑
1066,대방광불화엄경 진본 권4
1067,대방광불화엄경 진본 권28
1068,대방광불화엄경 주본 권66
1069,"대방광불화엄경 주본 권17, 52"
1070,대방광불화엄경 정원본 권7
1071,대방광불화엄경 주본 권6
1072,불정심관세음보살대다라니경(1981)
1073,묘법연화경 권7(1981-1)
1074,묘법연화경 권7(1981-2)
1075,묘법연화경(1981)
1076,불조삼경(1981-1)
1077,불조삼경(2012)
1078,불조삼경(2023)
1079,불조삼경(1981-2)
1080,금강반야바라밀경(1981-1)
1081,나옹화상어록 및 나옹화상가송
1082,대불정여래밀인수증요의제보살만행수능엄경
1083,대불정여래밀인수증요의제보살만행수능엄경
1084,선림보훈(1981)
1085,선림보훈(2017)
1086,불설장수멸죄호제동자경
1087,호법론
1088,장승법수(1981-1)
1089,장승법수(2012)
1090,장승법수(1981-2)
1091,불설대보부모은중경(1981)
1092,중용주자혹문(1981-1)
1093,중용주자혹문(1981-2)
1094,급암선생시집
1095,설곡시고
1096,"동인지문사육 권1~3, 4~6, 10"
1097,동인지문사육 권1~6
1098,동인지문사육 권10~12
1099,동인지문사육 권13~15
1100,동인지문사육 권7~9(1981)
1101,동인지문사육 권7~9(2001)
1102,김중만 초상
1103,김길통 좌리공신교서
1104,주세붕 초상
1105,전주이씨 고림군파 종중 문서 일괄
1106,원각류해 권3
1107,금강반야경소론찬요조현록(1981)
1108,금강반야경소론찬요조현록(2012)
1109,금강반야바라밀경
1110,삼국사기 권44~50
1111,성주도씨 종중 문서 일괄
1112,남원양씨 종중 문서 일괄
1113,장관 개국원종공신녹권
1114,남양전씨 종중 문서 일괄
1115,설씨부인 권선문
1116,예천 용문사 감역교지
1117,울진 불영사 응진전
1118,의령 보리사지 금동여래입상
1119,조대비 사순칭경진하도 병풍
1120,헌종가례진하도 병풍(1982)
1121,헌종가례진하도 병풍(2011)
1122,합천 해인사 고려목판
1123,영주 부석사 고려목판
1124,정명경집해관중소 권3~4
1125,불조역대통재
1126,문수사리보살최상승무생계경
1127,고희 초상 및 문중유물
1128,감지은니 보살선계경 권8
1129,전 대구 동화사 비로암 삼층석탑 납석
1130,삼존불비상
1131,정조 필 파초도
1132,정조 필 국화도
1133,월인석보 권1~2
1134,"월인석보 권7, 8"
1135,"월인석보 권9, 10"
1136,"월인석보 권13, 14"
1137,월인석보 권17~18
1138,월인석보 권21
1139,월인석보 권22
1140,월인석보 권23
1141,월인석보 권25
1142,월인석보 권15
1143,월인석보 권20
1144,성석린 고신왕지
1145,최문병 의병장 안장
1146,서울 경국사 목각아미타여래설법상
1147,고양 태고사 원증국사탑
1148,원주 거돈사지 삼층석탑
1149,감지은니 대방광불화엄경 정원본 권34
1150,감지금니 대방광불화엄경입불사의해탈경계
1151,상지금니 대방광원각수다라요의경
1152,감지은니 대방광불화엄경 주본 권37
1153,감지은니 대방광불화엄경 주본 권5~6
1154,감지금니 대불정여래밀인수증요의제보살만
1155,감지금니대방광불화엄경 주본 권46
1156,남명천화상송증도가(1984)
1157,남명천화상송증도가(2012)
1158,대불정여래밀인수증요의제보살만행수능엄경
1159,대불정여래밀인수증요의제보살만행수능엄경
1160,대불정여래밀인수증요의제보살만행수능엄경
1161,대불정여래밀인수증요의제보살만행수능엄경
1162,대불정여래밀인수증요의제보살만행수능엄경
1163,대불정여래밀인수증요의제보살만행수능엄경
1164,대불정여래밀인수증요의제보살만행수능엄경
1165,묘법연화경 권4~7(1984)
1166,묘법연화경 권4~7(2010)
1167,몽산화상법어약록(언해)(1984-1)
1168,몽산화상법어약록(언해)(1984-2)
1169,몽산화상법어약록(언해)(1993)
1170,몽산화상법어약록(언해)(2017)
1171,몽산화상법어약록(언해)(1984-3)
1172,목우자수심결(언해)(1984)
1173,반야바라밀다심경약소(언해)
1174,"금강경삼가해 권1, 5"
1175,"금강경삼가해 권2, 3, 4, 5"
1176,금강경삼가해 권1
1177,금강경삼가해 권2
1178,선종영가집(언해)(1984)
1179,선종영가집(언해)(2010)
1180,선종영가집(언해)(2017)
1181,금강반야바라밀경(1984)
1182,환두대도
1183,금동 자물쇠 일괄
1184,청동 은입사 포류수금문 향완
1185,금동여래입상(1984)
1186,금동보살입상(1984)
1187,금동용두토수
1188,김홍도 필 병진년 화첩
1189,김시 필 동자견려도
1190,지장도
1191,백자 청화운룡문 병(1984-1)
1192,백자 청화운룡문 병(1984-2)
1193,분청사기 철화어문 항아리
1194,백자 청화잉어문 항아리
1195,청자 쌍사자형 베개
1196,영천 은해사 백흥암 극락전
1197,백자 상감모란잎문 편병
1198,이상길 초상
1199,평창 상원사 목조문수동자좌상 복장유물
1200,예산 화전리 석조사면불상
1201,장흥 천관사 삼층석탑
1202,화순 운주사 구층석탑
1203,화순 운주사 석조불감
1204,화순 운주사 원형 다층석탑
1205,공주 마곡사 영산전
1206,공주 마곡사 대웅보전
1207,공주 마곡사 대광보전
1208,고창 선운사 참당암 대웅전
1209,순천 정혜사 대웅전
1210,대구 북지장사 지장전
1211,백자 반합
1212,백자 상감모란문 병
1213,금동탄생불입상
1214,경복궁 자경전
1215,경복궁 자경전 십장생굴뚝
1216,경복궁 아미산 굴뚝
1217,경복궁 근정문 및 행각
1218,창덕궁 인정문
1219,창덕궁 선정전
1220,창덕궁 희정당
1221,창덕궁 대조전
1222,창덕궁 선원전
1223,창경궁 통명전
1224,덕수궁 중화전 및 중화문
1225,덕수궁 함녕전
1226,종묘 영녕전
1227,이천 영월암 마애여래입상
1228,안성 석남사 영산전
1229,안성 청룡사 대웅전
1230,익산 숭림사 보광전
1231,김제 귀신사 대적광전
1232,김제 금산사 대장전
1233,김제 금산사 석등
1234,강진 금곡사 삼층석탑
1235,영광 불갑사 대웅전
1236,순천 동화사 삼층석탑
1237,영주 성혈사 나한전
1238,경주 기림사 대적광전
1239,청도 대비사 대웅전
1240,청도 운문사 대웅보전
1241,청도 대적사 극락전
1242,복각천상열차분야지도 각석
1243,서울 청계천 수표
1244,신법 지평일구(1985-1)
1245,신법 지평일구(1985-2)
1246,간평일구·혼개일구
1247,관상감 측우대
1248,앙부일구
1249,창경궁 풍기대
1250,경복궁 풍기대
1251,보은 법주사 신법 천문도 병풍
1252,곤여만국전도
1253,대동여지도(1985)
1254,대동여지도(2002)
1255,대동여지도(2008)
1256,창경궁 관천대
1257,휴대용 앙부일구
1258,수선전도 목판
1259,세총통
1260,차승자총통
1261,소총통
1262,대완구
1263,중완구(1986-1)
1264,중완구(1986-2)
1265,비격진천뢰
1266,불랑기자포(1986)
1267,불랑기자포(2012)
1268,지자총통(1986-1)
1269,지자총통(1986-2)
1270,민간 목활자 및 인쇄용구
1271,이기룡 필 남지기로회도
1272,독서당계회도
1273,성세창 제시 미원계회도
1274,성세창 제시 하관계회도
1275,호조낭관계회도
1276,연정계회도
1277,이현보 초상
1278,정선 필 육상묘도
1279,이충원 호성공신교서
1280,상교정본자비도량참법 권7∼10
1281,상교정본자비도량참법 권1~3
1282,상교정본자비도량참법 권3
1283,상교정본자비도량참법 권6
1284,상교정본자비도량참법 권4∼7
1285,상교정본자비도량참법 권1∼5
1286,재령이씨 영해파 종가 고문서
1287,금강반야바라밀경(1986)
1288,대동운부군옥목판 및 고본
1289,권문해 초간일기
1290,이탁영 정만록
1291,장말손 유품
1292,곤여전도 목판
1293,지구의
1294,삼안총
1295,현자총통(1986)
1296,황자총통
1297,감지금니 대반야바라밀다경 권175
1298,종문원상집
1299,영가진각대사증도가(1986)
1300,주인왕호국반야경 권1~4
1301,대방광불화엄경소 권42
1302,"대방광불화엄경소 권28~30, 권10"
1303,대방광원각약소주경 권상(1986)
1304,주범망경(1986)
1305,주범망경(2007)
1306,제왕운기(1986)
1307,권벌 종가 전적
1308,조흡 고신왕지(1986-1)
1309,조흡 고신왕지(1986-2)
1310,조흡 사패왕지
1311,부안김씨 종중 고문서 일괄
1312,권벌 종가 고문서
1313,권벌 종가 유묵
1314,청자 상감매죽학문 매병(1986)
1315,고대 그리스 청동 투구
1316,김성일 종가 전적
1317,김성일 종가 고문서
1318,경주 남사리 삼층석탑
1319,경주 용명리 삼층석탑
1320,경주 남간사지 당간지주
1321,경주 보문사지 연화문 당간지주
1322,경주 석굴암 삼층석탑
1323,경주 마동 삼층석탑
1324,경주 남산 용장사지 마애여래좌상
1325,정읍 보화리 석조이불입상
1326,보은 법주사 대웅보전
1327,보은 법주사 원통보전
1328,배자예부운략 목판
1329,묘법연화경 권7(1987)
1330,범망경 및 금강반야바라밀경
1331,불설대보부모은중경(1987)
1332,진실주집(1987)
1333,진실주집(2015)
1334,상주 남장사 보광전 목각아미타여래설법
1335,상주 남장사 관음선원 목각아미타여래설
1336,천은사 극락전 아미타후불탱화
1337,쌍계사 팔상전 영산회상도
1338,수월관음보살도
1339,금동관음보살입상
1340,남양주 봉인사 부도암지 사리탑 및 사
1341,이경석 궤장 및 사궤장 연회도 화첩
1342,영조어진
1343,지장보살본원경(1987)
1344,목우자수심결 및 사법어(언해)
1345,"월인석보 권11, 12"
1346,묘법연화경 권6~7(1987-1)
1347,묘법연화경 권6~7(1987-2)
1348,상교정본자비도량참법 권10
1349,대방광원각약소주경 권상의2(1987)
1350,대불정여래밀인수증요의제보살만행수능엄경
1351,백지묵서 지장보살본원경
1352,선조어서사 송언신 밀찰첩 및 송언신 
1353,선조어서사 송언신 밀찰첩 및 송언신 
1354,황진가 고문서
1355,보성 우천리 삼층석탑
1356,보성 유신리 마애여래좌상
1357,순천 금둔사지 삼층석탑
1358,순천 금둔사지 석조불비상
1359,해남 미황사 대웅전
1360,대불정여래밀인수증요의제보살만행수능엄경
1361,대불정여래밀인수증요의제보살만행수능엄경
1362,예념미타도량참법
1363,묘법연화경 권5~7(1988-1)
1364,선조국문유서
1365,이광악 선무공신교서
1366,조숭 고신왕지
1367,조서경 무과홍패
1368,순천 선암사 삼층석탑 사리장엄구
1369,곡성 태안사 청동 대바라
1370,김일손 거문고
1371,경주 기림사 소조비로자나삼불좌상
1372,경주 기림사 소조비로자나불 복장전적
1373,묘법연화경(1988)
1374,묘법연화경 권4~7(1988)
1375,묘법연화경 권4~7(2013)
1376,묘법연화경 권4~7(2014)
1377,묘법연화경 권6~7(1988)
1378,대방광원각약소주경 권하
1379,대방광불화엄경소 권41
1380,육경합부(1988-1)
1381,육경합부(2006)
1382,지장보살본원경(1988)
1383,상설고문진보대전전집 권7~8
1384,묘법연화경 권3
1385,재조본 유가사지론 권64
1386,대방광원각수다라요의경(언해) 권상1의
1387,묘법연화경 권5~7(1988-2)
1388,재조본 유가사지론 권55
1389,대불정여래밀인수증요의제보살만행수능엄경
1390,금강반야바라밀경(1988)
1391,삼십분공덕소경
1392,상지은니 묘법연화경 권5~6
1393,묘법연화경 권7(1988)
1394,백지금니 대방광불화엄경 주본 권29
1395,공주 서혈사지 석조여래좌상
1396,화성 봉림사 목조아미타여래좌상
1397,하남 교산동 마애약사여래좌상
1398,이천 장암리 마애보살반가상
1399,안성 봉업사지 석조여래입상
1400,영동 신항리 석조여래삼존입상
1401,청주 용화사 석조불상군
1402,청양 운장암 금동관음보살좌상
1403,당진 신암사 금동여래좌상
1404,군위 대율리 석조여래입상
1405,예천 용문사 목조아미타여래삼존좌상
1406,예천 용문사 목각아미타여래설법상
1407,상주 남장사 철조비로자나불좌상
1408,문경 대승사 금동관음보살좌상
1409,대구 파계사 건칠관음보살좌상 및 복장
1410,영덕 장륙사 건칠관음보살좌상
1411,강화 백련사 철조아미타여래좌상
1412,봉화 축서사 석조비로자나불좌상 및 목
1413,영주 비로사 석조아미타여래좌상
1414,영주 비로사 석조비로자나불좌상
1415,봉화 북지리 석조반가상
1416,양산 미타암 석조아미타여래입상
1417,서울 승가사 석조승가대사좌상
1418,양산이씨 종가 고문서
1419,권주 종가 문적
1420,조정 임진란기록 일괄
1421,조정 종가 문적(1989)
1422,조정 종가 문적(1991)
1423,장말손 종가 고문서
1424,이종주 고신왕지 및 이임 무과홍패
1425,조헌 관련 유품
1426,함양박씨 정랑공파 문중 전적
1427,능성 쌍봉사 감역교지
1428,"묘법연화경(언해) 권1, 3, 4, "
1429,"묘법연화경(언해) 권1, 4"
1430,지장보살본원경(1989)
1431,몽산화상법어약록(언해)(1989)
1432,대방광불화엄경소 권68
1433,진실주집(1989)
1434,인천안목(1989)
1435,대방광원각약소주경 권상의2(1989)
1436,"대방광불화엄경 진본 권15, 주본 권"
1437,광산김씨 예안파 종가 고문서
1438,광산김씨 예안파 종가 전적
1439,김광려 삼남매 화회문기
1440,청자 상감동채연화당초용문 병
1441,청자 음각‘상약국’명 운룡문 합
1442,청자 양각연화당초 상감운학문 완
1443,청자 복숭아모양 연적
1444,청자 양각도철문 방형 향로
1445,청자 구룡형뚜껑 향로
1446,청자 음각연화당초문 항아리
1447,청자 상감모란문 주전자
1448,청자 상감운학문 화분
1449,청자 양각연지어문 화형 접시
1450,청자 음각연화당초 상감국화문 완
1451,청자 상감운학국화문 표주박모양 주전자
1452,청자 상감연판문 매병
1453,청자 음각운문 병
1454,청자 상감앵무문 표주박모양 주전자
1455,청자 음각국화당초문 완
1456,청자 철채양각연판문 병
1457,청자 상감모란문 발우 및 접시
1458,구례 화엄사 화엄석경
1459,통도사 영산전 팔상도
1460,통도사 대광명전 삼신불도
1461,순천 송광사 십육조사진영
1462,순천 선암사 대각국사 의천 진영
1463,신해생갑회지도
1464,화개현구장도
1465,금동대세지보살좌상
1466,지장시왕도(1990)
1467,대불정여래밀인수증요의제보살만행수능엄경
1468,불설아미타경(언해)
1469,분류두공부시(언해) 권13
1470,분류두공부시(언해) 권11~12
1471,분류두공부시(언해) 권21
1472,분류두공부시(언해) 권17~19
1473,분류두공부시(언해) 권11
1474,천태사교의
1475,진언권공(언해)
1476,백자 병
1477,백자 태항아리
1478,백자 청화철화삼산뇌문 산뢰
1479,백자 청화 ‘망우대’명 초충문 접시
1480,백자 청화칠보난초문 병
1481,백자 청화초화문 필통
1482,백자 철화끈무늬 병
1483,백자 철채 뿔잔
1484,분청사기 철화당초문 장군
1485,백자 청화매월십장생문 팔각접시
1486,백자 청화운룡문 항아리
1487,백자 태항아리 및 태지석(1991)
1488,백자 청화화조문 팔각통형 병
1489,분청사기 상감연화당초문 병
1490,분청사기 상감모란당초문 유개항아리
1491,분청사기 음각수조문 편병
1492,분청사기 박지모란문 장군
1493,청자 유개항아리
1494,초조본 불설우바새오계상경
1495,초조본 아비담팔건도론 권24
1496,초조본 아비달마식신족론 권13
1497,초조본 아비담비바사론 권16
1498,김천리 개국원종공신녹권
1499,"근사록 권1~3, 9~14"
1500,근사록(2006)
1501,한호 필적 - 한석봉증유여장서첩
1502,한호 필적 - 석봉진적첩
1503,한호 필적 - 석봉한호해서첩
1504,홍무예제
1505,대방광원각약소주경 권상(1991)
1506,묘법연화경(1991)
1507,금강반야바라밀경(1991)
1508,대방광불화엄경 정원본 권20
1509,벽역신방
1510,신찬벽온방(1991-1)
1511,신찬벽온방(2006)
1512,언해태산집요(1991-1)
1513,언해태산집요(1991-2)
1514,동인지문오칠 권7~9
1515,권근 응제시주(1991)
1516,권근 응제시주(2005)
1517,제왕운기(1991)
1518,제왕운기(2011)
1519,불설장수멸죄호제동자다라니경
1520,불과환오선사벽암록
1521,인천안목(1991)
1522,화성 봉림사 목조아미타불좌상 복장전적
1523,오희문 쇄미록
1524,염제신 초상
1525,감지은니 미륵삼부경
1526,감지금니 미륵하생경
1527,상지은니 불설보우경 권2
1528,상지은니 대반야바라밀다경 권305
1529,상지은니 대지도론 권28
1530,감지은니 대방광불화엄경 진본 권13
1531,지장보살본원경(1991)
1532,수륙무차평등재의촬요
1533,"대방광불화엄경소 권84, 100, 1"
1534,묘법연화경 권5~7(1991)
1535,불정심다라니경
1536,임고서원 전적
1537,정몽주 초상(1991)
1538,정몽주 초상(2011)
1539,"찬도방론맥결집성 권1, 3"
1540,산청 대원사 다층석탑
1541,산청 덕산사 삼층석탑
1542,산청 대포리 삼층석탑
1543,보성 봉천리 오층석탑
1544,화순 유마사 해련탑
1545,순천 선암사 대각암 승탑
1546,영암 성풍사지 오층석탑
1547,창경궁 팔각칠층석탑
1548,양산 신흥사 대광전
1549,성주 금봉리 석조비로자나불좌상
1550,구미 황상동 마애여래입상
1551,남원 개령암지 마애불상군
1552,대방광불화엄경소 권30
1553,불설대보부모은중경(1992)
1554,대방광불화엄경보현행원품별행소
1555,천노해 금강반야바라밀경
1556,"대방광불화엄경소 권21, 24"
1557,대불정다라니
1558,약사유리광여래본원공덕경
1559,범망경노사나불설보살심지계품 제10의하
1560,백운화상초록불조직지심체요절
1561,원균 선무공신교서
1562,영암 도갑사 목조문수·보현동자상
1563,조온 사패왕지
1564,입학도설(1992)
1565,입학도설(2011)
1566,상지은니 대방광불화엄경 정원본 권4
1567,감지금니 묘법연화경 권7
1568,백지묵서 묘법연화경 권7
1569,묘법연화경(언해) 권3
1570,예천 한천사 금동 자물쇠 및 쇠북
1571,선문삼가염송집 권1
1572,상교정본자비도량참법 권4~6
1573,예념미타도량참법 권6~10(1992)
1574,묘법연화경 권1
1575,대방광불화엄경 정원본 권24
1576,"묘법연화경 권3~4, 5~7(1993"
1577,묘법연화경 권1~2
1578,묘법연화경 권5~7(2016)
1579,법집별행록절요병입사기(1993)
1580,신간표제공자가어구해
1581,청동 옻칠 발걸이
1582,경주 죽동리 청동기 일괄
1583,묘법연화경 권1~3
1584,대방광불화엄경 정원본 권31
1585,재조본 경률이상 권1
1586,재조본 경률이상 권8
1587,성리대전서절요(1993)
1588,성리대전서절요(2004)
1589,고금운회거요 권27~30
1590,음주전문춘추괄례시말좌전구독직해 권62
1591,진충귀 개국원종공신녹권
1592,진충귀 고신왕지
1593,묘법연화경삼매참법 권하
1594,선종영가집(언해) 권하
1595,묘법연화경 권3~4(1993)
1596,"묘법연화경 권3~4, 5~7(2014"
1597,"예념미타도량참법 권3~4, 7~8"
1598,예념미타도량참법 권1∼5
1599,여주 출토 동종
1600,청주 운천동 출토 동종
1601,청자 상감매죽학문 매병(1993)
1602,백자 태항아리 및 태지석(1993)
1603,대방광원각약소주경 권하의2
1604,이중로 정사공신교서 및 초상 - 이중
1605,이중로 정사공신교서 및 초상 - 이중
1606,심대 호성공신교서
1607,유수 초상
1608,오명항 초상 및 양무공신교서
1609,향약제생집성방 권6
1610,태산요록
1611,신응경
1612,태인 고현동 향약
1613,인제 백담사 목조아미타여래좌상 및 복
1614,해남 미황사 응진당
1615,순천 선암사 북 승탑
1616,순천 선암사 동 승탑
1617,(전)구미 강락사지 삼층석탑
1618,제주 불탑사 오층석탑
1619,경주 남산 천룡사지 삼층석탑
1620,박문수 초상(1994)
1621,박문수 초상(2006)
1622,오자치 초상
1623,초조본 대방광불화엄경 주본 권30
1624,대방광불화엄경 진본 권38
1625,상교정본자비도량참법 권1~5
1626,상교정본자비도량참법 권6～10
1627,상교정본자비도량참법
1628,묘법연화경 권2
1629,대불정여래밀인수증요의제보살만행수능엄경
1630,묘법연화경(1994)
1631,묘법연화경 권4~7(2016)
1632,기묘제현수필
1633,기묘제현수첩
1634,유숙 필 매화도
1635,고창 선운사 동불암지 마애여래좌상
1636,울진 불영사 대웅보전
1637,이현보 종가 문적
1638,오운 종가 문적
1639,의겸 등 필 수월관음도
1640,"초조본 대방광불화엄경 주본 권67, "
1641,초조본 십주비바사론 권17
1642,산거사요
1643,춘추경좌씨전구해 권60~70(1994
1644,춘추경좌씨전구해 권60~70(2011
1645,우주두율
1646,청량산 괘불탱
1647,반야바라밀다심경약소
1648,이운룡 선무공신교서 및 관련 고문서
1649,밀양 천황사 석조비로자나불좌상
1650,파계사 영산회상도
1651,이색 초상 - 목은영당본
1652,이색 초상 - 영모영당본
1653,이색 초상 - 누산영당본
1654,이색 초상 - 대전영당본
1655,손소 초상
1656,신편산학계몽 권중
1657,둔촌잡영
1658,"대방광원각수다라요의경 권상1의2,하1"
1659,"대방광원각수다라요의경 권상2의2, 권"
1660,대방광원각수다라요의경(언해) 권하1의
1661,대방광원각수다라요의경(언해) 권상1의
1662,명안공주 관련 유물
1663,김진 초상
1664,법집별행록절요병입사기(1995)
1665,법집별행록절요병입사기(2013)
1666,집주금강반야바라밀경 권하
1667,불조삼경(1995)
1668,불조삼경(2007)
1669,묘법연화경 권7(언해)
1670,조흡 고신왕지(1995)
1671,식물본초
1672,청자 음각용문 주전자
1673,분청사기 음각연화문 편병
1674,백자 상감연화당초문 병
1675,백자 철화운죽문 항아리
1676,진주 청곡사 목조제석천·대범천의상
1677,현자총통(1995)
1678,의방유취 권201
1679,향약제생집성방 권4~5
1680,구급간이방 권6(1996)
1681,구급간이방 권6(2006)
1682,밀성박씨 삼우정파 종중 고문서
1683,아미타여래도
1684,감로탱화
1685,묘법연화경 권3~4(1996)
1686,예념미타도량참법 권6~10(1996)
1687,합천 해인사 길상탑
1688,완주 송광사 대웅전
1689,완주 송광사 종루
1690,백범일지1929년(상권)1943년(하
1691,천안 광덕사 감역교지
1692,천안 광덕사 조선사경
1693,대불정여래밀인수증요의제보살만행수능엄경
1694,간이벽온방(언해)(1997)
1695,세의득효방 권10~11
1696,상교정본자비도량참법 권9~10(199
1697,해인사 동종
1698,장흥 보림사 목조사천왕상
1699,완주 송광사 소조사천왕상
1700,칠장사 삼불회 괘불탱
1701,청룡사 영산회 괘불탱
1702,보살사 영산회 괘불탱
1703,법주사 괘불탱
1704,마곡사 석가모니불 괘불탱
1705,광덕사 노사나불 괘불탱
1706,용봉사 영산회 괘불탱
1707,수덕사 노사나불 괘불탱
1708,개심사 영산회 괘불탱
1709,금당사 괘불탱
1710,안국사 영산회 괘불탱
1711,내소사 영산회 괘불탱
1712,개암사 영산회 괘불탱 및 초본
1713,은해사 괘불탱
1714,수도사 노사나불 괘불탱
1715,불영사 영산회상도
1716,완주 송광사 소조석가여래삼불좌상 및 
1717,인제 한계사지 남 삼층석탑
1718,인제 한계사지 북 삼층석탑
1719,동해 삼화사 삼층석탑
1720,북장사 영산회 괘불탱
1721,죽림사 세존 괘불탱
1722,포항 오어사 동종
1723,자치통감 권236~238
1724,"자치통감 권131~135, 246~2"
1725,자치통감 권193~195
1726,자치통감 권226～229
1727,자치통감 권57~60
1728,자치통감 권129~132
1729,자치통감 권266∼270
1730,최유련 개국원종공신녹권
1731,영암 월출산 용암사지 삼층석탑
1732,공주 청량사지 오층석탑
1733,공주 청량사지 칠층석탑
1734,수월관음도(1998)
1735,지장보살삼존도
1736,여수 타루비
1737,이윤손 유서
1738,진산세고
1739,대악후보
1740,동해 삼화사 철조노사나불좌상
1741,공주 계룡산 중악단
1742,괴산 각연사 통일대사탑비
1743,제천 신륵사 삼층석탑
1744,선종영가집(1999)
1745,조영복 초상
1746,괴산 보안사 삼층석탑
1747,합천 해인사 홍제암
1748,합천 해인사 홍제암 사명대사탑 및 석
1749,청룡사 감로탱
1750,백지금니 금강 및 보문발원
1751,유몽인 위성공신교서
1752,김완 초상
1753,묘법연화경(2001)
1754,묘법연화경(2019)
1755,묘법연화경(2022)
1756,고흥 능가사 대웅전
1757,홍진 호성공신교서
1758,영암 엄길리 암각 매향명
1759,나주 불회사 대웅전
1760,순천 선암사 대웅전
1761,강진 무위사 아미타여래삼존좌상
1762,무위사 극락전 백의관음도
1763,무위사 극락전 내벽사면벽화
1764,율곡사 괘불탱
1765,운흥사 괘불탱 및 궤
1766,신·구법천문도
1767,경진년대통력
1768,예념미타도량참법 권7
1769,무예제보번역속집
1770,곡성 가곡리 오층석탑
1771,파주 공효공 박중손묘 장명등
1772,시흥 소래산 마애보살입상
1773,전 낙수정 동종
1774,함창 상원사 사불회탱
1775,석조지장보살좌상
1776,기영회도
1777,백자 청화소상팔경문 팔각연적
1778,예천 용문사 팔상탱
1779,흥국사 노사나불 괘불탱
1780,흥국사 수월관음도
1781,흥국사 십육나한도
1782,화원 우배선 의병진 관련 자료 - 군
1783,화원 우배선 의병진 관련 자료 - 교
1784,대장일람집
1785,고성 건봉사 능파교
1786,고성 육송정 홍교
1787,옥천 용암사 동·서 삼층석탑
1788,오덕사 괘불탱
1789,천은사 괘불탱
1790,도림사 괘불탱
1791,미황사 괘불탱
1792,다보사 괘불탱
1793,금탑사 괘불탱
1794,만연사 괘불탱
1795,장성 백양사 소요대사탑
1796,해남 대흥사 서산대사탑
1797,화엄사 서 오층석탑 사리장엄구
1798,곡성 태안사 동종
1799,통도사 석가여래 괘불탱
1800,통도사 괘불탱
1801,통도사 화엄탱
1802,통도사 영산회상탱
1803,통도사 청동 은입사 향완(2002)
1804,초조본 아비달마계신족론 권하
1805,초조본 현양성교론 권3
1806,해남 대흥사 서산대사 유물
1807,동여도(2002)
1808,동여도(2008)
1809,감은사지 동 삼층석탑 사리장엄구
1810,보은 법주사 소조비로자나삼불좌상
1811,보은 법주사 목조관음보살좌상
1812,양양 낙산사 건칠관음보살좌상
1813,화엄사 대웅전 삼신불탱
1814,쌍계사 대웅전 삼세불탱
1815,쌍계사 팔상전 팔상탱
1816,송광사 응진당 석가모니 후불탱·십육나
1817,번역명의집
1818,괴산 각연사 통일대사탑
1819,영동 반야사 삼층석탑
1820,함평 고막천 석교
1821,양산 통도사 금동천문도
1822,용흥사 삼불회 괘불탱
1823,월정사 팔각구층석탑 사리장엄구
1824,순천 송광사 티베트문 법지
1825,영광 불갑사 목조석가여래삼불좌상
1826,하동 쌍계사 목조석가여래삼불좌상 및 
1827,축서사 괘불탱
1828,신경행 청난공신교서 및 관련 문적
1829,예산 수덕사 목조석가여래삼불좌상 및 
1830,청자 상감‘신축’명 국화모란문 벼루
1831,청자 철화초충조문 매병
1832,청자 상감유로매죽문 편병
1833,청자 양각운룡문 매병
1834,청자 상감어룡문 매병
1835,분청사기 철화모란문 장군
1836,분청사기 박지연화문 편병
1837,청자 상감‘장진주’시명 매죽양류문 매
1838,백자 청화동정추월문 항아리
1839,백자 상감투각모란문 병
1840,이암 필 화조구자도
1841,김홍도 필 추성부도
1842,경기감영도 병풍
1843,영암 도갑사 도선국사·수미선사비
1844,강진 백련사 사적비
1845,영국사 영산회 후불탱
1846,청자 상감오리모양 주전자
1847,청자 퇴화선문 표주박모양 주전자
1848,분청사기 상감모란당초문 장군
1849,충주 봉황리 마애불상군
1850,영주 소수서원 문성공묘
1851,영주 소수서원 강학당
1852,봉사조선창화시권
1853,비해당 소상팔경시첩
1854,이십삼 상대회도 및 김종한 교지
1855,범망경보살계본 및 수보살계법
1856,금강반야바라밀경(2004)
1857,"대방광불화엄경소 권48, 64, 83"
1858,금동 당간 용두
1859,임신서기석
1860,감지금니 대방광불화엄경 권15
1861,보은 법주사 철솥
1862,봉업사명 청동 향로
1863,삼현수간
1864,보은 법주사 복천암 수암화상탑
1865,보은 법주사 석조희견보살입상
1866,보은 법주사 복천암 학조화상탑
1867,선암사 석가모니불 괘불탱 및 부속유물
1868,청자 상감모란양류문 주전자 및 승반
1869,청자 퇴화화문 주전자 및 승반
1870,분청사기 상감모란문 항아리
1871,분청사기 인화점문 장군
1872,백자 철화매죽문 항아리
1873,수월관음도(2005)
1874,경주 원성왕릉 석상 및 석주일괄
1875,분청사기 상감‘정통13년’명 묘지 및
1876,경주 원원사지 동·서 삼층석탑
1877,화성행행도 병풍
1878,봉수당진찬도
1879,정사신 참석 계회도 일괄
1880,적천사 괘불탱 및 지주
1881,영암 도갑사 오층석탑
1882,완주 안심사 금강계단
1883,이원익 초상
1884,거창 농산리 석조여래입상
1885,백자 달항아리(2005-1)
1886,백자 달항아리(2005-2)
1887,백자 달항아리(2005-3)
1888,백자 달항아리(2005-4)
1889,일월반도도 병풍
1890,왕세자탄강진하도 병풍
1891,은입사 귀면문 철퇴
1892,예천 용문사 영산회 괘불탱
1893,남해 용문사 괘불탱
1894,청자 상감화조문 도판
1895,백자 청화보상당초문 항아리
1896,청자 기린모양 연적
1897,분청사기 상감사각묘지 및 분청사기 인
1898,청자 상감운학국화문 병형 주전자
1899,청자 상감‘덕천’명 연화양류문 매병
1900,청자 주전자
1901,청자 음각연화문 팔각장경병
1902,분청사기 상감파도어문 병
1903,분청사기 박지태극문 편병
1904,백자 사각발형 제기
1905,백자 청화철화‘시’명나비문 팔각연적
1906,해동조계복암화상잡저
1907,흥천사명 동종
1908,부산 범어사 조계문
1909,서울 인조별서 유기비
1910,"용비어천가 권8, 9, 10"
1911,"용비어천가 권3, 4"
1912,용비어천가 권1~2
1913,"용비어천가 권1~2, 7~8"
1914,사마방목
1915,도은선생집(2006)
1916,도은선생집(2024)
1917,진일유고
1918,순천 송광사 소조사천왕상
1919,순천 송광사 소조 사천왕상 복장유물
1920,마천목 좌명공신녹권
1921,영광 불갑사 석가삼존상 및 16나한상
1922,양산 통도사 삼층석탑
1923,통도사 아미타여래설법도
1924,여주이씨 옥산문중 고문서
1925,경주이씨 양월문중 고문서 및 향안
1926,경주이씨 양월문중 고문서 및 향안 -
1927,안압지 출토 금동판 불상 일괄
1928,김시민 선무공신 교서
1929,채제공 초상 일괄 - 시복본
1930,채제공 초상 일괄 - 금관조복본
1931,채제공 초상 일괄 - 흑단령포본
1932,조씨삼형제 초상
1933,유숙 초상 및 관련 교지
1934,심환지 초상
1935,김유 초상
1936,이시방 초상
1937,이채 초상
1938,남구만 초상
1939,강이오 초상
1940,이광사 초상
1941,서직수 초상
1942,심득경 초상
1943,박유명 초상
1944,이성윤 초상
1945,연잉군 초상
1946,철종어진
1947,오재순 초상
1948,황현 초상 및 사진
1949,윤증 초상 일괄
1950,윤급 초상
1951,김시습 초상
1952,조선후기 문인 초상
1953,"이하응 초상 일괄 - 흑단령포본, 금"
1954,이하응 초상 일괄 - 금관조복본
1955,김이안 초상
1956,이덕성 초상 및 관련 자료 일괄
1957,전 윤효전 초상
1958,임장 초상
1959,유언호 초상
1960,대구 동화사 사명당 유정 진영
1961,순천 선암사 선각국사 도선 진영
1962,광주 자운사 목조아미타여래좌상 및 복
1963,이성윤 위성공신교서 및 관련 유물
1964,허목 초상
1965,최익현 초상
1966,국조정토록
1967,이십공신회맹축 - 영국공신녹훈후
1968,대방광원각수다라요의경 권상1의1
1969,대불정여래밀인수증요의제보살만행수능엄경
1970,김제 귀신사 소조비로자나삼불좌상
1971,남원 선국사 건칠아미타여래좌상 및 복
1972,대방광원각수다라요의경 권1
1973,대방광원각수다라요의경
1974,묘법연화경삼매참법 권상
1975,대불정여래밀인수증요의제보살만행수능엄경
1976,경국대전 권3
1977,경국대전 권1∼2
1978,영산회상도
1979,경주 불국사 석조
1980,서울 이윤탁 한글영비
1981,금장요집경 권1~2
1982,부산 범어사 목조석가여래삼존좌상
1983,충주 백운암 철조여래좌상
1984,초조본 사두간진일태자이십팔수경
1985,초조본 잡아비담심론 권9
1986,초조본 수용삼수요행법
1987,영조 기로연·수작연도 병풍
1988,여주 효종 영릉재실
1989,해동팔도봉화산악지도
1990,서궐도안
1991,숙빈최씨 소령원도
1992,월중도
1993,서북피아양계만리일람지도(2007)
1994,서북피아양계만리일람지도(2008)
1995,동국대지도
1996,봉래유묵
1997,청자 표주박모양 주전자
1998,분청사기 상감모란양류문 병
1999,요계관방지도
2000,상교정본자비도량참법 권9~10
2001,상교정본자비도량참법 권5
2002,상교정본자비도량참법 권4∼6
2003,나주 심향사 건칠아미타여래좌상
2004,나주 불회사 건칠비로자나불좌상
2005,구례 천은사 금동불감
2006,해남 대흥사 금동관음보살좌상
2007,순천 송광사 목조석가여래삼존상 및 소
2008,여수 흥국사 목조석가여래삼존상
2009,진천 영수사 영산회 괘불탱
2010,해남 대흥사 영산회 괘불탱
2011,순천 선암사 서부도암 감로왕도
2012,순천 선암사 33조사도
2013,담양 용흥사 동종
2014,여수 흥국사 동종
2015,고흥 능가사 동종
2016,순천 선암사 동종(2008-1)
2017,감지은니 대방광불화엄경
2018,도성도
2019,순천 선암사 동종(2008-2)
2020,영주 부석사 오불회 괘불탱
2021,대구 동화사 대웅전
2022,이순신 관련 고문서 - 이순신 선무공
2023,이순신 관련 고문서 - 이순신 등 선
2024,이순신 관련 고문서 - 이순신 사명훈
2025,이순신 관련 고문서 - 이순신 유서(
2026,이순신 관련 고문서 - 이순신 유서(
2027,이순신 관련 고문서 - 이순신 유서(
2028,이순신 관련 고문서 - 이순신 무과홍
2029,이순신 관련 고문서 - 이순신처 방씨
2030,이순신 관련 고문서 - 이순신처 방씨
2031,이순신 관련 고문서 - 이순신 증직교
2032,이순신 관련 고문서 - 이순신 사패교
2033,이순신 관련 고문서 - 이순신 증시교
2034,이순신 관련 고문서 - 이순신 유지
2035,이순신 관련 고문서 - 이순신 별급문
2036,이순신 관련 고문서 - 사패교지
2037,이순신 관련 고문서 - 증직교지
2038,부여 무량사 소조아미타여래삼존좌상
2039,여수 흥국사 목조지장보살삼존상·시왕상
2040,지장보살본원경(2008)
2041,상주 양진당
2042,논산 돈암서원 응도당
2043,청송 대전사 보광전
2044,안동 보광사 목조관음보살좌상 및 복장
2045,서산 문수사 금동여래좌상 복장유물
2046,청자 양각연판문 접시
2047,문경 봉암사 극락전
2048,성주향교 대성전 및 명륜당
2049,김천 직지사 대웅전
2050,증급유방
2051,전주 경기전 정전
2052,초조본 성지세다라니경
2053,서울 수국사 목조아미타여래좌상 및 복
2054,대동여지도 목판
2055,청구관해방총도
2056,함경도전도
2057,해서지도
2058,영남지도
2059,전주지도
2060,조선지도
2061,호남지도
2062,호서지도
2063,화동고지도
2064,해동지도
2065,여지도
2066,해동여지도
2067,청구도(2008-1)
2068,청구도(2008-2)
2069,청구도(2008-3)
2070,목장지도(2008-1)
2071,목장지도(2008-2)
2072,동여비고
2073,아국여지도
2074,함경도·경기도·강원도 지도
2075,경상총여도
2076,진주성도
2077,천하여지도
2078,조선팔도고금총람도
2079,대불정여래밀인수증요의제보살만행수능엄경
2080,영천 은해사 청동북 및 북걸이
2081,칠곡 송림사 목조석가여래삼존좌상
2082,칠곡 송림사 석조아미타여래삼존좌상
2083,대구 동화사 목조약사여래좌상 복장전적
2084,성주 선석사 영산회 괘불탱
2085,포항 보경사 괘불탱
2086,대구 동화사 아미타회상도
2087,경주 기림사 비로자나삼불회도
2088,영천 봉림사 영산회상도 및 복장유물
2089,청도 운문사 비로자나삼신불회도
2090,안동 봉정사 영산회상벽화
2091,경주 왕룡사원 목조아미타여래좌상
2092,예안 김씨 가전 계회도 일괄
2093,이헌국 호성공신교서
2094,대한제국 고종 황제어새
2095,국새 황제지보
2096,국새 유서지보
2097,국새 준명지보
2098,국새 대군주보
2099,국새 제고지보
2100,국새 칙명지보
2101,국새 대원수보
2102,서산 개심사 목조아미타여래좌상
2103,안동 봉정사 목조관음보살좌상
2104,서울 지장암 목조비로자나불좌상
2105,서거정 필적
2106,성수침 필적
2107,양사언 초서
2108,황기로 초서 - 이군옥시
2109,황기로 초서 - 차운시
2110,김현성 필적
2111,인목왕후 어필 칠언시
2112,효종어필 칠언시
2113,숙종어필 칠언시
2114,영조어필 - 숙빈최씨사우제문원고
2115,영조어필 - 숙빈최씨소령묘갈문원고
2116,영조어필 - 읍궁진장첩
2117,정조어필 - 신제학정민시출안호남
2118,정조어필 - 제문상정사
2119,정조어필 - 시국제입장제생
2120,구미 대둔사 건칠아미타여래좌상
2121,문경 대승사 금동아미타여래좌상 및 복
2122,상주 남장사 목조아미타여래삼존좌상
2123,영주 부석사 석조석가여래좌상
2124,예천 용문사 목조아미타여래좌상
2125,구미 수다사 영산회상도
2126,대구 동화사 보조국사지눌진영
2127,문경 김룡사 영산회 괘불도
2128,상주 남장사 감로왕도
2129,안동 봉정사 영산회 괘불도
2130,안동 봉정사 아미타설법도
2131,예천 용문사 천불도
2132,안동 광흥사 동종
2133,초조본 불설가섭부불반열반경
2134,길흉축월횡간 고려목판
2135,예천 명봉사 경청선원자적선사능운탑비
2136,서울 개운사 목조아미타여래좌상 및 발
2137,서울 개운사 목조아미타여래좌상 복장전
2138,공주 갑사 석가여래삼세불도 및 복장유
2139,통영 측우대
2140,자비도량참법집해
2141,신편산학계몽
2142,노자권재구의
2143,성주 법수사지 삼층석탑
2144,이형 좌명원종공신녹권 및 함
2145,재조본 유가사지론 권42
2146,천자문
2147,순천 송광사 목조관음보살좌상 및 복장
2148,순천 송광사 목조관음보살좌상 복장전적
2149,대혜보각선사서(2010)
2150,"대승기신론의기 권상, 하"
2151,풍아익
2152,상지은니 대방광불화엄경 주본 권4
2153,봉화 청량사 목조지장보살삼존상
2154,서산대사 행초 정선사가록
2155,이지정 초서 취영구절
2156,조문수 필적 위심수재서
2157,조속 초서 창강필적
2158,윤순거 초서 무이구곡가
2159,송준길 행초 동춘당필적
2160,송준길 행초 서증손병하
2161,이하진 필적 천금물전
2162,박세당 필적 서계유묵
2163,박태유 필적 백석유묵첩
2164,윤순 필적 고시서축
2165,이광사 행서 화기
2166,이광사 필적 원교법첩
2167,송문흠 예서 경재잠
2168,이인상 전서 원령필
2169,강세황 행초 표암유채
2170,이한진 전예 경산전팔쌍절첩
2171,유한지 예서 기원첩
2172,정약용 행초 다산사경첩
2173,정약용 필적 하피첩
2174,신위 해서 천자문
2175,김정희 해서 묵소거사자찬
2176,김정희 예서대련 호고연경
2177,진주 월명암 목조아미타여래좌상
2178,진주 응석사 목조석가여래삼불좌상
2179,진주 청곡사 목조석가여래삼존좌상
2180,진주 청곡사 목조지장보살삼존상 및 시
2181,거창 심우사 목조아미타여래좌상
2182,함양 법인사 목조아미타여래좌상
2183,통영 안정사 영산회 괘불도
2184,고성 옥천사 지장보살도 및 시왕도
2185,고성 운흥사 관음보살도
2186,하동 쌍계사 괘불도
2187,하동 쌍계사 감로왕도
2188,합천 해인사 감로왕도
2189,진주 삼선암 동종
2190,통영 안정사 동종
2191,거창 고견사 동종
2192,하동 쌍계사 동종
2193,삼봉선생집 권1
2194,수계선생비점맹호연집
2195,신간상명산법
2196,초조본 아비달마대비바사론 권38
2197,초조본 집대승상론 권하
2198,대방광불화엄경소
2199,반야심경소현정기(언해)
2200,수원 방화수류정
2201,수원 서북공심돈
2202,양산 통도사 영산전 벽화
2203,동인시화
2204,대승기신론소
2205,백지금니 범망보살계경
2206,해남 서동사 목조석가여래삼불좌상
2207,중수정화경사증류비용본초 권17
2208,삼강행실효자도
2209,군산 동국사 소조석가여래삼존상 및 복
2210,공주 동학사 목조석가여래삼불좌상 및 
2211,공주 동학사 목조석가여래삼불좌상 복장
2212,속초 신흥사 목조아미타여래삼존좌상
2213,총마계회도
2214,양양 낙산사 해수관음공중사리탑·비 및
2215,박사익 초상
2216,김종직 종가 고문서
2217,화순 쌍봉사 목조지장보살삼존상 및 시
2218,경주향교 대성전
2219,허전 초상
2220,창원 성주사 목조석가여래삼불좌상
2221,창녕 관룡사 목조석가여래삼불좌상 및 
2222,함양 법인사 감로왕도
2223,창원 성주사 감로왕도
2224,부산 국청사 청동북
2225,양산 내원사 청동북
2226,양산 통도사 청동 은입사 향완
2227,대방광불화엄경 진본 권53
2228,몽산화상육도보설
2229,서울 살곶이 다리
2230,창녕 영산 석빙고
2231,서울 관상감 관천대
2232,구리 동구릉 건원릉 정자각
2233,구리 동구릉 숭릉 정자각
2234,구리 동구릉 목릉 정자각
2235,경주 불국사 대웅전
2236,경주 불국사 가구식 석축
2237,논산 노강서원 강당
2238,양산 통도사 은제도금아미타여래삼존상 
2239,문경 봉암사 목조아미타여래좌상 및 복
2240,속초 신흥사 목조지장보살삼존상
2241,경산 경흥사 목조석가여래삼존좌상
2242,서천 봉서사 목조아미타여래삼존좌상
2243,고창 선운사 소조비로자나삼불좌상
2244,익산 미륵사지 금동향로
2245,불설대보부모은중경판
2246,양휘산법
2247,김응남 호성공신교서 및 관련 고문서
2248,양산 신흥사 대광전 벽화
2249,경복궁 사정전
2250,경복궁 수정전
2251,경복궁 향원정
2252,창덕궁 금천교
2253,창덕궁 부용정
2254,창덕궁 낙선재
2255,서산 개심사 오방오제위도 및 사직사자
2256,서산 개심사 제석·범천도 및 팔금강·
2257,백자 청화 흥녕부대부인 묘지 및 석함
2258,창덕궁 주합루
2259,창덕궁 연경당
2260,기장 장안사 대웅전
2261,대구 동화사 삼장보살도
2262,대구 동화사 지장시왕도
2263,"자치통감강목 권12, 27, 37, "
2264,진실주집(2012)
2265,영가진각대사증도가(2012)
2266,합천 해인사 법보전 목조비로자나불좌상
2267,합천 해인사 대적광전 목조비로자나불좌
2268,대혜원명 동종
2269,청자 퇴화문두꺼비모양 벼루
2270,청자 상감국화모란유로죽문 매병 및 죽
2271,청자 음각연화절지문 매병 및 죽찰
2272,강화 전등사 목조석가여래삼불좌상
2273,강화 전등사 목조지장보살삼존상 및 시
2274,강화 청련사 목조아미타여래좌상
2275,남양주 수종사 팔각오층석탑 출토유물 
2276,안성 청룡사 소조석가여래삼존상
2277,양평 용문사 금동관음보살좌상
2278,여주 신륵사 목조아미타여래삼존상
2279,남양주 봉선사 비로자나삼신괘불도
2280,가평 현등사 동종
2281,대불정여래밀인수증요의제보살만행수능엄경
2282,안성 청원사 건칠아미타여래좌상 복장전
2283,정선 필 해악팔경 및 송유팔현도 화첩
2284,경주 불국사 영산회상도 및 사천왕 벽
2285,남양주 흥국사 소조석가여래삼존좌상 및
2286,합천 해인사 지장시왕도
2287,보성 대원사 지장보살도 및 시왕도 일
2288,대구 보성선원 목조석가여래삼존좌상 및
2289,대구 보성선원 목조석가여래삼존좌상 복
2290,구리 태조 건원릉 신도비
2291,서울 태종 헌릉 신도비
2292,서울 세종 영릉 신도비
2293,합천 해인사 내전수함음소 권490 목
2294,해남 대흥사 천불전
2295,남양주 수종사 팔각오층석탑
2296,칠태부인경수연도
2297,황리현명 청동북
2298,평창 상원사 목조문수보살좌상 및 복장
2299,평창 상원사 목조문수보살좌상 복장전적
2300,대구 용연사 목조아미타여래삼존좌상 및
2301,대구 운흥사 목조아미타여래삼존좌상
2302,홍가신 청난공신 교서 및 관련 고문서
2303,창녕 관룡사 대웅전 관음보살 벽화
2304,청도 운문사 대웅보전 관음보살·달마대
2305,서울 보타사 금동보살좌상
2306,서울 봉은사 목조석가여래삼불좌상
2307,서울 옥천암 마애보살좌상
2308,서울 청룡사 석조지장보살삼존상 및 시
2309,서울 화계사 목조지장보살삼존상 및 시
2310,농경문 청동기
2311,기장 장안사 석조석가여래삼불좌상
2312,의성 만취당
2313,양산 통도사 영산전
2314,양산 통도사 대광명전
2315,서울 보타사 마애보살좌상
2316,대전 비래사 목조비로자나불좌상
2317,분청사기 상감‘정통4년명’ 김명리 묘
2318,의성 대곡사 대웅전
2319,인제 봉정암 오층석탑
2320,김제 청룡사 목조관음보살좌상
2321,나주 다보사 목조석가여래삼존상 및 소
2322,정종 적개공신 교서 및 관련 고문서
2323,초조본 불정최승다라니경
2324,초조본 불설문수사리일백팔명범찬
2325,초조본 법원주림 권82
2326,초조본 불설일체여래금강삼업최상비밀대교
2327,청송 보광사 극락전
2328,강진 고성사 청동보살좌상
2329,익산 관음사 목조보살입상
2330,강진 정수사 석가여래삼불좌상
2331,경주 월지 금동초심지가위
2332,부여 사택지적비
2333,대방광불화엄경 정원본 권8
2334,대방광불화엄경 주본 권34
2335,목우자수심결(언해)(2014)
2336,남해 용문사 대웅전
2337,대구 파계사 원통전
2338,논산 쌍계사 소조석가여래삼불좌상
2339,남원 선원사 목조지장보살삼존상 및 소
2340,완주 정수사 목조아미타여래삼존좌상
2341,김천 고방사 아미타여래설법도
2342,원주 구룡사 삼장보살도
2343,대구 서봉사 지장시왕도
2344,영천 은해사 염불왕생첩경도
2345,보은 법주사 동종
2346,김천 직지사 대웅전 수미단
2347,부여 무량사 삼전패
2348,보성 대원사 극락전 관음보살 달마대사
2349,여수 흥국사 대웅전 관음보살 벽화
2350,해남 대흥사 석가여래삼불좌상
2351,소상팔경도
2352,대방광불화엄경 주본 권72
2353,경주 남산 창림사지 삼층석탑
2354,포항 보경사 적광전
2355,청자 상감운학문 매병
2356,경주 황룡사 구층목탑 금동찰주본기
2357,동제 염거화상 탑지
2358,전 회양 장연리 금동관음보살좌상
2359,원주 학성동 철조약사여래좌상
2360,순천 매곡동 석탑 청동불감 및 금동아
2361,정선 필 풍악도첩
2362,완산부지도
2363,봉화 태자사 낭공대사탑비
2364,경주 호우총 출토 청동 ‘광개토대왕’
2365,희경루방회도
2366,청주 명암동 출토 ‘단산오옥’명 고려
2367,서울 창의문
2368,고려 십육나한도(제7 가리가존자)
2369,고려 십육나한도(제15 아벌다존자)
2370,고려 오백나한도
2371,신묘삼월 문무과전시방목
2372,대불정여래밀인수증요의제보살만행수능엄경
2373,재조본 유가사지론 권20
2374,노영 필 아미타여래구존도 및 고려 태
2375,구례 천은사 삼장보살도
2376,구례 천은사 목조관세음보살좌상 및 대
2377,익산 심곡사 칠층석탑 출토 금동불감 
2378,서울 흥천사 금동천수관음보살좌상
2379,익재난고 권6~7
2380,역옹패설
2381,퇴계선생문집
2382,퇴계선생문집 목판
2383,부산 운수사 대웅전
2384,서경우 초상 및 함
2385,서문중 초상 및 함
2386,은제도금화형탁잔
2387,주역참동계
2388,조선왕조의궤(2016-1)
2389,조선왕조의궤(2016-2)
2390,조선왕조의궤(2016-3)
2391,조선왕조의궤(2016-4)
2392,조선왕조의궤(2016-5)
2393,조선왕조의궤(2016-6)
2394,조선왕조의궤(2016-7)
2395,조선왕조의궤(2016-8)
2396,조선왕조의궤(2016-9)
2397,조선왕조의궤(2016-10)
2398,조선왕조의궤(2016-11)
2399,조선왕조의궤(2016-12)
2400,제주향교 대성전
2401,고려 수월관음보살도
2402,김천 갈항사지 동·서 삼층석탑 출토 
2403,서울 청진동 출토 백자항아리
2404,대명률
2405,함통6년명 청동북
2406,묘법연화경 목판(2016)
2407,대방광불화엄경소 목판
2408,계초심학인문(언해) 목판
2409,인천안목 목판
2410,종경촬요 목판
2411,청량답순종심요법문 목판
2412,천지명양수륙잡문 목판
2413,달마대사관심론 목판
2414,달마대사혈맥론 목판
2415,예천 야옹정
2416,고창 문수사 목조석가여래삼불좌상
2417,봉화 청량사 건칠약사여래좌상 및 복장
2418,고창 문수사 목조지장보살좌상 및 시왕
2419,양산 금조총 출토 유물 일괄
2420,부산 복천동 출토 금동관
2421,정조 어찰첩
2422,조선경국전
2423,금강산 출토 이성계 발원 사리장엄구 
2424,협주명현십초시
2425,박동형 초상 및 함
2426,경주 미탄사지 삼층석탑
2427,김윤겸 필 영남기행화첩
2428,청자 퇴화초화문 표주박모양 주전자 및
2429,청자 죽순모양 주전자
2430,청자 투각연당초문 붓꽂이
2431,경주 불국사 삼장보살도
2432,곡성 도림사 아미타여래설법도
2433,경주 남산 용장계 지곡 제3사지 삼층
2434,최석정 초상 및 함
2435,신여량 상가교서
2436,신여량 밀부유서
2437,대불정여래밀인수증요의제보살만행수능엄경
2438,초조본 대방광불화엄경 주본 권41
2439,청주 비중리 석조여래삼존상 및 석조여
2440,화성 용주사 대웅보전
2441,재조본 사분율 권47~50
2442,밀양 표충사 삼층석탑 출토 유물 일괄
2443,구미 대둔사 대웅전
2444,신한첩 곤
2445,숙명신한첩
2446,법계성범수륙승회수재의궤
2447,정선 필 해악전신첩
2448,정선 필 경교명승첩
2449,정선 필 풍악내산총람도
2450,정선 필 청풍계도
2451,정선 필 여산초당도
2452,청자 음각환문 병
2453,청자 양각도철문 정형 향로
2454,청도 용천사 영산회상도
2455,청도 대비사 영산회상도
2456,예천 보문사 삼장보살도
2457,묘법연화경 목판(2017-1)
2458,불설대보부모은중경(언해) 목판
2459,묘법연화경 목판(2017-2)
2460,계초심학인문 목판
2461,도가논변모자리혹론 목판
2462,몽산화상육도보설 목판
2463,예수시왕생칠재의찬요 목판
2464,성관자재구수육자선정 목판
2465,오대진언 목판
2466,금강반야바라밀경 및 제경
2467,이광사 필 서결
2468,김홍도 필 마상청앵도
2469,김홍도 필 고사인물도
2470,김홍도 필 과로도기도
2471,신윤복 필 미인도
2472,백자 사옹원인
2473,나전경함
2474,서산 명종대왕 태실 및 비
2475,경주 방형대좌 석조여래좌상
2476,김정희 필 대팽고회
2477,김정희 필 차호호공
2478,김정희 필 침계
2479,속초 신흥사 극락보전
2480,김정희 필 서원교필결후
2481,김정희 필 난맹첩
2482,이정 필 삼청첩
2483,이징 필 산수화조도첩
2484,심사정 필 촉잔도권
2485,김득신 필 풍속도 화첩
2486,감지은니 범망경보살계품
2487,송조표전총류 권6∼11
2488,대곡사명 감로왕도
2489,이숙기 좌리공신교서
2490,분청사기 상감 ‘경태5년명’ 이선제 
2491,지장시왕도(2018)
2492,평창 오대산 중대 적멸보궁
2493,포항 보경사 비로자나불도
2494,평양성도 병풍
2495,진도 쌍계사 목조석가여래삼존좌상
2496,대구 동화사 목조아미타여래삼존상
2497,김홍도 필 삼공불환도
2498,경주 황오동 금귀걸이
2499,이익태 지영록
2500,남양주 불암사 목조관음보살좌상
2501,서울 칠보사 목조석가여래좌상
2502,군위 법주사 괘불도
2503,예산 대련사 비로자나불 괘불도
2504,상주 남장사 영산회 괘불도
2505,‘경선사’명 청동북
2506,장철 정사공신녹권
2507,경주 얼굴무늬 수막새
2508,목포 달성사 목조지장보살삼존상 및 시
2509,‘회암사’명 약사여래삼존도
2510,남양주 수종사 사리탑
2511,제진언집 목판
2512,고려 천수관음보살도
2513,불정심관세음보살대다라니경(2019)
2514,경산 신대리 1호 목관묘 출토 청동호
2515,고령 지산동 32호분 출토 금동관
2516,부산 복천동 22호분 출토 청동칠두령
2517,부산 복천동 38호분 출토 철제갑옷 
2518,보령 성주사지 동 삼층석탑
2519,군위 인각사 출토 공양구 일괄
2520,신간유편역거삼장문선대책 권5∼6
2521,구례 천은사 극락보전
2522,구미 대둔사 삼장보살도
2523,김천 직지사 괘불도
2524,도은선생시집 권1~2
2525,도기 연유인화문 항아리 일괄
2526,이인문 필 강산무진도
2527,"신편유취대동시림 권9~11, 31~3"
2528,고창 선운사 참당암 석조지장보살좌상
2529,혼개통헌의
2530,완주 갈동 출토 동검동과 거푸집 일괄
2531,완주 갈동 출토 정문경 일괄
2532,수원 화령전 운한각·복도각·이안청
2533,안성 칠장사 대웅전
2534,나주 금성관
2535,경주부사선생안
2536,경상도영주제명기
2537,재조본 대승법계무차별론
2538,함안 마갑총 출토 말갑옷 및 고리자루
2539,합천 옥전 M3호분 출토 고리자루 큰
2540,합천 옥전 28호분 출토 금귀걸이
2541,합천 옥전 M4호분 출토 금귀걸이
2542,합천 옥전 M6호분 출토 금귀걸이
2543,강릉 경포대
2544,김천 방초정
2545,봉화 한수정
2546,청송 찬경루
2547,안동 청원루
2548,안동 체화정
2549,경주 귀래정
2550,달성 하목정
2551,영암 영보정
2552,진안 수선루
2553,대불정여래밀인수증요의제보살만행수능엄경
2554,지리전서동림조담
2555,백자 청화매조죽문 항아리
2556,부산 복천동 11호분 출토 도기 거북
2557,부여 무량사 오층석탑 출토 금동불상 
2558,관북여지도
2559,최광지 홍패
2560,육조대사법보단경
2561,백자 항아리
2562,고창 선운사 만세루
2563,장성 백양사 목조아미타여래좌상
2564,상주 남장사 관음선원 목조관음보살좌상
2565,안동 봉황사 대웅전
2566,영양 현리 오층모전석탑
2567,장용영 본영도형 일괄
2568,경주 남산 장창곡 석조미륵여래삼존상
2569,합천 해인사 원당암 목조아미타여래삼존
2570,합천 해인사 원당암 목조아미타여래삼존
2571,합천 해인사 원당암 목조아미타여래삼존
2572,합천 해인사 원당암 목조아미타여래삼존
2573,공주 갑사 소조석가여래삼불좌상ㆍ사보살
2574,공주 갑사 소조석가여래삼불좌상ㆍ사보살
2575,의성 고운사 연수전
2576,간이벽온방(언해)(2020)
2577,신구공신상회제명지도 병풍
2578,김해 대성동 76호분 출토 목걸이
2579,김해 양동리 270호분 출토 수정목걸
2580,김해 양동리 322호분 출토 목걸이
2581,경진년 연행도첩
2582,말모이 원고
2583,조선말 큰사전 원고
2584,효의왕후 어필 및 함-만석군전ㆍ곽자의
2585,강릉향교 명륜당
2586,강릉향교 동무‧서무‧전랑
2587,수원향교 대성전
2588,안성향교 대성전
2589,안성향교 풍화루
2590,산청 단성향교 명륜당
2591,밀양향교 대성전
2592,밀양향교 명륜당
2593,상주향교 대성전‧동무‧서무
2594,경주향교 명륜당
2595,경주향교 동무‧서무‧신삼문
2596,담양 창평향교 대성전
2597,담양 창평향교 명륜당
2598,순천향교 대성전
2599,구미 금오서원 정학당
2600,구미 금오서원 상현묘
2601,안동 병산서원 만대루
2602,안동 도산서원 도산서당
2603,안동 도산서원 농운정사
2604,옥천 이지당
2605,문경 봉암사 마애미륵여래좌상
2606,‘미륵원’명 청동북
2607,고성 옥천사 영산회 괘불도 및 함
2608,선원제전집도서 목판
2609,원돈성불론ㆍ간화결의론 합각 목판
2610,대방광원각수다라요의경 목판
2611,고려사(2021-1)
2612,고려사(2021-2)
2613,고려사(2021-3)
2614,고려사(2021-4)
2615,고려사(2021-5)
2616,고려사(2021-6)
2617,상주 남장사 영산회 괘불도 및 복장유
2618,구미 대둔사 경장
2619,"지정조격 권1∼12, 23∼34"
2620,세종 비암사 극락보전
2621,공주 갑사 대웅전
2622,의성 대곡사 범종루
2623,순천 팔마비
2624,장성 백양사 아미타여래설법도 및 복장
2625,고창 봉덕리 1호분 출토 금동신발
2626,나주 정촌고분 출토 금동신발
2627,완주 송광사 목조석가여래삼존좌상 및 
2628,울진 불영사 불연
2629,송시열 초상
2630,무주 한풍루
2631,양주 회암사지 사리탑
2632,칠곡 송림사 대웅전
2633,대구 동화사 극락전
2634,대구 동화사 수마제전
2635,수운잡방
2636,서울 영국사지 출토 의식공양구 일괄
2637,광주 덕림사 목조지장보살삼존상 및 시
2638,고흥 능가사 목조석가여래삼존상 및 십
2639,김해 은하사 목조지장보살삼존상 및 시
2640,구례 화엄사 목조석가여래삼불좌상 및 
2641,데니 태극기
2642,김구 서명문 태극기
2643,서울 진관사 태극기
2644,경주 분황사 당간지주
2645,무예제보
2646,대승기신론소 권하
2647,초조본 아비달마대비바사론 권175
2648,강진 무위사 감역교지
2649,강릉 보현사 목조문수보살좌상
2650,울산 신흥사 석조아미타여래좌상
2651,서울 흥천사 비로자나불 삼신괘불도
2652,종친부 경근당과 옥첩당
2653,대구 경상감영 선화당
2654,남한산성 수어장대
2655,남한산성 연무관
2656,안성 객사 정청
2657,강릉 칠사당
2658,원주 강원감영 선화당
2659,거제 기성관
2660,앙부일구(2022-1)
2661,앙부일구(2022-2)
2662,앙부일구(2022-3)
2663,경주 분황사 금동약사여래입상
2664,청자 사자형뚜껑 향로
2665,서울 조계사 목조여래좌상
2666,청구영언
2667,달마대사관심론
2668,"춘추경좌씨전구해 권1∼9, 20∼29"
2669,신ㆍ구법천문도 병풍
2670,정조 한글어찰첩
2671,경국대전 권1∼3
2672,경국대전 권4∼6
2673,경주 옥산서원 무변루
2674,장조 태봉도
2675,순조 태봉도
2676,헌종 태봉도
2677,건칠보살좌상
2678,금동아미타여래삼존상 및 복장유물
2679,영천 인종대왕 태실
2680,법화현론 권3∼4
2681,함안 말이산 45호분 출토 상형도기 
2682,속초 신흥사 영산회상도
2683,봉화 청암정
2684,영주 부석사 안양루
2685,영주 부석사 범종각
2686,남한산성 숭렬전
2687,영월 창절사
2688,영동 세천재
2689,고흥 여산송씨 쌍충 정려각
2690,강진 해남윤씨 추원당
2691,강진 해남윤씨 영모당
2692,전주 조경묘 정묘
2693,포항 상달암
2694,김제 내아
2695,경주 (전)염불사지 동·서 삼층석탑
2696,손소 적개공신교서
2697,사시찬요
2698,대방광불화엄경소 권88
2699,불조역대통재
2700,초조본 유가사지론 권66
2701,이봉창 의사 선서문
2702,순천 선암사 일주문
2703,문경 봉암사 봉황문
2704,구례 천은사 일주문
2705,대구 동화사 봉황문
2706,고성 옥천사 자방루
2707,상주 대산루
2708,성남 봉국사 대광명전
2709,남원 실상사 편운화상탑
2710,나신걸 한글편지
2711,창녕 관룡사 목조지장보살삼존상 및 시
2712,서울 청룡사 비로자나불 삼신괘불도
2713,독서당계회도(2023)
2714,안성 청룡사 금동관음보살좌상
2715,수능엄경의해 권9∼15
2716,이항복 해서 천자문
2717,조선왕조 어보･어책･교명(2023-1
2718,조선왕조 어보･어책･교명(2023-2
2719,조선왕조 어보･어책･교명(2023-3
2720,근묵
2721,아미타여래구존도
2722,순천 동화사 목조석가여래삼불좌상
2723,강진 백련사 대웅보전
2724,김정희 필 불이선란도
2725,기장 고불사 영산회상도
2726,파주 보광사 동종
2727,구례 화엄사 소조사천왕상
2728,여수 흥국사 소조사천왕상
2729,보은 법주사 소조사천왕상
2730,김천 직지사 소조사천왕상
2731,고흥 능가사 목조사천왕상
2732,영광 불갑사 목조사천왕상 및 복장전적
2733,홍천 수타사 소조사천왕상
2734,공주 마곡사 소조사천왕상
2735,합천 해인사 홍하문
2736,함양 용추사 일주문
2737,곡성 태안사 일주문
2738,하동 쌍계사 일주문
2739,달성 용연사 자운문
2740,순천 송광사 조계문
2741,청자 음각앵무문 정병
2742,경주 금령총 출토 금제 허리띠
2743,경주 서봉총 출토 금제 허리띠
2744,복재선생집
2745,안동 선찰사 목조석가여래좌상 및 복장
2746,협주석가여래성도기
2747,칠곡 송림사 석조삼장보살좌상 및 목조
2748,‘천수원’명 청동북
2749,금강반야경소론찬요조현록(2024)
2750,예념미타도량참법 권6∼10
2751,예념미타도량참법 권6∼10(2024)
2752,여지도서
2753,홍천 수타사 대적광전
2754,완주 송광사 금강문
2755,보은 법주사 천왕문
2756,양산 통도사 천왕문
2757,순천 송광사 사천왕문
2758,구례 화엄사 천왕문
2759,영광 불갑사 천왕문
2760,포항 보경사 천왕문
2761,김천 직지사 천왕문
2762,서산 문수사 극락보전
2763,김홍도 필 서원아집도 병풍
2764,남원 대복사 동종
2765,정선 필 북원수회도첩
2766,영덕 장륙사 영산회상도
2767,영덕 장륙사 지장시왕도
2768,무안 목우암 목조아미타여래삼존상
2769,고창 문수사 대웅전
2770,의성 고운사 가운루
2771,유설경학대장
2772,권상하 초상
2773,영광 불갑사 목조지장보살삼존상･시왕상
2774,해남 은적사 철조비로자나불좌상
2775,포항 용계정
2776,포항 분옥정
2777,포항 보경사 오층석탑
2778,서울 흥천사 목조관음보살삼존상
2779,화성 용주사 감로왕도
2780,양양 선림원지 출토 금동보살입상
2781,나전국화넝쿨무늬상자
2782,달성 유가사 영산회 괘불도
2783,대방광불화엄경소 권118
2784,삼봉선생집 권7
2785,"동국이상국전집 권18∼22, 31∼4"
2786,근정전 정시도 및 연구시 병풍
2787,자치통감 권81∼85
2788,천지명양수륙재의찬요 목판
2789,대방광원각수다라요의경 목판(2025)
2790,법집별행록절요병입사기 목판
2791,치문경훈 목판
2792,구례 화엄사 벽암대사비
2793,대혜보각선사서(2025)
2794,박제가 고본 북학의
2795,예기집설 권1∼2
2796,벽역신방(2025)
2797,합천 해인사 금동관음･지장보살좌상 및
2798,창원 성주사 석조지장보살삼존상 및 시
2799,강화 전등사 명경대
2800,삼척 흥전리사지 출토 청동정병
2801,휴대용 앙부일구(2025)
2802,고려 오백나한도(2025)
2803,세종 비암사 소조아미타여래좌상
2804,유항선생시집
2805,안동 광흥사 응진전
2806,신중엄경수도첩
2807,영산회상도(2025)
2808,묘법연화경 권3(2025)
2809,구례 화엄사 동종
2810,고려 수월관음보살도(2025)
2811,‘영축사’명 영산회상도
2812,안성 청원사 대웅전
2813,가평 현등사 아미타여래설법도
2814,임실 진구사지 석조비로자나불좌상
2815,양산 신흥사 석조석가여래삼존좌상 및 
2816,박지원 열하일기 초고본 일괄
2817,순천 송광사 침계루
2818,안동 봉정사 덕휘루
2819,화성 용주사 천보루
2820,경주 포석정지
2821,김해 봉황동 유적
2822,수원 화성
2823,부여 가림성
2824,부여 부소산성
2825,경주 황룡사지
2826,경주 망덕사지
2827,경주 사천왕사지
2828,서울 한양도성
2829,서울 풍납동 토성
2830,공주 공산성
2831,공주 무령왕릉과 왕릉원
2832,부여 왕릉원
2833,경주 흥륜사지
2834,경주 월성
2835,경주 남고루
2836,경주 동궁과 월지
2837,경주 계림
2838,경주 무열왕릉
2839,경주 김유신묘
2840,경주 남산신성
2841,경주 경덕왕릉
2842,경주 진덕여왕릉
2843,경주 부산성
2844,경주 원성왕릉
2845,경주 구정동 방형분
2846,경주 성덕왕릉
2847,경주 헌덕왕릉
2848,경주 흥덕왕릉
2849,경주 감은사지
2850,서울 독립문
2851,서울 영은문 주초
2852,부여 청마산성
2853,평창 오대산사고
2854,경주 금척리 고분군
2855,부여 군수리 사지
2856,경주 장항리 사지
2857,경주 원원사지
2858,경주 명활성
2859,관문성
2860,영주 소수서원
2861,고양 행주산성
2862,남한산성
2863,부여 나성
2864,부여 청산성
2865,서천 건지산성
2866,고령 주산성
2867,대구 달성
2868,창녕 화왕산성
2869,창녕 목마산성
2870,김해 분산성
2871,함안 성산산성
2872,강진 고려청자 요지
2873,부안 유천리 요지
2874,부안 진서리 요지
2875,김해 수로왕릉
2876,김해 수로왕비릉
2877,김해 구산동 고분군
2878,고령 지산동 고분군
2879,경주 천군동 사지
2880,서울 선잠단지
2881,성주 성산동 고분군
2882,익산 쌍릉
2883,경주 성동동 전랑지
2884,부여 석성산성
2885,예산 임존성
2886,익산 오금산성
2887,양산 북정리 고분군
2888,양산 신기리 고분군
2889,양산 중부동 고분군
2890,경주읍성
2891,양산 신기리 산성
2892,양산 북부동 산성
2893,부여 쌍북리 요지
2894,양산 법기리 요지
2895,서울 삼전도비
2896,부안 구암리 지석묘군
2897,남원 황산대첩비지
2898,금산 칠백의총
2899,구례 석주관 칠의사묘
2900,강진 정약용 유적
2901,산청 목면시배 유지
2902,아산 맹씨 행단
2903,김제 벽골제
2904,아산 이충무공묘
2905,통영 한산도 이충무공 유적
2906,완도 묘당도 이충무공 유적
2907,수원 화령전
2908,서산 해미읍성
2909,경복궁
2910,진주성
2911,고성 송학동 고분군
2912,고성 내산리 고분군
2913,사직단
2914,창덕궁
2915,창경궁
2916,덕수궁
2917,종묘
2918,진도 용장성
2919,진도 남도진성
2920,양주 회암사지
2921,울주 천황산 요지
2922,강화 삼랑성
2923,합천 영암사지
2924,강화산성
2925,강화 고려궁지
2926,제주 삼성혈
2927,부여 궁남지
2928,강화 참성단
2929,강화 부근리 지석묘
2930,경주 서출지
2931,김포 문수산성
2932,오산 독산성과 세마대지
2933,광주 충효동 요지
2934,경주 서악동 고분군
2935,서울 문묘와 성균관
2936,고양 벽제관지
2937,고창읍성
2938,무주 적상산성
2939,문경 조령 관문
2940,파주 덕은리 주거지와 지석묘군
2941,서울 육상궁
2942,익산 미륵사지
2943,하동 고소성
2944,함양 사근산성
2945,울주 언양읍성
2946,경주 옥산서원
2947,아산 이충무공 유허
2948,부여 증산성
2949,환구단
2950,경주 문무대왕릉
2951,경주 이견대
2952,경주 동부 사적지대
2953,북한산성
2954,경주 낭산 일원
2955,진주 평거동 고분군
2956,고령 고아리 벽화 고분
2957,정읍 무성서원
2958,해남윤씨 녹우당 일원
2959,원주 거돈사지
2960,안동 도산서원
2961,서울 고종 어극 40년 칭경기념비
2962,경주 오릉
2963,경주 일성왕릉
2964,경주 탈해왕릉
2965,경주 미추왕릉
2966,경주 법흥왕릉
2967,경주 진흥왕릉
2968,경주 헌안왕릉
2969,경주 진평왕릉
2970,경주 신문왕릉
2971,경주 선덕여왕릉
2972,경주 효공왕릉
2973,경주 효소왕릉
2974,경주 신무왕릉
2975,경주 정강왕릉
2976,경주 헌강왕릉
2977,경주 내물왕릉
2978,충주 임충민공 충렬사
2979,경주 전 민애왕릉
2980,고양 공양왕릉
2981,부산 동래 패총
2982,구리 동구릉
2983,서울 헌릉과 인릉
2984,여주 영릉과 영릉
2985,영월 장릉
2986,남양주 광릉
2987,고양 서오릉
2988,서울 선릉과 정릉
2989,고양 서삼릉
2990,서울 태릉과 강릉
2991,김포 장릉
2992,파주 장릉
2993,서울 의릉
2994,파주 삼릉
2995,화성 융릉과 건릉
2996,남양주 홍릉과 유릉
2997,서울 정릉
2998,남양주 사릉
2999,양주 온릉
3000,인천 경서동 녹청자 요지
3001,청주 상당산성
3002,서울 우정총국
3003,산청 전 구형왕릉
3004,금정산성
3005,칠곡 가산산성
3006,화성 당성
3007,경산 병영유적
3008,경주 배동 삼릉
3009,경주 희강왕릉
3010,경주 지마왕릉
3011,경주 경애왕릉
3012,연천 숭의전지
3013,강화 홍릉
3014,강화 초지진
3015,강화 덕진진
3016,강화 광성보
3017,북한산 진흥왕 순수비지
3018,예산 윤봉길 의사 유적
3019,천안 유관순 열사 유적
3020,홍성 홍주읍성
3021,남해 관음포 이충무공 유적
3022,남해 충렬사
3023,아차산성
3024,보은 삼년산성
3025,통영 충렬사
3026,서울 경모궁지
3027,영주 순흥 어숙묘
3028,거창 둔마리 벽화 고분
3029,창원 성산 패총
3030,경주 화산리 회유토기 요지
3031,장성 필암서원
3032,서울 석촌동 고분군
3033,연천 경순왕릉
3034,경주 나정
3035,경주 재매정
3036,서울 남현동 요지
3037,서울 대한의원
3038,부여 송국리 유적
3039,고창 분청사기 요지
3040,여주 파사성
3041,서울 약현성당
3042,서울 구 러시아공사관
3043,서울 구 벨기에영사관
3044,서울 정동교회
3045,서울 운현궁
3046,서울 명동성당
3047,강화 선원사지
3048,안동 병산서원
3049,김해 예안리 고분군
3050,대구 불로동 고분군
3051,경주 동방동 와요지
3052,단양 온달산성
3053,단양 적성
3054,부산 동삼동 패총
3055,서울 암사동 유적
3056,연천 전곡리 유적
3057,하남 미사리 유적
3058,서울 방이동 고분군
3059,경희궁지
3060,남원 만인의총
3061,부산 복천동 고분군
3062,신안 해저유물 매장해역
3063,서울 연세대학교 스팀슨관
3064,서울 연세대학교 언더우드관
3065,서울 연세대학교 아펜젤러관
3066,구 서울대학교 본관
3067,구 공업전습소 본관
3068,서울 한국은행 본관
3069,서울 중앙고등학교 본관
3070,서울 중앙고등학교 서관
3071,서울 중앙고등학교 동관
3072,구 서울역사
3073,서울 고려대학교 본관
3074,서울 고려대학교 중앙도서관
3075,인천 답동성당
3076,전주 전동성당
3077,구 목포 일본영사관
3078,대구 계산동성당
3079,창원 진해우체국
3080,김포 덕포진
3081,정읍 전봉준 유적
3082,전주 남고산성
3083,정읍 황토현 전적
3084,서울 몽촌토성
3085,남원읍성
3086,화성 제암리 3·1운동 순국 유적
3087,부여 정림사지
3088,순천 낙안읍성
3089,산청 조식 유적
3090,강화 갑곶돈
3091,보령 성주사지
3092,완도 청해진 유적
3093,남원 실상사
3094,해남 진산리 청자 요지
3095,경주 남산 일원
3096,화순 운주사지
3097,영주 순흥 벽화 고분
3098,광주 조선백자 요지
3099,청주 흥덕사지
3100,서산 보원사지
3101,충주 미륵대원지
3102,익산 나바위성당
3103,청주 신봉동 고분군
3104,울산 경상좌도병영성
3105,보령 죽도 해저유물 매장해역
3106,함양 황석산성
3107,파주 윤관장군묘
3108,서울 구 서대문형무소
3109,합천 옥전 고분군
3110,창원 다호리 고분군
3111,경주 용강동 고분
3112,용인 서리 고려백자 요지
3113,서울 효창공원
3114,울주 검단리 유적
3115,공주 학봉리 요지
3116,공주 석장리 유적
3117,통영 연대도 패총
3118,구미 낙산리 고분군
3119,나주읍성
3120,영암 구림리 요지
3121,전주 경기전
3122,경주 천관사지
3123,김해 대성동 고분군
3124,군포 산본동 조선백자 요지
3125,서울 호암산성
3126,고창 용계리 청자 요지
3127,고창 무장현 관아와 읍성
3128,익산 입점리 고분
3129,봉화 태백산사고지
3130,남원 만복사지
3131,경주 구정동 고분군
3132,파주 오두산성
3133,하남 동사지
3134,담양 금성산성
3135,서울 탑골공원
3136,대전 계족산성
3137,남양주 순강원
3138,광명 영회원
3139,파주 소령원
3140,파주 수길원
3141,남양주 휘경원
3142,서울 영휘원과 숭인원
3143,서울 연산군묘
3144,남양주 광해군묘
3145,구리 명빈묘
3146,남양주 성묘
3147,남양주 안빈묘
3148,남양주 영빈묘
3149,강화 석릉
3150,강화 가릉
3151,강화 곤릉
3152,서울 양천고성지
3153,부여 정암리 와요지
3154,군위 인각사지
3155,광주 신창동 유적
3156,속초 조양동 유적
3157,장성 대도리 백자 요지
3158,전주향교
3159,제주목 관아
3160,여수 충민사
3161,여주 고달사지
3162,논산 돈암서원
3163,장성 입암산성
3164,구례 석주관성
3165,포항 장기읍성
3166,공주 우금치 전적
3167,강릉대도호부 관아
3168,파주 가월리와 주월리 유적
3169,경주 보문동 사지
3170,고창 죽림리 지석묘군
3171,여수 선소유적
3172,논산 노성산성
3173,양양 오산리 유적
3174,무안 도리포 해저유물 매장해역
3175,제주 항파두리 항몽 유적
3176,강진 전라병영성
3177,단양 수양개 유적
3178,서울 양화나루와 잠두봉 유적
3179,충주 장미산성
3180,괴산 미륵산성
3181,통영 삼도수군통제영
3182,포천 반월성
3183,나주 복암리 고분군
3184,익산 제석사지
3185,장성 황룡 전적
3186,광양 옥룡사지
3187,익산 왕궁리 유적
3188,부안 백산성
3189,화순 효산리와 대신리 지석묘군
3190,대구 진천동 입석
3191,제주 고산리 유적
3192,시흥 방산동 청자와 백자 요지
3193,진천 김유신 탄생지와 태실
3194,청주 정북동 토성
3195,제주 삼양동 유적
3196,괴산 송시열 유적
3197,순천 검단산성
3198,경주 용강동 원지 유적
3199,부여 능안골 고분군
3200,삼척 두타산 이승휴 유적
3201,하남 이성산성
3202,이천 설봉산성
3203,대한성공회 강화성당
3204,부여 화지산 유적
3205,고성 문암리 유적
3206,부여 왕흥사지
3207,부여 관북리 유적
3208,김해 구지봉
3209,경주 손곡동과 물천리 유적
3210,홍성 홍주의사총
3211,해남 윤선도 유적
3212,공주 장선리 유적
3213,부여 능산리 사지
3214,부여 금강사지
3215,서울 선농단
3216,파주 칠중성
3217,안국동 윤보선가
3218,원주 강원감영
3219,서울 초안산 분묘군
3220,시흥 오이도 유적
3221,구 대구의학전문학교 본관
3222,구 도립대구병원
3223,성주 세종대왕자 태실
3224,충주 숭선사지
3225,영월 정양산성
3226,원주 영원산성
3227,강릉 굴산사지
3228,해남 군곡리 패총
3229,사천 늑도 유적
3230,화성 마하리 고분군
3231,강화 외성
3232,하동읍성
3233,김해 양동리 고분군
3234,아차산 일대 보루군
3235,나주 오량동 요지
3236,경주 춘양교지와 월정교지
3237,순천 월평 유적
3238,밀양 박익 벽화묘
3239,공주 수촌리 고분군
3240,"서울 청계천 유적(광통교지,수표교지와"
3241,충주 루암리 고분군
3242,파주 혜음원지
3243,서울 경교장
3244,원주 법천사지
3245,연천 호로고루
3246,연천 당포성
3247,연천 은대리성
3248,구미 황상동 고분군
3249,완주 위봉산성
3250,창원 진동리 유적
3251,서천 봉선리 유적
3252,공주 정지산 유적
3253,서산 부장리 고분군
3254,경주 황성동 고분
3255,상주 복룡동 유적
3256,수원 화성행궁
3257,북한산성 행궁지
3258,남한산성 행궁
3259,부여 홍산현 관아
3260,김제군 관아와 향교
3261,나주목 관아와 향교
3262,거제현 관아
3263,화순 쌍산 항일의병 유적
3264,창녕 비봉리 패총
3265,서귀포 김정희 유배지
3266,달성 도동서원
3267,춘천 신매리 유적
3268,강릉 초당동 유적
3269,영주 금성대군 신단
3270,광양 마로산성
3271,포항 법광사지
3272,정읍 고사부리성
3273,양양 낙산사 일원
3274,김제 금산사 일원
3275,서울 이화장
3276,장흥 석대들 전적
3277,함양 남계서원
3278,용인 보정동 고분군
3279,보령 충청수영성
3280,경주 불국사
3281,보은 법주사
3282,합천 해인사
3283,구례 화엄사
3284,순천 송광사
3285,순천 선암사
3286,해남 대흥사
3287,거제 둔덕기성
3288,고령 사부동과 기산동 요지
3289,진천 산수리와 삼용리 요지
3290,경주 대릉원 일원
3291,나주 반남 고분군
3292,창녕 교동과 송현동 고분군
3293,함안 말이산 고분군
3294,경산 임당동과 조영동 고분군
3295,경주 진지왕릉
3296,경주 문성왕릉
3297,고흥 운대리 분청사기 요지
3298,서울 용산신학교
3299,서울 원효로 예수성심성당
3300,제주 용담동 유적
3301,여수 석보
3302,삼척 준경묘·영경묘
3303,파주 이이 유적
3304,양주 대모산성
3305,증평 추성산성
3306,울산 약사동 제방
3307,당진 솔뫼마을 김대건신부 유적
3308,용인 심곡서원
3309,고창 봉덕리 고분군
3310,상주 옥동서원
3311,경주 인왕동 사지
3312,영월부 관아
3313,해남 전라우수영
3314,안성 도기동 산성
3315,파주 덕진산성
3316,대구 경상감영지
3317,부산 연산동 고분군
3318,논산 노강서원
3319,부안 죽막동 유적
3320,남원 유곡리와 두락리 고분군
3321,정읍 은선리와 도계리 고분군
3322,대구 구암동 고분군
3323,구 군산세관 본관
3324,부산 임시수도 대통령관저
3325,창녕 계성 고분군
3326,경주 분황사지
3327,경주 구황동 원지 유적 일원
3328,만해 한용운 심우장
3329,진안 도통리 청자요지
3330,장수 동촌리 고분군
3331,인제 한계산성
3332,함안 가야리 유적
3333,의성 금성면 고분군
3334,인천 계양산성
3335,인천 팔미도 등대
3336,의정부지
3337,거창 거열산성
3338,태안 안흥진성
3339,합천 삼가 고분군
3340,삼척도호부 관아지
3341,고창 무장기포지
3342,경주 금강산 표암봉 일원(2022)
3343,삼척 흥전리 사지
3344,담양 응용리와 태목리 유적
3345,임진왜란 웅치 전적
3346,제2로 직봉 - 성남 천림산 봉수 유
3347,제2로 직봉 - 용인 석성산 봉수 유
3348,제2로 직봉 - 단양 소이산 봉수 유
3349,제2로 직봉 - 음성 망이성 봉수 유
3350,제2로 직봉 - 제천 오현 봉수 유적
3351,제2로 직봉 - 충주 마산 봉수 유적
3352,제2로 직봉 - 경주 접포현 봉수 유
3353,제2로 직봉 - 안동 봉지산 봉수 유
3354,제2로 직봉 - 영천 성산 봉수 유적
3355,제2로 직봉 - 영천 성황당 봉수 유
3356,제2로 직봉 - 영천 여음동 봉수 유
3357,제2로 직봉 - 의성 계란현 봉수 유
3358,제2로 직봉 - 양산 위천 봉수 유적
3359,제2로 직봉 - 울산 부로산 봉수 유
3360,고성 건봉사지
3361,대구 팔거산성
3362,장수 침령산성
3363,제5로 직봉 - 여수 돌산도 봉수 유
3364,제5로 직봉 - 고흥 마북산 봉수 유
3365,제5로 직봉 - 고흥 장기산 봉수 유
3366,제5로 직봉 - 장흥 전일산 봉수 유
3367,제5로 직봉 - 해남 좌곡산 봉수 유
3368,제5로 직봉 - 해남 달마산 봉수 유
3369,제5로 직봉 - 해남 관두산 봉수 유
3370,제5로 직봉 - 진도 첨찰산 봉수 유
3371,제5로 직봉 - 무안 고림산 봉수 유
3372,제5로 직봉 - 영광 고도도 봉수 유
3373,제5로 직봉 - 부안 점방산 봉수 유
3374,제5로 직봉 - 논산 황화대 봉수 유
3375,제5로 직봉 - 논산 노성산 봉수 유
3376,제5로 직봉 - 천안 대학산 봉수 유
3377,제5로 직봉 - 평택 괴태곶 봉수 유
3378,제5로 직봉 - 강화 망산 봉수 유적
3379,탕춘대성
3380,고성 동외동 유적
3381,안성 봉업사지
3382,울산 개운포 경상좌수영성
3383,영암 시종 고분군
3384,세종 한솔동 고분군
3385,거제 수정산성
3386,서천읍성
3387,상주 흥암서원
3388,명주 청학동 소금강
3389,거제 해금강
3390,완도 정도리 구계등
3391,울진 불영사계곡 일원
3392,여수 상백도·하백도 일원
3393,옹진 백령도 두무진
3394,진도의바닷길
3395,삼각산
3396,청송 주왕산 주왕계곡 일원
3397,진안 마이산
3398,부안 채석강·적벽강 일원
3399,영월 어라연 일원
3400,남해 가천마을 다랑이 논
3401,예천 회룡포
3402,부산 영도 태종대
3403,소매물도 등대섬
3404,예천 선몽대 일원
3405,제천 의림지와 제림
3406,공주 고마나루
3407,영광 법성진 숲쟁이
3408,봉화 청량산
3409,부산 오륙도
3410,순천 초연정 원림
3411,안동 백운정 및 개호송 숲 일원
3412,양양 낙산사 의상대와 홍련암
3413,삼척 죽서루와 오십천
3414,구룡령 옛길
3415,죽령 옛길
3416,문경 토끼비리
3417,문경새재
3418,광한루원
3419,보길도 윤선도 원림
3420,서울 부암동 백석동천
3421,동해 무릉계곡
3422,장성 백양사 백학봉
3423,남해 금산
3424,담양 소쇄원
3425,순천만
3426,충주 탄금대
3427,제주 서귀포 정방폭포
3428,단양 도담삼봉
3429,단양 석문
3430,단양 구담봉
3431,단양 사인암
3432,제천 옥순봉
3433,충주 계립령로 하늘재
3434,영월 청령포
3435,예천 초간정 원림
3436,구미 채미정
3437,거창 수승대
3438,고창 선운산 도솔계곡 일원
3439,무주 구천동 일사대 일원
3440,무주 구천동 파회·수심대 일원
3441,담양 식영정 일원
3442,담양 명옥헌 원림
3443,해남 달마산 미황사 일원
3444,봉화 청암정과 석천계곡
3445,속리산 법주사 일원
3446,가야산 해인사 일원
3447,부여 구드래 일원
3448,지리산 화엄사 일원
3449,조계산 송광사·선암사 일원
3450,두륜산 대흥사 일원
3451,서울 백악산 일원
3452,양양 하조대
3453,안면도 꽃지 할미 할아비 바위
3454,춘천 청평사 고려선원
3455,남해 지족해협 죽방렴
3456,지리산 한신계곡 일원
3457,태백 검룡소
3458,대관령 옛길
3459,영월 한반도 지형
3460,영월 선돌
3461,제주 서귀포 산방산
3462,제주 서귀포 쇠소깍
3463,제주 서귀포 외돌개
3464,진도 운림산방
3465,포항 용계정과 덕동숲
3466,안동 만휴정 원림
3467,사라오름
3468,영실기암과 오백나한
3469,함양 심진동 용추폭포
3470,함양 화림동 거연정 일원
3471,밀양 월연대 일원
3472,거창 용암정 일원
3473,화순 임대정 원림
3474,한라산 백록담
3475,한라산 선작지왓
3476,제주 방선문
3477,포천 화적연
3478,포천 한탄강 멍우리 협곡
3479,설악산 비룡폭포 계곡 일원
3480,설악산 토왕성폭포
3481,설악산 대승폭포
3482,설악산 십이선녀탕 일원
3483,설악산 수렴동·구곡담 계곡 일원
3484,설악산 울산바위
3485,설악산 비선대와 천불동계곡 일원
3486,설악산 용아장성
3487,설악산 공룡능선
3488,설악산 내설악 만경대
3489,청송 주산지 일원
3490,강릉 용연계곡 일원
3491,광주 환벽당 일원
3492,강릉 경포대와 경포호
3493,남양주 운길산 수종사 일원
3494,괴산 화양구곡
3495,구례 오산 사성암 일원
3496,화순 적벽
3497,군산 선유도 망주봉 일원
3498,무등산 규봉 주상절리와 지공너덜
3499,강진 백운동 원림
3500,부안 직소폭포 일원
3501,신안 가거도 섬등반도
3502,서울 성북동 별서
3503,장흥 천관산
3504,울주 반구천 일원
3505,고흥 지죽도 금강죽봉
3506,완주 위봉폭포 일원
3507,부안 우금바위 일원
3508,칠곡 가산바위
3509,포항 보경사 내연산 폭포
3510,고창 병바위 일원
3511,삼남대로 갈재
3512,삼남대로 누릿재
3513,백운산 칠족령
3514,창녕 남지 개비리
3515,관동대로 구질현
3516,영덕 옥계 침수정 일원
3517,지리산 쌍계사와 불일폭포 일원
3518,여수 금오산 향일암 일원
3519,연천 재인폭포
3520,곡성 함허정 일원
3521,창녕 관룡산 관룡사 일원
3522,영광 불갑사 산지 일원
3523,김제 진봉산 망해사 일원
3524,여수 영취산 흥국사 일원
3525,강진 만덕산 백련사와 다산초당 일원
3526,안동 고산정 일원
3527,여수 거문도 수월산 일원
3528,보성 오봉산 용추동과 칼바위 일원
3529,대구 도동 측백나무 숲
3530,서울 재동 백송
3531,서울 조계사 백송
3532,광릉 크낙새 서식지
3533,진천 노원리 왜가리 번식지
3534,제주 삼도 파초일엽 자생지
3535,제주 토끼섬 문주란 자생지
3536,제주 무태장어 서식지
3537,완도 주도 상록수림
3538,남해 미조리 상록수림
3539,양평 용문사 은행나무
3540,강진 사당리 푸조나무
3541,순천 평중리 이팝나무
3542,구례 화엄사 올벚나무
3543,강진 삼인리 비자나무
3544,완도 예송리 상록수림
3545,울릉 통구미 향나무 자생지
3546,울릉 대풍감 향나무 자생지
3547,울릉 태하동 솔송나무·섬잣나무·너도밤
3548,울릉 도동 섬개야광나무와 섬댕강나무군
3549,울릉 나리동 울릉국화와 섬백리향군락
3550,진도의 진도개
3551,서울 문묘 은행나무
3552,고양 송포 백송
3553,단양 영천리 측백나무 숲
3554,통영 비진도 팔손이나무 자생지
3555,울주 구량리 은행나무
3556,울주 목도 상록수림
3557,옹진 대청도 동백나무 자생북한지
3558,상주 운평리 구상화강암
3559,정선 정암사 열목어 서식지
3560,봉화 대현리 열목어 서식지
3561,영월 하송리 은행나무
3562,강화 갑곶리 탱자나무
3563,강화 사기리 탱자나무
3564,무안 청천리 팽나무와 개서어나무 숲
3565,금산 요광리 은행나무
3566,순천 송광사 천자암 쌍향수(곱향나무)
3567,경주 오류리 등나무
3568,내장산 굴거리나무군락
3569,원성 성남리 성황림
3570,삼척 도계리 긴잎느티나무
3571,울진 수산리 굴참나무
3572,제주 김녕굴과 만장굴
3573,진도 고니류 도래지
3574,보은 속리 정이품송
3575,예산 용궁리 백송
3576,진도 쌍계사 상록수림
3577,함평 향교리 느티나무·팽나무·개서어나
3578,함평 기각리 붉가시나무 자생북한지
3579,진도 상만리 비자나무
3580,영광 불갑사 참식나무 자생북한지
3581,영양 감천리 측백나무 숲
3582,경주 독락당 조각자나무
3583,부안 도청리 호랑가시나무군락
3584,부안 격포리 후박나무군락
3585,부안 중계리 꽝꽝나무군락
3586,울산 귀신고래 회유해면
3587,보령 외연도 상록수림
3588,태안 안면도 모감주나무군락
3589,칠곡 금무봉 나무고사리 화석산지
3590,괴산 송덕리 미선나무 자생지
3591,남해 물건리 방조어부림
3592,강진 백련사 동백나무 숲
3593,남해 화방사 산닥나무 자생지
3594,장성 백양사 비자나무 숲
3595,함양 상림
3596,울진 성류굴
3597,제주 신례리 왕벚나무 자생지
3598,울진 후정리 향나무
3599,제주 봉개동 왕벚나무 자생지
3600,제주 산천단 곰솔 군
3601,제주 성읍리 느티나무 및 팽나무 군
3602,제주 도순리 녹나무 자생지
3603,제주 천지연 담팔수 자생지
3604,창원 신방리 음나무 군
3605,괴산 읍내리 은행나무
3606,강릉 장덕리 은행나무
3607,원주 반계리 은행나무
3608,부산 양정동 배롱나무
3609,서천 마량리 동백나무 숲
3610,홍도 천연보호구역
3611,설악산 천연보호구역
3612,강진 까막섬 상록수림
3613,해남 대둔산 왕벚나무 자생지
3614,안동 송사동 소태나무
3615,안동 용계리 은행나무
3616,부산 범어사 등나무군락
3617,익산 천호동굴
3618,삼척 대이리 동굴지대
3619,낙동강 하류 철새 도래지
3620,청도 운문사 처진소나무
3621,한라산 천연보호구역
3622,고창 중산리 이팝나무
3623,고창 선운사 동백나무 숲
3624,김해 신천리 이팝나무
3625,울릉 성인봉 원시림
3626,한강의 황쏘가리
3627,제주의 한란
3628,청송 신기리 느티나무
3629,청송 관리 왕버들
3630,창덕궁 향나무
3631,제주 서귀포층 패류 화석산지
3632,의령 서동리 백악기 빗방울자국
3633,크낙새
3634,따오기
3635,황새
3636,먹황새
3637,고니
3638,큰고니
3639,혹고니
3640,두루미
3641,재두루미
3642,팔색조
3643,저어새
3644,노랑부리저어새
3645,느시(들칠면조)
3646,보은 속리산 망개나무
3647,여주 신접리 백로와 왜가리 번식지
3648,무안 용월리 백로와 왜가리 번식지
3649,진도 관매도 후박나무
3650,진안 평지리 이팝나무 군
3651,흑비둘기
3652,사향노루
3653,산양
3654,장수하늘소
3655,영월 고씨굴
3656,괴산 추점리 미선나무 자생지
3657,괴산 율지리 미선나무 자생지
3658,함안 용산리 백악기 새발자국 화석산지
3659,영동 영국사 은행나무
3660,밀양 남명리 얼음골
3661,구미 농소리 은행나무
3662,삼척 초당굴
3663,거제 연안 아비 도래지
3664,흑두루미
3665,양양 포매리 백로와 왜가리 번식지
3666,남양주 양지리 향나무
3667,거제 학동리 동백나무 숲 및 팔색조 
3668,양산 신전리 이팝나무
3669,광양읍수와 이팝나무
3670,"제주 한림 용암동굴지대(소천굴, 황금"
3671,울릉 사동 흑비둘기 서식지
3672,금강의 어름치
3673,고흥 금탑사 비자나무 숲
3674,서울 선농단 향나무
3675,해남 녹우단 비자나무 숲
3676,까막딱따구리
3677,독수리
3678,검독수리
3679,참수리
3680,흰꼬리수리
3681,소백산 주목군락
3682,철원 철새 도래지
3683,대암산·대우산 천연보호구역
3684,향로봉·건봉산 천연보호구역
3685,횡성 압곡리 백로와 왜가리 번식지
3686,무주 오산리 구상화강편마암
3687,한강 하류 재두루미 도래지
3688,창덕궁 다래나무
3689,안동 구리 측백나무 숲
3690,이천 신대리 백송
3691,서울 삼청동 등나무
3692,서울 삼청동 측백나무
3693,단양 고수동굴
3694,어름치
3695,평창 백룡동굴
3696,단양 온달동굴
3697,단양 노동동굴
3698,제주 산굼부리 분화구
3699,연산 화악리의 오계
3700,괴산 사담리 망개나무 자생지
3701,부산 전포동 구상반려암
3702,장흥 어산리 푸조나무
3703,부산 좌수영성지 곰솔
3704,서울 신림동 굴참나무
3705,삼척 갈전리 당숲
3706,영풍 단촌리 느티나무
3707,영풍 태장리 느티나무
3708,안동 사신리 느티나무
3709,양주 황방리 느티나무
3710,원성 대안리 느티나무
3711,김제 행촌리 느티나무
3712,남원 진기리 느티나무
3713,영암 월곡리 느티나무
3714,담양 대치리 느티나무
3715,영풍 병산리 갈참나무
3716,파주 무건리 물푸레나무
3717,사천 성내리 비자나무
3718,안동 대곡리 굴참나무
3719,합천 화양리 소나무
3720,무주 삼공리 반송
3721,문경 화산리 반송
3722,상주 상현리 반송
3723,예천 천향리 석송령
3724,청도 동산리 처진소나무
3725,김제 종덕리 왕버들
3726,청도 덕촌리 털왕버들
3727,남해 창선도 왕후박나무
3728,금릉 조룡리 은행나무
3729,청도 대전리 은행나무
3730,의령 세간리 은행나무
3731,화순 야사리 은행나무
3732,강화 볼음도 은행나무
3733,청주 공북리 음나무
3734,김해 천곡리 이팝나무
3735,부산 구포동 당숲
3736,부산 좌수영성지 푸조나무
3737,울진 화성리 향나무
3738,청송 장전리 향나무
3739,안동 주하리 뚝향나무
3740,인천 신현동 회화나무
3741,당진 삼월리 회화나무
3742,월성 육통리 회화나무
3743,함안 영동리 회화나무
3744,부여 주암리 은행나무
3745,연기 봉산동 향나무
3746,무주 일원 반딧불이와 그 먹이 서식지
3747,참매
3748,붉은배새매
3749,개구리매
3750,새매
3751,알락개구리매
3752,잿빛개구리매
3753,매
3754,황조롱이
3755,올빼미
3756,수리부엉이
3757,솔부엉이
3758,쇠부엉이
3759,칡부엉이
3760,소쩍새
3761,큰소쩍새
3762,개리
3763,흑기러기
3764,검은머리물떼새
3765,원앙
3766,하늘다람쥐
3767,반달가슴곰
3768,수달
3769,점박이물범
3770,"신안 칠발도 바닷새류(바다제비, 슴새"
3771,"제주 사수도 바닷새류(흑비둘기, 슴새"
3772,태안 난도 괭이갈매기 번식지
3773,통영 홍도 괭이갈매기 번식지
3774,독도 천연보호구역
3775,제원 송계리 망개나무
3776,완도 미라리 상록수림
3777,완도 맹선리 상록수림
3778,"신안 구굴도 바닷새류(뿔쇠오리, 바다"
3779,제주 어음리 빌레못동굴
3780,통영 욕지도 모밀잣밤나무 숲
3781,통영 우도 생달나무와 후박나무
3782,통영 추도 후박나무
3783,함안 대송리 늪지식물
3784,제주의 제주마
3785,정선 반론산 철쭉나무 및 분취류 자생
3786,영월 청령포 관음송
3787,속초 설악동 소나무
3788,보은 서원리 소나무
3789,고창 선운사 도솔암 장사송
3790,전주 삼천동 곰솔
3791,장흥 옥당리 효자송
3792,구미 독동리 반송
3793,함양 목현리 구송
3794,의령 성황리 소나무
3795,옹진 신도 노랑부리백로와 괭이갈매기 
3796,노랑부리백로
3797,고흥 외나로도 상록수림
3798,삼척 궁촌리 음나무
3799,영동 매천리 미선나무 자생지
3800,금산 보석사 은행나무
3801,담양 관방제림
3802,고창 삼인리 송악
3803,경산의 삽살개
3804,부안 미선나무 자생지
3805,포항 발산리 모감주나무와 병아리꽃나무
3806,양구 개느삼 자생지
3807,의성 제오리 공룡발자국 화석산지
3808,제주 평대리 비자나무 숲
3809,제주 납읍리 난대림
3810,제주 산방산 암벽식물지대
3811,제주 안덕계곡 상록수림
3812,제주 천제연 난대림
3813,제주 천지연 난대림
3814,진안 마이산 줄사철나무군락
3815,이천 도립리 반룡송
3816,괴산 오가리 느티나무
3817,괴산 적석리 소나무
3818,제주 당처물동굴
3819,강진 성동리 은행나무
3820,진안 은수사 청실배나무
3821,임실 덕천리 가침박달군락
3822,임실 덕천리 산개나리군락
3823,영광 칠산도 괭이갈매기·노랑부리백로·
3824,진주 유수리 백악기 하성퇴적층
3825,옹진 백령도 사곶 사빈
3826,옹진 백령도 남포리 콩돌해안
3827,옹진 백령도 진촌리 맨틀포획암 분포지
3828,해남 우항리 공룡·익룡·새발자국 화석
3829,진주 가진리 새발자국과 공룡발자국 화
3830,장수 봉덕리 느티나무
3831,장수 장수리 의암송
3832,천안 광덕사 호두나무
3833,영양 답곡리 만지송
3834,예천 금남리 황목근(팽나무)
3835,청송 홍원리 개오동나무
3836,청도 적천사 은행나무
3837,성주 경산리 성밖숲
3838,영천 자천리 오리장림
3839,의성 사촌리 가로숲
3840,함양 운곡리 은행나무
3841,함양 학사루 느티나무
3842,울진 쌍전리 산돌배나무
3843,울진 행곡리 처진소나무
3844,거창 당산리 당송
3845,고성 덕명리 공룡발자국과 새발자국 화
3846,연천 은대리 물거미 서식지
3847,영월 문곡리 건열구조 및 스트로마톨라
3848,화성 고정리 공룡알 화석산지
3849,포항 달전리 주상절리
3850,태백 장성 오르도비스기 화석산지
3851,태백 구문소 오르도비스기 지층과 제4
3852,보성 비봉리 공룡알 화석산지
3853,강화 갯벌 및 저어새 번식지
3854,성산일출봉 천연보호구역
3855,문섬·범섬 천연보호구역
3856,차귀도 천연보호구역
3857,마라도 천연보호구역
3858,지리산 천년송
3859,문경 대하리 소나무
3860,천안 양령리 향나무
3861,완도 대문리 모감주나무군락
3862,제주 월령리 선인장군락
3863,해남 성내리 수성송
3864,태안 신두리 해안사구
3865,제주 상효동 한란 자생지
3866,정선 두위봉 주목
3867,여수 낭도리 공룡발자국 화석산지
3868,달성 비슬산 암괴류
3869,한탄강 대교천 현무암 협곡
3870,강릉 정동진 해안단구
3871,제주 우도 홍조단괴 해빈
3872,제주 비양도 호니토
3873,정선 백복령 카르스트지대
3874,제주 수산리 곰솔
3875,제주연안 연산호 군락
3876,제주 중문·대포해안 주상절리대
3877,제주 선흘리 거문오름
3878,하동 송림
3879,뜸부기
3880,두견
3881,호사비오리
3882,호사도요
3883,뿔쇠오리
3884,검은목두루미
3885,붉은박쥐(오렌지윗수염박쥐)
3886,남생이
3887,미호종개
3888,꼬치동자개
3889,해송
3890,긴가지해송
3891,산굴뚝나비
3892,여주 효종대왕릉(영릉) 회양목
3893,포천 직두리 부부송
3894,강릉 산계리 굴참나무 군
3895,가지산 철쭉나무군락
3896,고창 문수사 단풍나무 숲
3897,제주 사람발자국과 동물발자국 화석산지
3898,무등산 주상절리대
3899,제주 용천동굴
3900,제주 수산동굴
3901,포항 북송리 북천수
3902,예천 금당실 송림
3903,화성 전곡리 물푸레나무
3904,창덕궁 뽕나무
3905,창덕궁 회화나무 군
3906,안동 하회마을 만송정 숲
3907,사천 아두섬 공룡 화석산지
3908,고성 계승사 백악기 퇴적구조
3909,영양 주사골 시무나무와 비술나무 숲
3910,하동 중평리 장구섬 백악기 화석산지
3911,장성 단전리 느티나무
3912,완도 정자리 황칠나무
3913,보성 전일리 팽나무 숲
3914,장흥 삼산리 후박나무
3915,담양 봉안리 은행나무
3916,화순 개천사 비자나무 숲
3917,강릉 오죽헌 율곡매
3918,구례 화엄사 화엄매
3919,장성 백양사 고불매
3920,화순 서유리 공룡발자국 화석산지
3921,순천 선암사 선암매
3922,광양 옥룡사 동백나무 숲
3923,제주 선흘리 벵뒤굴
3924,하동 축지리 문암송
3925,의령 백곡리 감나무
3926,의령 세간리 현고수(느티나무)
3927,고창 수동리 팽나무
3928,진안 천황사 전나무
3929,비단벌레
3930,정읍 두월리 청실배나무
3931,평창 운교리 밤나무
3932,남해 가인리 화석산지
3933,목포 갓바위 풍화혈
3934,군산 말도 습곡구조
3935,강화 참성단 소사나무
3936,고창 교촌리 멀구슬나무
3937,화성 융릉 개비자나무
3938,진도 동거차도 유문암질 단괴
3939,옹진 백령도 남포리 습곡구조
3940,옹진 소청도 선캄브리아 스트로마톨라이
3941,정선 산호동굴
3942,평창 섭동굴
3943,태안 내파수도 해안 자갈톱
3944,경산 대구가톨릭대학교 백악기 스트로마
3945,제주 수월봉 화산쇄설층
3946,영덕 도천리 도천숲
3947,나주 송죽리 금사정 동백나무
3948,나주 상방리 호랑가시나무
3949,제주 물장오리 오름
3950,보은 용곡리 고욤나무
3951,영양 무창리 산돌배
3952,강릉 방동리 무궁화
3953,청주 연제리 모과나무
3954,제주 도련동 귤나무류
3955,창녕 우포늪 천연보호구역
3956,신안 작은대섬 응회암과 화산성구조
3957,제주 사계리 용머리 화산쇄설층
3958,의성 빙계리 얼음골
3959,밀양 만어산 암괴류
3960,양양 오색리 오색약수
3961,홍천 광원리 삼봉약수
3962,인제 미산리 개인약수
3963,화천 황쏘가리 서식지
3964,부여·청양 지천 미호종개 서식지
3965,진주 충무공동 익룡·새·공룡발자국 화
3966,신안 압해도 수각류 공룡알둥지 화석
3967,경주 양남 주상절리군
3968,포천 한탄강 현무암 협곡과 비둘기낭폭
3969,독도 사철나무
3970,광주 충효동 왕버들 군
3971,경주개 동경이
3972,포천 아우라지 베개용암
3973,영월 무릉리 요선암 돌개구멍
3974,제주 강정동 담팔수
3975,대전 괴곡동 느티나무
3976,제주 흑우
3977,포항 뇌성산 뇌록산지
3978,군산 산북동 공룡발자국과 익룡발자국 
3979,정선 용소동굴
3980,제주 흑돼지
3981,당진 면천 은행나무
3982,거문오름 용암동굴계 상류동굴군(웃산전
3983,서산 송곡서원 향나무
3984,강릉 현내리 고욤나무
3985,정선 봉양리 쥐라기 역암
3986,정선 화암동굴
3987,문경 장수황씨 종택 탱자나무
3988,상주 두곡리 뽕나무
3989,담양 태목리 대나무군락
3990,포항 흥해향교 이팝나무군락
3991,인천 장수동 은행나무
3992,정읍 내장산 단풍나무
3993,부여 가림성 느티나무
3994,사천 선전리 백악기 나뭇가지 피복체 
3995,진주 정촌면 백악기 공룡·익룡발자국 
3996,영양 송하리 졸참나무와 당숲
3997,정선 봉양리 뽕나무
3998,연천 임진강 두루미류 도래지(569)
3999,세종 임난수 은행나무
4000,화성 뿔공룡(코리아케라톱스 화성엔시스
4001,청와대 노거수 군
4002,창원 북부리 팽나무
4003,포항 금광리 신생대 나무화석
4004,포항 오도리 주상절리
4005,부안 위도 진리 대월습곡
4006,포항 금광동층 신생대 화석산지
4007,영월 분덕재동굴
4008,신안 만재도 주상절리
4009,군산 하제마을 팽나무
4010,부여 석성동헌 탱자나무
4011,한라산 모세왓 유문암질 각력암 지대
4012,고창 하고리 삼태마을숲
4013,부안 격포리 페퍼라이트
4014,부안 도청리 솔섬 응회암 내 구상구조
4015,포항 신생대 두호층 고래화석
4016,포항 신생대 두호층 결핵체
4017,포항 신생대 두호층 결핵체(2025-
4018,청주 압각수
4019,종묘제례악
4020,양주별산대놀이
4021,남사당놀이
4022,갓일
4023,판소리
4024,통영오광대
4025,고성오광대
4026,강강술래
4027,은산별신제
4028,나전장
4029,진주삼천포농악
4030,평택농악
4031,이리농악
4032,강릉농악
4033,임실필봉농악
4034,구례잔수농악
4035,김천금릉빗내농악
4036,남원농악
4037,진주검무
4038,강릉단오제
4039,한산모시짜기
4040,북청사자놀음
4041,거문고산조
4042,봉산탈춤
4043,동래야류
4044,선소리산타령
4045,대금정악
4046,승전무
4047,매듭장
4048,가야금산조 및 병창
4049,안동차전놀이
4050,영산쇠머리대기
4051,영산줄다리기
4052,승무
4053,나주의 샛골나이
4054,서도소리
4055,가곡
4056,낙죽장
4057,광주 칠석 고싸움놀이
4058,강령탈춤
4059,조각장
4060,조선왕조궁중음식
4061,처용무
4062,학연화대합설무
4063,가사
4064,악기장
4065,수영야류
4066,경산자인단오제
4067,대금산조
4068,피리정악 및 대취타
4069,궁시장
4070,단청장
4071,송파산대놀이
4072,영산재
4073,남도들노래
4074,채상장
4075,소목장
4076,종묘제례
4077,경기민요
4078,줄타기
4079,장도장
4080,은율탈춤
4081,좌수영어방놀이
4082,두석장
4083,백동연죽장
4084,망건장
4085,탕건장
4086,밀양백중놀이
4087,하회별신굿탈놀이
4088,양주소놀이굿
4089,제주칠머리당영등굿
4090,진도씻김굿
4091,가산오광대
4092,대목장
4093,기지시줄다리기
4094,택견
4095,유기장
4096,입사장
4097,발탈
4098,자수장
4099,진도다시래기
4100,동해안별신굿
4101,서해안배연신굿 및 대동굿
4102,위도띠뱃놀이
4103,남해안별신굿
4104,구례향제줄풍류
4105,이리향제줄풍류
4106,고성농요
4107,예천통명농요
4108,석전대제
4109,문배주
4110,면천두견주
4111,경주교동법주
4112,명주짜기
4113,바디장
4114,침선장
4115,황해도평산소놀음굿
4116,제와장
4117,태평무
4118,전통장
4119,제주민요
4120,옹기장
4121,살풀이춤
4122,경기도도당굿
4123,소반장
4124,옥장
4125,금속활자장
4126,배첩장
4127,완초장
4128,서울 새남굿
4129,사기장
4130,각자장
4131,누비장
4132,목조각장
4133,화각장
4134,윤도장
4135,사직대제
4136,주철장
4137,칠장
4138,염장
4139,염색장
4140,화혜장
4141,한지장
4142,불화장
4143,금박장
4144,석장
4145,번와장
4146,연등회
4147,법성포단오제
4148,궁중채화
4149,삼화사 수륙재
4150,진관사 수륙재
4151,아랫녘 수륙재
4152,선자장
4153,아리랑
4154,제다
4155,씨름
4156,해녀
4157,김치 담그기
4158,제염
4159,온돌문화
4160,낙화장
4161,장 담그기
4162,전통어로방식-어살
4163,불복장작법
4164,삼베짜기
4165,사경장
4166,활쏘기
4167,인삼 재배와 약용문화
4168,막걸리 빚기
4169,떡 만들기
4170,갯벌어로
4171,제주큰굿
4172,한복생활
4173,윷놀이
4174,설과 대보름
4175,한식
4176,단오
4177,추석
4178,동지
4179,한글서예
4180,사찰음식
4181,봉은사 생전예수재
4182,덕온공주 당의
4183,심동신 금관조복
4184,광해군 내외 및 상궁 옷
4185,외재 이단하 내외 옷
4186,강릉 선교장
4187,사영 김병기 일가 옷
4188,통영 문화동 벅수
4189,구례 운조루 고택
4190,삼덕리 마을제당
4191,창녕 진양하씨 고택
4192,나주 불회사 석장승
4193,나주 운흥사 석장승
4194,경산 정원용 의대
4195,고창 오거리 당산
4196,남원 실상사 석장승
4197,방상시 탈
4198,국사당의 무신도
4199,부안 서문안 당산
4200,부안 동문안 당산
4201,남원 서천리 당산
4202,남이흥장군 일가 유품
4203,윤증가의 유품
4204,경주 양동마을 송첨종택
4205,영천 매산고택과 산수정
4206,정읍 김명관 고택
4207,경주 최부자댁
4208,인왕산 국사당
4209,사명대사의 금란가사와 장삼
4210,보부상 유품(1)
4211,보부상 유품(2)
4212,보부상 유품(3)
4213,보부상 유품(4)
4214,보부상 유품(5)
4215,보부상 유품(6)
4216,남은들 상여
4217,제주 잣동네 말방아
4218,제주 당거리동네 말방아
4219,삼척 신리 너와집과 민속유물
4220,경주 월암종택
4221,각궁
4222,정충신장군 유품
4223,학성 이천기 일가 묘 출토복식
4224,정공청 유품
4225,고창 신재효 고택
4226,홍극가 묘 출토복식
4227,운봉수 향낭
4228,일월수 다라니주머니
4229,오조룡 왕비 보
4230,전 고종 익선관
4231,전 고종갓
4232,전 고종 패옥
4233,별전 괴불(17족)
4234,동궁비 원삼
4235,전 황후 황원삼
4236,옥색 명주 장옷
4237,청색 숙고사 장옷
4238,광화당 원삼
4239,토황색 명주 저고리
4240,황후 적의
4241,황후 청석
4242,수복칠보석류문 황갈단 당의
4243,수복칠보석류보상화문 황갈단 당의
4244,곤룡포 부 용문보
4245,십장생수 이층롱
4246,초충수병(4폭)
4247,청초중단
4248,적초의
4249,왕비 녹원삼
4250,흥선대원군 기린흉배
4251,구장복
4252,적의본 및 폐슬본
4253,제주 성읍마을 객주집
4254,제주 성읍마을 고평오 고택
4255,제주 성읍마을 고창환 고택
4256,제주 성읍마을 한봉일 고택
4257,제주 성읍마을 대장간집
4258,경주 양동마을 낙선당 고택
4259,경주 양동마을 사호당 고택
4260,경주 양동마을 상춘헌 고택
4261,경주 양동마을 근암고택
4262,경주 양동마을 두곡고택
4263,경주 양동마을 수졸당 고택
4264,경주 양동마을 이향정 고택
4265,경주 양동마을 수운정
4266,경주 양동마을 심수정
4267,경주 양동마을 안락정
4268,경주 양동마을 강학당
4269,안동 하회마을 화경당 고택
4270,안동 하회마을 원지정사
4271,안동 하회마을 빈연정사
4272,안동 하회마을 작천고택
4273,안동 하회마을 옥연정사
4274,안동 하회마을 겸암정사
4275,안동 하회마을 염행당 고택
4276,안동 하회마을 양오당 고택
4277,순천 낙안읍성 이방댁
4278,순천 낙안읍성 들마루집
4279,순천 낙안읍성 뙤창집
4280,순천 낙안읍성 마루방집
4281,순천 낙안읍성 대나무 서까래집
4282,순천 낙안읍성 ㄱ자집
4283,순천 낙안읍성 주막집
4284,순천 낙안읍성 서문성벽집
4285,순천 낙안읍성 향리댁
4286,순창 충신리 석장승
4287,순창 남계리 석장승
4288,전 왕비 당의
4289,달성 삼가헌 고택
4290,구미 쌍암고택
4291,청도 운강고택과 만화정
4292,영천 연정고택
4293,영양 서석지
4294,청주 출토 순천김씨 의복 및 간찰
4295,전 박신용장군 의대
4296,김덕령장군 의복
4297,장흥임씨 묘 출토복식
4298,고대박물관 소장 홍진종 의복
4299,과천 출토 광주이씨 의복
4300,이형 부인 동래정씨 의복
4301,청원 구례손씨 묘 출토유물
4302,청원 전 박장군 묘 출토유물
4303,중원 김위 묘 출토유물
4304,병와 이형상 유품
4305,청풍부원군 상여
4306,흥완군 의복
4307,안동 하회마을
4308,수원 광주이씨 고택
4309,화성 정시영 고택
4310,화성 정수영 고택
4311,여주 보통리 고택
4312,이천 어재연 고택
4313,양주 매곡리 고택
4314,남양주 동관댁
4315,남양주 궁집
4316,고성 어명기 고택
4317,영동 소석고택
4318,청주 고은리 고택
4319,보은 우당고택
4320,충주 윤양계 고택
4321,괴산 김항묵 고택
4322,제천 박용원 고택
4323,세종 홍판서댁
4324,보은 최감찰댁
4325,영동 규당고택
4326,음성 잿말 고택
4327,영동 김참판댁
4328,음성 공산정 고택
4329,영동 성장환 고택
4330,단양 조덕수 고택
4331,괴산 송병일 고택
4332,제천 정원태 고택
4333,남원 몽심재 고택
4334,부안 김상만 고택
4335,나주 계은고택
4336,화순 양참사댁
4337,해남 윤철하 고택
4338,화순 학재고택
4339,곡성 제호정 고택
4340,보성 율어리 고택
4341,보성 이정래 고택
4342,보성 이승래 고택
4343,보성 이진래 고택
4344,보성 이준회 고택
4345,장흥 존재고택
4346,보성 열화정
4347,보성 이용우 고택
4348,영암 삼성당 고택
4349,나주 우남고택
4350,무안 유교리 고택
4351,영덕 충효당 종택
4352,봉화 만회고택
4353,봉화 쌍벽당 종택
4354,봉화 계서당 종택
4355,청송 성천댁
4356,청송 후송당 고택
4357,예천 물체당 고택
4358,영천 만취당 고택
4359,안동 수곡고택
4360,안동 하회마을 하동고택
4361,안동 일성당 고택
4362,안동 학암고택
4363,안동 예안이씨 근재재사
4364,안동 도암종택
4365,안동 의성김씨 서지재사
4366,안동 안동권씨 능동재사
4367,안동 오류헌 고택
4368,안동 고성이씨 탑동파 종택
4369,함양 일두고택
4370,모포줄
4371,제주 성읍마을
4372,경주 양동마을
4373,논산 명재고택
4374,예산 오추리 고택
4375,부여 여흥민씨 고택
4376,부여 군수리 고택
4377,아산 용궁댁
4378,아산 외암마을 참판댁
4379,아산 윤보선 대통령 생가
4380,서천 이하복 고택
4381,홍성 사운고택
4382,서산 경주김씨 고택
4383,달성 조길방 고택
4384,예천 예천권씨 초간공파 종택
4385,안동 권성백 고택
4386,안동 송소종택
4387,안동 안동권씨 소등재사
4388,거창 동계종택
4389,합천 묵와고택
4390,함양 허삼둘 고택
4391,함안 무기연당
4392,김함의 묘 출토의복
4393,고종의 누비저고리
4394,덕온공주 의복
4395,덕온공주 유물
4396,항아 당의
4397,흥선대원군 자적 단령
4398,광해군비 당의
4399,윤용구 유물
4400,안동김씨 묘 출토의복
4401,정온가의 유품
4402,세조대의 회장저고리
4403,영조대왕의 도포
4404,삼척 대이리 너와집
4405,삼척 대이리 통방아
4406,삼척 대이리 굴피집
4407,여수 연등동 벅수
4408,전세 맹고불 유물
4409,안동 탁청정
4410,안동 후조당 종택
4411,태백산 천제단
4412,진주하씨 묘 출토유물
4413,산청 전주최씨 고령댁 상여
4414,홍성 노은리 고택
4415,해남 공재고택
4416,아산 외암마을 건재고택
4417,영광 매간당 고택
4418,고성 왕곡마을
4419,아산 외암마을
4420,의성 소우당 고택
4421,순창 성황대신 사적 현판
4422,고운 묘 출토유물
4423,제주도 내왓당 무신도
4424,장영직 유품
4425,김흠조 부부 묘 출토유물
4426,이언충 묘 출토복식
4427,선암사 소장 가사·탁의
4428,청도 운림고택
4429,이응해장군 묘 출토복식
4430,봉화 설매리 3겹 까치구멍집
4431,예천 남악종택
4432,봉화 송석헌 고택
4433,청송 송소 고택
4434,신안 김환기 고택
4435,강진 영랑 생가
4436,영암 최원립장군 묘 출토복식·유물
4437,문경 평산신씨 묘 출토복식
4438,성주 한개마을
4439,울릉 나리 너와 투막집과 억새 투막집
4440,울릉 나리 억새 투막집
4441,서울 금성당
4442,문경 최진 일가 묘 출토복식
4443,영덕 안동권씨 옥천재사
4444,대구 백불암 고택
4445,영주 괴헌고택
4446,나주 남파고택
4447,변수 묘 출토유물
4448,영친왕 일가 복식 및 장신구류
4449,경산 상엿집과 관련 문서
4450,안동 귀봉종택
4451,안동 번남고택
4452,장흥 신와고택
4453,장흥 오헌고택
4454,영덕 난고종택
4455,안동 광산김씨 탁청정공파 종택
4456,논산 백일헌 종택
4457,의왕 원유관
4458,장흥 방촌리 석장승
4459,의원군 이혁 일가 묘 출토유물
4460,전 순정효황후 주칠 나전가구
4461,영주 무섬마을
4462,봉화 만산고택
4463,안동 향산고택
4464,예산 수당고택
4465,평산신씨 판사공파 종택
4466,서벽고택
4467,사남고택
4468,옥동금
4469,안동 허백당 종택
4470,예천 함양박씨 희이재사
4471,영덕 무안박씨 무의공파 종택
4472,안동 시은고택
4473,안동 풍산류씨 금계재사
4474,대전 동춘당 종택
4475,대전 소대헌·호연재 고택
4476,안동 진성이씨 종택
4477,봉화 선성김씨 빈동재사
4478,봉화 서설당 고택
4479,영양 한양조씨 사월종택
4480,안동 진성이씨 온혜파 종택
4481,상주 우복 종택
4482,익산 김병순 고택
4483,봉화 오고당 고택
4484,안동 영양남씨 남흥재사
4485,오산 구성이씨·여흥이씨 묘 출토복식
4486,영덕 괴시마을
4487,전(傳) 영친왕 일가 어린이 옷
4488,상주 수암종택
4489,영덕 무안박씨 희암재사
4490,남양주 16세기 여성 묘 출토복식
4491,하동 칠불사 아자방 온돌
4492,면암 최익현 관복 일괄
4493,복온공주가 홍장삼과 대대
4494,영주 만죽재 고택 및 유물 일괄
4495,영주 해우당 고택 및 유물 일괄
4496,의친왕가 복식
4497,안동 전주류씨 삼산고택
4498,나전산수무늬삼층장
4499,예천 삼강나루 주막
4500,보성 봉강리 영광정씨 고택
4501,온양민속박물관 소장 갑주와 갑주함
4502,순천 담락재와 현판
4503,장충단비
4504,동래부 동헌 충신당
4505,인천도호부 관아
4506,증심사삼층석탑
4507,송자대전판
4508,울산동헌및내아
4509,위봉문
4510,김시민 전공비
4511,봉황각
4512,징청각
4513,부평도호부 관아
4514,광주십신사지석불
4515,회덕쌍청당
4516,울주 상천리 통도사 국장생 석표
4517,조양루
4518,진주 촉석 정충단비
4519,연서 효교비
4520,제주향교
4521,다대진동헌
4522,팔공산마애약사여래좌상
4523,중국 철제범종(1982-2)
4524,광주십신사지석비
4525,청송사지부도
4526,청량당
4527,원주 강원감영 포정루
4528,신안사 대광전
4529,진주 쌍충 사적비
4530,전의 비암사 삼층석탑
4531,연북정
4532,낙성대 삼층석탑
4533,망미루
4534,영영축성비
4535,중국 철제범종(1982-1)
4536,운천사마애여래좌상
4537,남간정사
4538,운흥사지부도
4539,현절사
4540,일산동석불좌상
4541,금산 천내리 용호석
4542,송광사일주문
4543,비로사진공대사보법탑비
4544,진주 용암사지 석조지장보살좌상
4545,남평조씨 병자일기
4546,대정향교
4547,정업원 터
4548,동래부 동헌 외대문
4549,대구부수성비
4550,청동관음보살좌상
4551,광주재명석등
4552,석조보살입상
4553,석남사삼층석탑
4554,침괘정
4555,일산동오층석탑
4556,송광사사적비
4557,광양성황리삼층석탑
4558,한천사삼층석탑
4559,진주 청곡사 삼층석탑
4560,부강초등학교 강당
4561,정의향교
4562,용양봉저정
4563,동래향교 대성전
4564,북지장사삼층석탑
4565,논현포대
4566,전남도청회의실
4567,유회당(부)기궁재
4568,울산 어물동 마애약사여래삼존상
4569,충주 경종 태실
4570,상주 복룡동 당간지주
4571,의령 중교리 석조여래좌상
4572,향사당
4573,성제묘
4574,충렬사
4575,인천 구 일본제1은행
4576,원효사동부도
4577,옥류각
4578,울산향교
4579,전주향교대성전
4580,영주삼가동석조당간지주
4581,함안 장춘사 석조여래좌상
4582,사육신묘
4583,동래 장관청
4584,봉무정
4585,구 인천우체국
4586,원효사출토유물
4587,송애당
4588,언양향교
4589,덕봉서원
4590,향현사
4591,충주 창동리 오층석탑
4592,남원향교대성전
4593,용화동삼층석탑
4594,함안 주리사지 사자석탑
4595,신촌향사
4596,오층석탑
4597,성재서당
4598,정우량 영정
4599,광주향교
4600,제월당 및 옥오재
4601,언양현호적대장
4602,충렬서원
4603,이씨분재기
4604,음성 읍내리 오층모전석탑
4605,연산아문
4606,김제향교대성전
4607,창녕 구계리 석조여래좌상
4608,추자처사각
4609,삼층석탑
4610,지산재
4611,고산사 대웅전
4612,효자송도선생정려비
4613,우저서원
4614,"율곡유품(벼루,토지양여서)"
4615,논산원목다리<원항교>
4616,운산리삼층석탑
4617,진도상만리오층석탑
4618,창녕 퇴천리 삼층석탑
4619,용방록
4620,양녕대군 이제 묘역
4621,원효암 동편 삼층석탑
4622,인천향교
4623,병천사
4624,초려이유태유고
4625,동축사삼층석탑
4626,금동향로
4627,신사임당초충도병
4628,보은 순조 태실
4629,강경미내다리<미내교>
4630,용담사칠층석탑
4631,창녕 관룡사 약사전 삼층석탑
4632,연방록
4633,효령대군 이보 묘역
4634,원효암 서편 삼층석탑
4635,동화사부도군
4636,부평향교
4637,신룡동오층석탑
4638,권준의 준호구
4639,경숙옹주태실및비
4640,청동향로
4641,매창 매화도 및 옥산 국화도첩
4642,태봉사삼존석불
4643,구례사도리삼층석탑
4644,밀양 영원사지 보감국사 승탑
4645,전의 비암사 영산회 괘불탱화
4646,급제선생안
4647,건칠여래좌상
4648,증심사오백전
4649,운부군옥
4650,반고서원유허비
4651,용주사상량문
4652,옥산서병
4653,장문리오층석탑
4654,장성 원덕리 미륵석불
4655,밀양 영원사지 보감국사 묘응탑비
4656,탐라지도및지도병서
4657,만덕사지 당간지주
4658,동화사염불암마애여래좌상및보살좌상
4659,목조보살좌상(1990)
4660,증심사석조보살입상
4661,윤돈등의동복화회입의
4662,부북일기
4663,전적수사본
4664,선운사석씨원류
4665,손소선생분재기
4666,밀양 표충사 석등
4667,류형장군 호패 및 교지
4668,제주삼읍도총지도
4669,범어사 당간지주
4670,북지장사석조지장보살좌상
4671,용궁사
4672,원효사소장만수사범종
4673,조천신장
4674,문수사석조아미타여래좌상
4675,용주사병풍
4676,속초 신흥사 목판
4677,청주 충청도병마절도사영문
4678,당진 영랑사 대웅전
4679,한벽당
4680,밀양 표충비
4681,홍화각기
4682,삼군부 청헌당
4683,범어사 석등
4684,부인사석등
4685,인천창영초등학교 구 교사
4686,눌재집목판각
4687,농암진적
4688,문수사탱화
4689,용주사대웅전후불탱화
4690,서상리삼층석탑
4691,보은 법주사 세존사리탑
4692,온주아문및동헌
4693,조경묘
4694,관음사목조관음보살좌상
4695,경상좌수영성 남문
4696,부인사서탑
4697,구 제물포구락부
4698,사암집목판각
4699,만회집탄옹문집판목
4700,울산인성암신중도
4701,옥천 용암사 마애여래입상
4702,여민루
4703,천황사대웅전
4704,용장사석불좌상
4705,마애동 석조비로자나불좌상
4706,고봉화상선요
4707,존자암지세존사리탑
4708,수표교
4709,동모
4710,신무동마애불좌상
4711,인천 구 여선교사 합숙소
4712,취병조형유허비
4713,여경암(부)거업재산신당
4714,울산부선생안
4715,충주 원평리 석조여래입상
4716,금당사목불좌상
4717,자정국사사리함
4718,장군 영평사 목조나한상 및 복장유물 
4719,보림사목조관음보살좌상
4720,경희궁 흥화문
4721,동모
4722,동화사염불암청석탑
4723,인천 구 일본제58은행
4724,고봉문집목판
4725,보문산마애여래좌상
4726,영가진각대사증도가
4727,중금리삼층석탑
4728,충주 미륵대원지 석등
4729,능견난사
4730,삼릉계곡마애관음보살상
4731,연동 황룡사 목조아미타여래좌상 및 복
4732,선덕사소장대자암판묘법연화경 권3~4.
4733,선덕사소장화암사판묘법연화경 권4~7
4734,선덕사소장갑인자복각묘법연화경 권1~2
4735,경희궁 숭정전
4736,동파두
4737,팔공산동봉석조약사여래입상
4738,강화 용흥궁
4739,제봉문집목판
4740,유회당판각
4741,강한사
4742,상동리석불좌상
4743,제천 청풍 금남루
4744,마곡사동제은입사향로
4745,선암사금동향로
4746,금남 송림사 팔상도 초본
4747,서산사소장목조보살좌상및복장일괄
4748,군관청
4749,신무동삼성암지마애약사여래입상
4750,강화 충렬사
4751,포충사소장고경명문적
4752,상제집략판목
4753,관세음보살예문
4754,상동리삼층석탑
4755,부여세탑리오층석탑
4756,장수양악탑
4757,전도선국사직인통
4758,삼릉계곡선각육존불
4759,남양홍씨연기파종중문서일괄
4760,선광사소장목판본류등불경전적일괄
4761,안평대군 이용 집터
4762,송정동석불입상
4763,기대승종가소장문적
4764,용천련고판목
4765,훈몽요초
4766,읍하리석불좌상
4767,영동 가학루
4768,부여 현내리 삼층석탑
4769,남원 관왕묘
4770,송광사금강저
4771,월영대
4772,전의 청안사 지장시왕도
4773,남국선원소장목판본류불경전적
4774,석파정 별당
4775,범방동 삼층석탑
4776,이공제비및군수이후범선영세불망비
4777,회재유집목판
4778,금암집판목
4779,읍하리삼층석탑
4780,청주 용암사 석조비로자나불좌상
4781,금성산석불좌상
4782,대복사철불좌상
4783,고성이씨재사
4784,연서 학림사 신중도
4785,정방사소장석조여래좌상및복장유물일괄
4786,동래부 동하면 고문서
4787,선교사스윗즈주택
4788,강화 연미정
4789,전라남도회의실신축설계도
4790,은진송씨정려각
4791,인천안목
4792,지지대비
4793,청주 보살사 석조이불병립상
4794,부여석목리석조비로자나불좌상
4795,고성이씨신도비
4796,김해 안곡리 삼층석탑
4797,정만익 정위필 지석 및 탁본첩
4798,월계사 목조아미타불 좌상
4799,황학정
4800,범어사 청룡암시 목판
4801,선교사챔니스주택
4802,강화유수부 동헌
4803,이신의종가소장고문서
4804,고흥류씨정려각및비
4805,백양사 석조아미타삼존불좌상
4806,상원사지석탑및광배
4807,청주 탑동 오층석탑
4808,무량사김시습부도
4809,선원사동종
4810,당포앞바다승첩지도
4811,안동 흥해배씨 임연재종택
4812,창원 성주사 삼층석탑
4813,남이웅 초상 일괄
4814,삼광사 목조보살좌상
4815,석파정
4816,범어사 천수 책판
4817,선교사블레어주택
4818,강화유수부 이아
4819,오웬기념각
4820,용화사석불입상
4821,백양사 아미타삼존후불홍탱
4822,순화리삼층석탑
4823,창원 봉림사지 삼층석탑
4824,남이웅 유물 일괄
4825,용문사 목조석가 여래좌상
4826,영월 자규루 및 관풍헌
4827,범어사 어산집 책판
4828,강화 보문사 석실
4829,설교시첩
4830,백양사 신중도
4831,청주 안심사 세존사리탑
4832,도림사지삼층석탑
4833,순창삼인대
4834,"광산김씨재사및사당<재사3동,사당>"
4835,남해 장량상 동정마애비
4836,갈운리 석장승
4837,장한철의 표해록
4838,삼층석탑
4839,범어사기·범어사창건사적·범어사고적판
4840,부인사부도
4841,교동향교
4842,광주 향림사 소장본 조상경
4843,수운교도솔천
4844,백양사 석조부도
4845,진천 농다리
4846,흥주사삼층석탑
4847,선운사영산전목조삼존불상
4848,고봉국사주자원불
4849,예안향교
4850,하동 쌍계사 석등
4851,나성동 석조여래입상
4852,효열록
4853,석조팔각승탑
4854,범어사 선문촬요 책판
4855,성모당
4856,강화 보문사 마애관음보살좌상
4857,광주 문빈정사 소장 전적
4858,안동권씨유회당종가일원
4859,박홍춘 환도
4860,탑동삼층석탑
4861,괴산 봉학사지 오층석탑
4862,부여홍양리오층석탑
4863,선운사육층석탑
4864,선성현객사
4865,산청 단계리 석조여래좌상
4866,연성지
4867,대정군 군병도안
4868,석불입상
4869,범어사 권왕문 책판
4870,대구제일교회
4871,강화 석수문
4872,동래부순절도
4873,위라리칠층석탑
4874,괴산 봉학사지 석조여래좌상
4875,역동유허비
4876,전의 비암사 청한당탑
4877,보초등록
4878,석 비로자나불좌상
4879,광주 운암서원 해광집목판
4880,심광사목조석가모니불좌상
4881,신원사오층석탑
4882,선운사범종
4883,농암사당
4884,산청 삼장사지 삼층석탑
4885,궁내부예산서류철
4886,쌍계암 묘법연화경
4887,선희궁 터
4888,범어사 태전화상주심경
4889,도곡재
4890,심즙 신도비
4891,삼한시귀감
4892,고산사목조석가모니불좌상
4893,입학도설
4894,청간정
4895,보령수부리귀부및이수
4896,장성 백양사 극락보전
4897,긍구당
4898,함양 이은리 석불
4899,홍화각 현판
4900,범어사 함허어록
4901,효종어전희우시회인물도
4902,강화 후애돈대
4903,광주 덕산사 목조여래좌상
4904,고산사아미타불화
4905,석남사 산신도
4906,낙산사홍예문
4907,충주 미륵대원지 삼층석탑
4908,성주사지석등
4909,여수석인
4910,시사단
4911,함양 승안사지 석조여래좌상
4912,귤수소조
4913,도선사 마애불입상
4914,범어사 지공직지
4915,남지장사 청련암
4916,강화향교
4917,당송팔자백선
4918,석남사 독성도
4919,낙산사담장
4920,제천 청풍 금병헌
4921,문수사금동여래좌상
4922,고창무장객사
4923,나주쌍계정
4924,애일당
4925,함양 금대사 삼층석탑
4926,남환박물
4927,탐라장계초
4928,성공회 서울성당
4929,범어사 선종영가집
4930,달성 용봉동 석불입상
4931,강화 삼암돈대
4932,배자예부운략
4933,골촉 박힌 고래뼈
4934,포초골미륵좌불
4935,제천 청풍 팔영루
4936,쌍수정사적비
4937,고창무장동헌
4938,대원사자진국사부도
4939,호계서원
4940,함양 안국암 승탑
4941,영조사 목조아미타여래삼존불감
4942,천도교 중앙대교당
4943,범어사 불설대보부모은중경
4944,강화 분오리돈대
4945,선문염송
4946,신흥사 구 대웅전 단청반자
4947,기솔리석불입상
4948,방내리삼층석탑
4949,명국삼장비
4950,흥덕당간지주
4951,은곡서당
4952,정의현 객사 전패
4953,삼군부 총무당
4954,범어사 육조대사법보단경
4955,명심보감판본
4956,육경합부
4957,송호유집
4958,매산리석불입상
4959,등명사지오층석탑
4960,송원화동사합편강목 목판
4961,공북루
4962,상주사대웅전
4963,구례윤문효공묘전석등및석비
4964,추원재
4965,지장보살본원경
4966,법집별행록절요병입사기
4967,금암기적비
4968,범어사 금강반야바라밀경변상
4969,이철견신도비
4970,강화 적석사 사적비
4971,이시방 초상 일괄
4972,간월사지 남‧북 삼층석탑
4973,만안교
4974,삼척척주동해비및평수토찬비
4975,효자비
4976,합천 해인사 대적광전 목조비로자나삼존
4977,정방사 소장 현수제승법수
4978,약사사 삼층석탑
4979,범어사 불조역대통재
4980,망우당선생문집책판(부)창의록책판
4981,인천 영화초등학교 구 본관
4982,석각천문도
4983,신흥사 석조관음∙대세지보살좌상
4984,칠장사당간
4985,계련당
4986,청주향교
4987,고하도이충무공기념비
4988,부나원루
4989,사천 다솔사 보안암 석굴
4990,약사사 석불입상
4991,범어사 몽산화상법어약록
4992,존재선생실기책판
4993,백자청화모란문호
4994,대불정여래밀인수증요의제보살만행수능엄경
4995,대동법시행기념비
4996,괴산 청안향교
4997,보령관아문
4998,화암사동종
4999,옥홀
5000,침락정
5001,김해 봉화산 마애여래좌상
5002,화산군 이연 신도비
5003,범어사 묘법연화경
5004,용연사 극락전
5005,강화 온수리 성공회 사제관
5006,백자호
5007,덕원사 석가설법도
5008,명성황후탄강구리비
5009,신사임당초서병풍
5010,서산관아문및외동헌
5011,용암정
5012,구영릉 석물
5013,내원정사 진언집
5014,대견사지 삼층석탑
5015,백자유개호
5016,성불선원 제석천도
5017,용운사지석조비로자나불좌상
5018,직산현관아<내동헌.외동헌.내삼문.외삼
5019,안국사 극락전
5020,어은정및재사
5021,합천 대동사지 석조여래좌상
5022,연령군 이훤 신도비
5023,내원정사 조상경
5024,샬트르성바오로수녀원성당
5025,강화 전등사 현왕도
5026,조중회전별시첩
5027,전 이징 필 사계영모도 병풍
5028,용운사지삼층석탑
5029,김정희선생고택<안채.사랑채>
5030,매월당 부도
5031,장성 백양사 대웅전
5032,농암각자
5033,창원 용화전 석조여래좌상
5034,내원정사 염불보권문
5035,남산초등학교강당
5036,강화 전등사 약사여래설법도
5037,무수동도
5038,석남사 지장보살도
5039,송담서원
5040,김정희선생유물<혼서지.생원시권.농상지
5041,지당리석불입상
5042,장성 백양사 사천왕문
5043,안정사석조여래좌상
5044,함양 극락사지 석조여래입상
5045,내원정사 묘법연화경
5046,계성학교아담스관
5047,안동김씨성보
5048,윤병관의 『북유기』
5049,오봉서원
5050,신잡 초상
5051,화순옹주홍문
5052,실상사극락전
5053,흥국사 원통전
5054,나소동삼층석탑
5055,정서리석조여래입상
5056,범어사명 유제시루
5057,계성학교맥퍼슨관
5058,강화 전등사 청동수조
5059,충주박씨내외자손보
5060,윤병관의 『양계조회』
5061,명성황후생가
5062,임경당
5063,의열사비
5064,심경암석불좌상
5065,용화사약사여래좌상
5066,창녕 감리 마애여래입상
5067,내원정사 목조관음보살좌상
5068,계성학교핸더슨관
5069,도산족계좌목
5070,울산 무룡사 대방광원각수다라요의경 
5071,오성정
5072,부산각서석
5073,낙동리석조여래입상
5074,청량사 유리보전
5075,전주 이씨 광평대군파 묘역
5076,유원각선생 매안감고비 및 비각
5077,구대구상업학교본관
5078,강화 전등사 대웅보전 수미단
5079,동사수창록
5080,울산 보덕사 석조관음보살좌상
5081,의상대
5082,순창객사
5083,만남재
5084,거제 오량리 석조여래좌상
5085,봉천동 마애미륵불좌상
5086,포은시고
5087,한국산업은행대구지점
5088,인천 홍예문
5089,제월당 송규렴 간독첩
5090,지공선사부도및석등
5091,봉산동당간지주
5092,청주 문의 문산관
5093,공주동원리석탑
5094,내장사조선동종
5095,화엄사보제루
5096,양산 가산리 마애여래입상
5097,양효공 안맹담과 정의공주 묘역
5098,가덕도 등대
5099,유가사석조여래좌상
5100,인천 구 일본제18은행
5101,선세기몽첩
5102,나옹선사부도및석등
5103,강릉 방해정
5104,괴산 애한정
5105,갑사석조약사여래입상
5106,송우암수명유허비
5107,진주향교
5108,기기국 번사창
5109,범어사 사천왕도
5110,옻골경주최씨백불암파종가소장전적
5111,인천 내동 성공회 성당
5112,복전선원 목조대세지보살좌상
5113,무학대사비
5114,갑사석조보살입상
5115,곡성 충렬문
5116,회연서원
5117,진주 청곡사 대웅전
5118,범어사 제석신중도
5119,강화 온수리 성공회 성당
5120,봉국사 아미타불회도
5121,갑사사적비
5122,문수사문수전
5123,대흥사천불상
5124,밀양 표충서원
5125,범어사 관음전 백의관음보살도
5126,강화 청련사 삼장보살도
5127,보현사 목조여래좌상
5128,불암사경판
5129,월정사육수관음상
5130,관촉사배례석
5131,고흥존심당및아문
5132,생육신이경은선생부조묘
5133,창빈 안씨 묘역
5134,마하사 현왕도
5135,대암선생문집책판
5136,강화 청련사 현왕도
5137,팔만대장경
5138,논산신풍리마애불
5139,담양 몽한각
5140,생육신이경은선생제단
5141,정간공 이명 묘역
5142,범어사 의상대사 영정
5143,대구읍지
5144,강화 청련사 원통암 감로도
5145,고성남씨족보
5146,상임경당
5147,논산덕평리석조여래입상
5148,장흥사인정
5149,용계서원
5150,종묘 어정
5151,대구 동화사 제석도
5152,청자 철화 장수황씨 병형 묘지
5153,청주 보살사 극락보전
5154,정산남천리석탑
5155,비안면자락동석조여래좌상
5156,이휴복 진무공신 교서
5157,영월 영모전
5158,우암 송시열 집터
5159,기영각 시첩
5160,대구 동화사 천룡도
5161,강화 전등사 석조약사여래좌상
5162,동치 2년명 신중도
5163,화부산사
5164,충주향교
5165,무량사당간지주
5166,현곡정사
5167,밀양 백운사 범종
5168,금강전도 12첩 병풍
5169,대구 동화사 염불암 극락구품도
5170,"대장일람집 권7, 8"
5171,문정공 김상헌 진적
5172,황산사
5173,청주 월리사 대웅전
5174,용화사 석조여래입상
5175,수성당
5176,충헌공 김구 묘역
5177,동래 고지도
5178,대구 동화사 칠성도
5179,자치통감강목 권23상
5180,온재 김진옥 필 종계시첩
5181,경양사
5182,청주 최명길 신도비
5183,서외리당간지주
5184,송광사삼청교및우화각
5185,고성 옥천사 청동향로
5186,성안공 상진 묘역
5187,대원군 초상화
5188,대구 동화사 지장삼존도
5189,강화 고대섭 가옥
5190,청주한씨세보
5191,횡성신대리삼층석탑
5192,논산탑정리석탑
5193,김제동헌
5194,선암사팔상전
5195,동방사지칠층석탑
5196,고성 옥천사 동종
5197,동래 정씨 임당공파 묘역
5198,복천사 지장시왕도
5199,대구 동화사 인악당대사 의첨 진영
5200,능인사 신중도
5201,화석정
5202,삼척교수당
5203,영동 영국사 대웅전
5204,공주오룡리귀부
5205,동화사대웅전
5206,쌍충사적비
5207,복천사 아미타극락회상도
5208,대구 동화사 대웅전 석가영산회상도
5209,백련정사 치성광여래회도
5210,궐리사성적도
5211,강릉호해정
5212,마곡사동종
5213,귀신사석탑
5214,용사일기목판
5215,범어사 팔상·독성·나한전
5216,대구 동대사 고려불경 일괄
5217,신간소문입식운기론오
5218,현등사삼층석탑
5219,동해 해암정
5220,충주 이상급 신도비
5221,이삼장군유물<영정첩.검철퇴.언월도>
5222,귀신사부도
5223,화순향교대성전
5224,농암영정후사본및금서대
5225,봉은사 선불당
5226,대방광불화엄경 권40
5227,금보
5228,효경
5229,청성사
5230,양양명주사동종
5231,제천 청풍향교
5232,귀신사석수
5233,나주만봉리석조여래입상
5234,후조당유물
5235,화계사 대웅전
5236,복천사조상경
5237,윤희손초상
5238,증주당현절구삼체시법 권1
5239,육절려
5240,청주 보살사 오층석탑
5241,남포관아문<진서루.내삼문.외동헌>
5242,김제전교비
5243,흥천사 극락보전
5244,복천사 선원제전집도서
5245,태을산분정아국주군분야도
5246,바리야크함 깃발
5247,원주태장동왕녀복란태실비
5248,충주 청녕헌
5249,계룡산신도내주초석석재
5250,탑동삼층석탑
5251,영암학계리석불입상
5252,흥천사 명부전
5253,범어사 대웅전 영산회상도
5254,천태사교의집해
5255,시왕도(제6변성대왕도)
5256,원주봉산동석조보살입상
5257,충주 제금당
5258,임리정
5259,청동은입인동문향로
5260,장성 기옹 영정
5261,가례증해판목
5262,진주 평거동 석조여래좌상
5263,범어사 대웅전 삼장보살도
5264,신간삼략언해
5265,목조아미타여래좌상
5266,원주봉산동석불좌상
5267,충주 축성사적비
5268,박노계집판목
5269,함안 장춘사 오층석탑
5270,충숙이공 영정
5271,범어사 대웅전 신중도
5272,천자문
5273,목조보살좌상(2015)
5274,팔달문동종
5275,횡성풍수원천주교회
5276,충주 단호사 삼층석탑
5277,예산상항리석불
5278,위봉사요사
5279,이숭원초상화
5280,창녕 법화사 다층석탑
5281,충숙공 이상길 묘역
5282,범어사 관음전 목조관음보살좌상
5283,허암유고
5284,선문염송설화 권1-30
5285,용연서원
5286,원주비두리귀부및이수
5287,보은 법주사 석조
5288,고흥 능가사 사적비
5289,양산 통도사 석등
5290,옛 제일은행 본점
5291,범어사 비로전 목조비로자나삼존불좌상
5292,대구 안일사 목조석가여래좌상
5293,묘법연화경 권3
5294,홍계남장군고루비
5295,보은 법주사 벽암대사비
5296,대원사용각부도
5297,신안읍리삼층석탑
5298,강호정
5299,김해 능동석인상 및 상석
5300,뚝도수원지 제1정수장
5301,범어사 미륵전 목조여래좌상
5302,대구 은적사 목조석가여래좌상
5303,대방광불화엄경 진본 권21
5304,사나사원증국사탑
5305,이제현 초상
5306,회사동석탑
5307,장흥장천재
5308,오회공종택
5309,창원 의림사 삼층석탑
5310,영월 징효국사부도
5311,탑골공원 팔각정
5312,범어사 석조연화대좌 하대석
5313,대구 파계사 원통전 수미단
5314,대방광불화엄경 주본 권61
5315,사나사원증국사석종비
5316,영월 법흥사 부도
5317,영동 자풍서당
5318,강정리오층석탑
5319,고흥옥하리(수구)홍교
5320,하천재<부비각>
5321,남해 다정리 삼층석탑
5322,순흥안씨 양도공파 묘역
5323,자수 책거리 병풍
5324,대구 파계사 왕실 원당 관련 고문서 
5325,몽산화상육도보설
5326,행주대첩비<구비>
5327,영월 무릉리 마애여래좌상
5328,사의당
5329,남해 보리암 삼층석탑
5330,지장사 철불좌상
5331,남지기로회도
5332,대구 금성사 육경합부
5333,불설장수멸죄호제동자다라니경
5334,인평대군치제문비
5335,증평 광덕사 석조여래입상
5336,공주향교
5337,태인동헌
5338,삼휴정
5339,홍무25년장흥사명 동종
5340,불설장수멸죄호제동자다라니경
5341,대구 서봉사 목조지장보살삼존상 및 시
5342,용궁사 수월관음보살도
5343,정조 어제 채제공 뇌문비
5344,삼척영은사대웅보전
5345,충주 창동리 마애여래상
5346,팔괘정
5347,오회당
5348,풍산 심씨 문정공파 묘역
5349,어전준천제명첩
5350,대구 보성선원 목조석가여래삼존좌상 복
5351,중국 철제도교종
5352,삼척영은사팔상전
5353,가정목은선생문집판
5354,흥성동헌
5355,순천임청대
5356,동린각
5357,거창 갈계리 삼층석탑
5358,신선경과 류인호 묘역
5359,천상열차분야지도
5360,백자청화 이성곤 묘지
5361,안성죽산리삼층석탑
5362,용산서원 학규현판
5363,재궁리석등
5364,나주송제리오층석탑
5365,자양서당
5366,김해 초선대 마애여래좌상
5367,문양군 류희림 묘역
5368,이의양 필 산수도
5369,삼국사기
5370, 고봉화상선요
5371,오명항선생토적송공비
5372,강릉 수리골 고택
5373,보은 법주사 자정국존비
5374,여래불적도
5375,선암서원
5376,밀양 예림서원
5377,여계묘역
5378,범어사 금강반야바라밀경
5379,북정록
5380, 불설대보부모은중경
5381,이원익선생영정
5382,강릉 오금집
5383,단양 우화교기사비
5384,신원사대웅전
5385,전주부지도
5386,난포고택
5387,통영 안정사 대웅전
5388,남지기로회도
5389,범어사 보리달마사행론
5390,이수충가 소장 전적
5391,강화 전등사 신중도
5392,효령대군영정
5393,강릉 추산 고택
5394,단양 탁오대 암각자
5395,문효공과 정경부인 영정
5396,우금촌두암고택
5397,범어사 선문염송집
5398,묘법연화경 권4∼7
5399,강화 전등사 석가여래삼불회도
5400,어사대비
5401,동해 심의관 고택
5402,단양 복도별업 암각자
5403,임실 진구사지 석조비로자나불좌상
5404,태안사능파각
5405,고성 운흥사 대웅전
5406,봉은사 판전 현판
5407,대방광불화엄경 권41
5408,입학도설
5409,불랑기
5410,보광사대웅보전
5411,동해 김진사 고택
5412,제천 도화리 고가
5413,이광임선생고택
5414,"자계서원<영귀루,동.서재>"
5415,사천 다솔사 대양루
5416,대방광불화엄경수소연의초목판
5417,이덕성가 문적
5418,삼경합부
5419,강화 전등사 아미타여래설법도
5420,대로사비
5421,제천 황석리 고가
5422,이만유장군유물
5423,수만리마애석불
5424,함평용천사석등
5425,환성사심검당
5426,장안사 응진전 석조석가삼존십육나한상
5427,천사일로일기
5428,여지도
5429,윤계선생순절비
5430,속초김종우가옥
5431,제천 후산리 고가
5432,광덕사부도
5433,적상산성 호국사비
5434,장안사 명부전 석조지장보살삼존 및 시
5435,사조선록 상
5436,표류인 문순득 일기
5437,김두한가옥
5438,제천 중전리 고가
5439,익성군신도비및무석
5440,오수리석불
5441,김양보 호성공신록
5442,장안사 대웅전 영산회상도
5443,소수서원 관련 고문서
5444,북한산성금위영이건기비
5445,충주 최응성 고가
5446,홍성상하리미륵불
5447,학정리석불
5448,대원사극락전
5449,법수사지당간지주
5450,하동 쌍계사 팔상전
5451,상설고문진보대전
5452,장안사 응진전 영산회상도
5453,대구 남지장사 석조지장보살좌상
5454,광주유정리석불좌상
5455,정선 수고당 고택
5456,제천 김세균 고가
5457,은진관촉리비로자나석불입상
5458,실상사위토개량성책
5459,장안사 명부전 지장보살도
5460,대구 남지장사 석조석가여래삼존좌상
5461,안성죽산리당간지주
5462,정선 상유재 고택
5463,제천 지곡리 고가
5464,연평부원군신도비
5465,신경준의고지도
5466,이운룡장군영정
5467,산청 덕천서원
5468,광주이씨 광릉부원군파 묘역
5469,범어사 동종
5470,감지금니대방광불화엄경 주본 권22
5471,조헌선생유허추모비
5472,양양김택준가옥
5473,제천 청풍 응청각
5474,망모당
5475,호수종택
5476,함양학사루
5477,양호거사비
5478,불설장수멸죄호제동자다라니경
5479,문수사풍담대사부도및비
5480,양양이두형가옥
5481,진천 태화4년명 마애여래입상
5482,연산천호리비로자나석불
5483,"용오정사(사당,홍의재,경의당,상운루)"
5484,송광사보조국사비
5485,대성사목불좌상
5486,운수사 대웅전 석조여래삼존좌상
5487,대구 광덕사 신중도
5488,석수동마애종
5489,선화당
5490,강천사오층석탑
5491,선암사중수비
5492,함양 안의 광풍루
5493,원지동 석불입상 및 석탑
5494,지장보살본원경
5495,안양사귀부
5496,강릉 만성 고택
5497,괴산 청안 안민헌
5498,포정사문루
5499,여산동헌
5500,대흥사용화당
5501,합천 삼가 기양루
5502,효간공 이정영 묘역
5503,대구 동화사 내원암 목조보살좌상
5504,삼막사마애삼존불
5505,청주 문의향교
5506,공주상신리당간지주
5507,화암사중창비
5508,대흥사대광명전
5509,경주남산입곡석불두
5510,충익공 신경진 묘역
5511,선암사 목조아미타여래좌상 및 복장유물
5512,대구 동화사 내원암 칠성도
5513,삼척 삼성헌 고택
5514,보은향교
5515,갑사강당
5516,남복리오층석탑
5517,경주동천동사방불탑신석
5518,정씨동생화회문기
5519,문희공 유창 묘역
5520,범어사 원효암 목조관음보살좌상
5521,해동명적
5522,강릉조수환가옥
5523,보은 회인향교
5524,부여동헌
5525,용흥리해정사지석탑
5526,성덕왕릉귀부
5527,양산 호계리 마애여래좌상
5528,오공신회맹축
5529,원광사 영산회상도
5530,현수제승법수
5531,안성죽산리석불입상
5532,옥천향교
5533,홍산객사
5534,용흥리석불입상
5535,송광사진영당
5536,분황사화쟁국사비부
5537,양산 통도사 금니묘법연화경
5538,보문사 석가불도
5539,동래향청 고왕록
5540,대구 보현사 목조여래좌상
5541,여주계신리마애여래입상
5542,춘천향교
5543,옥천 청산향교
5544,공주가척리석탑
5545,후지리탑동석불
5546,창원 삼정자동 마애여래좌상
5547,보문사 신중도
5548,동래향교 고왕록
5549,군위하곡리석조여래입상
5550,강릉향교
5551,영동향교
5552,공주소학리효자향덕비
5553,남복리미륵암석불
5554,안동이천동삼층석탑
5555,양산 통도사 금니금강경 12곡 병풍
5556,보문사 지장시왕도
5557,의흥향교대성전
5558,온온사
5559,영월향교
5560,영동 황간향교
5561,무량사오층석탑출토유물
5562,김기서강학당
5563,안동운흥동당간지주
5564,양산 통도사 경판
5565,국기복색소선 및 사절복색자장요람
5566,흑유호 및 흑유정병
5567,군위위성리석조약사여래입상
5568,평창향교
5569,진천향교
5570,위도관아
5571,정수사대웅전
5572,오운정
5573,분청사기인화국화문사이부태호
5574,휘찬여사목판
5575,망경암마애여래좌상
5576,삼척향교
5577,괴산향교
5578,예산이성만형제효제비
5579,백련사 정관당 부도
5580,금탑사극락전
5581,양산 통도사 청동은입사 정병
5582,침류각
5583,갑인춘 친정도
5584,군위삼존석굴석조비로자나불좌상
5585,원주보문사청석탑
5586,괴산 연풍향교
5587,수덕사삼층석탑
5588,전주이씨칠산군파종중문서
5589,담양향교
5590,박진영 유품
5591,정정공 강사상 묘역
5592,군위대율리대청
5593,연주암삼층석탑
5594,신흥사 보제루
5595,음성향교
5596,조필달장군유물
5597,창평향교
5598,양산 통도사 청동여래좌상 및 청동사리
5599,양산 통도사 청동여래좌상
5600,양산 통도사 청동사리탑
5601,효민공 이경직 묘역
5602,천안사 법어
5603,군위불로리마애보살입상
5604,이항로선생생가
5605,요동백김응하장군묘비
5606,제천향교
5607,장태수선생유물
5608,장성향교
5609,안동임하동동삼층석탑
5610,양산 통도사 인적 및 동인
5611,전주 이씨 영해군파 묘역
5612,장안사 명부전
5613,군위인각사석불좌상
5614,이천중리삼층석탑
5615,원주용소막성당
5616,단양 영춘향교
5617,갑사대적전
5618,만취정
5619,보성향교
5620,안동임하동십이지삼층석탑
5621,양산 통도사 청동여래입상
5622,태종왕지(1402. 1409년) 윤림
5623,장안사 응진전
5624,군위 지보사 석조아미타여래삼존좌상
5625,이천어석리석불입상
5626,단양향교
5627,난중잡록
5628,장흥향교
5629,안동하리동모전삼층석탑
5630,강릉회암영당주희영정
5631,"조아통상조약(한문, 아문)"
5632,선광사 석가여래성도기
5633,묘법연화경 권1-2
5634,석남사대웅전
5635,삼척영은사괘불
5636,청주 묵정영당
5637,진묵대사부도
5638,고흥향교
5639,안동하리동삼층석탑
5640,밀양 어변당 고문서
5641,부산포진 해유문서
5642,민장초개
5643,안동 진영 상중기
5644,조영통상조약(영문)
5645,김홍도 필 산수인물도
5646,군위 인각사 석조아미타여래삼존좌상 및
5647,석남사마애여래입상
5648,영월 법흥사 석분
5649,청주 청녕각
5650,고정리양천허씨정려
5651,옥과향교
5652,안동죽전동삼층석탑
5653,"대조선국ㆍ대덕국 통상조약(한문, 영문"
5654,심사정 필 산승보납도
5655,진성이씨족보
5656,김중만장군사패교지
5657,문정공조충지석
5658,청주 망선루
5659,김계휘신도비
5660,안심사사적비
5661,구례향교
5662,안동막곡동삼층석탑
5663,양산 통도사 청동시루
5664,대한국ㆍ대청국통상조약(한문)
5665,류성룡 필 진시무차 초고
5666,대구 불광사 지장시왕도
5667,강릉보광리석조여래좌상
5668,청주 지선정
5669,영탑사약사여래상
5670,이재난고
5671,광양향교
5672,영양연당동석불좌상
5673,대조선국ㆍ대법민주국 통상조약(한문)
5674,백자철화용문호
5675,군위 인각사 명부전 석조불상 일괄
5676,삼막사삼층석탑
5677,강릉관음리오층석탑
5678,청주 안심사 비로전
5679,신흥사대웅전
5680,낙안향교
5681,경주침식곡석불좌상
5682,통영 두룡포 기사비
5683,지장사 괘불도
5684,정선강릉부삼산봉표
5685,청주 정하동 마애비로자나불좌상
5686,신광사대웅전
5687,함평향교
5688,경주열암곡석불좌상
5689,통영 충렬묘비
5690,지장사 아미타불도
5691,곤여전도
5692,선국사대웅전
5693,무안향교
5694,경주약수계곡마애입불상
5695,의령 성황리 삼층석탑
5696,영월 정종대왕 태실 및 태실비
5697,지장사 극락구품도
5698,금정사 목조아미타여래좌상 및 복장유물
5699,칠장사소조사천왕상
5700,화천성불사지석불입상
5701,보은동헌
5702,익산향교대성전
5703,강진향교
5704,선본암삼층석탑
5705,지장사 감로도
5706,취정사 묘법연화경
5707,청원사칠층석탑
5708,박중신문과급제교지
5709,보은 회인 인산객사
5710,고산향교대성전
5711,향림사삼층석탑
5712,청도덕양동삼층석탑
5713,창녕 사리 석조광배
5714,지장사 지장시왕도
5715,해광사 선원제전집도서
5716,원주흥양리마애불좌상
5717,신안사 극락전
5718,불주사대웅전
5719,반룡사다층석탑
5720,밀양 천진궁
5721,지장사 대웅전 신중도
5722,해광사 대방광불화엄경 권23
5723,원주수암리마애삼존불상
5724,보은 원정리 삼층석탑
5725,용봉사마애불
5726,망제동석불입상
5727,고령개포동석조관음보살좌상
5728,지장사 현왕도
5729,석조관음보살좌상
5730,소고리마애여래좌상
5731,원주평장리마애공양보살상
5732,선원사약사전
5733,성주보월동삼층석탑
5734,양산 안적암 대웅전
5735,지장사 팔상도
5736,목조보살좌상
5737,문수산마애보살상
5738,원주매지리석조보살입상
5739,옥천 두암리 삼층석탑
5740,광덕사삼층석탑
5741,세전리석불입상
5742,장성 오산창의비와 창의사
5743,선산 궁기동 석불상
5744,양산 척화비
5745,만월암 석불좌상
5746,시왕도
5747,이회선생신도비
5748,옥천 청석교
5749,태인향교만화루
5750,쌍계사대웅전
5751,고성 양화리 석조여래좌상
5752,안양암 마애관음보살좌상
5753,동제 화엄경변상도 경상
5754,망월사혜거국사부도
5755,홍천수타사영산회상도
5756,영동 심원리 승탑
5757,몽산리석가여래좌상
5758,선운사백파율사비
5759,보성반석리석불좌상
5760,홍귀달선생신도비
5761,고성 교사리 삼존석불
5762,아미타괘불도
5763,계사명 사리구
5764,홍천수타사지장시왕도
5765,경이정
5766,청림리석불좌상
5767,황방촌유물
5768,하동 쌍계사 명부전
5769,학도암 마애관음보살좌상
5770,전 경주 출토 승사리구
5771,청룡사사적비
5772,난설헌시집목판초간본
5773,진천 사곡리 마애여래입상
5774,석성동헌
5775,내소사삼층석탑
5776,능주향교
5777,예천흔효리석조여래입상
5778,하동 쌍계사 나한전
5779,조계사 석가불도
5780,박기종 유물 일괄
5781,삼막사사적비
5782,양구심곡사목조아미타삼존불좌상및복장유물
5783,괴산 각연사 비로전
5784,흥학당
5785,내소사설선당과요사
5786,영광향교
5787,영주읍내리석불입상
5788,하동 쌍계사 육조정상탑전
5789,칠보사 목조관음보살좌상
5790,나만갑선생신도비
5791,동해지상사철불좌상
5792,괴산 각연사 대웅전
5793,포저유서및송곡문집판각
5794,개암사동종
5795,남평향교
5796,초암사삼층석탑
5797,하동 쌍계사 천왕문
5798,조계사 대웅전
5799,황련사 대방광원각수다라요의경
5800,한확선생신도비
5801,삼척흥전리삼층석탑재
5802,함벽정
5803,순천향교
5804,부석사원융국사비
5805,하동 쌍계사 금강문
5806,양정편
5807,동래향교 명륜당
5808,신륵사극락보전
5809,괴산 삼방리 마애여래좌상
5810,김장생문묘배향교지
5811,과립리석불입상
5812,초암사동부도
5813,합천 죽죽비
5814,영월 서곡정사석조약사여래입상
5815,폭포사 묘법연화경
5816,강릉송라사석조약사여래좌상
5817,음성 읍내리 삼층석탑
5818,영사암
5819,황방촌영정
5820,병영성홍교
5821,초암사서부도
5822,하동 진교리 삼층석탑
5823,승동교회
5824,금천선원 묘법연화경
5825,신창리삼층석탑
5826,영원사목불좌상및복장유물
5827,음성 미타사 마애여래입상
5828,수사공강응환가전유물
5829,부석사삼층석탑
5830,하동 탑리 삼층석탑
5831,동아일보사옥
5832,고불사 묘법연화경
5833,오봉사지부도
5834,월정사북대고운암목조석가여래좌상및복장유
5835,태조대왕 태실
5836,연안이씨 이유길 가전 고문서
5837,장성 내계리 오층석탑
5838,봉화의양리석조여래입상
5839,밀양 표충사 대광전
5840,미국공사관
5841,백운사 묘법연화경 권1-3
5842,삼봉집목판
5843,운흥사목조아미타불좌상및복장유물
5844,제천 신륵사 극락전
5845,서산여미리석불입상
5846,노성당
5847,화엄사구층암석등
5848,봉화봉성리석조여래입상
5849,고성 옥천사 대웅전
5850,사현사 석불좌상
5851,백운사 묘법연화경 권4-7
5852,월사집목판
5853,용다사동종
5854,청주 탑동 양관
5855,흥주사만세루
5856,군자정
5857,구례사도리석불좌상
5858,천성사석조여래입상
5859,창원 불곡사 일주문
5860,순명비 유강원 석물
5861,진주성도
5862,연행일록부연행별장외명현간찰
5863,영원사비로자나불후불탱화
5864,청주 운천동 신라사적비
5865,남계정
5866,천관사석등
5867,천성사삼층석탑
5868,창원 성주사 대웅전
5869,조선 이흠례 묘지
5870,거제부도
5871,청계사소장목판
5872,영원사감로탱화
5873,을축갑회도 및 죽림갑계문서
5874,마곡사심검당및고방
5875,운서정
5876,천관사오층석탑
5877,불영사삼층석탑
5878,창원향교 대성전
5879,을축갑회도
5880,본원정사 목 보살좌상(지장보살)
5881,분청사기 마흥목처 신반진씨 지석
5882,서거정선생묘지석
5883,구룡사삼장탱화및복장유물
5884,청주 조헌 전장기적비
5885,참당암동종
5886,의성관덕동석조보살좌상
5887,하동 이명산 마애여래좌상
5888,십장생도
5889,자치통감강목
5890,팽성읍객사
5891,운수암관음변상탱화
5892,삼탄집
5893,서산객사
5894,실상사동종
5895,거동사대웅전
5896,친림광화문내근정전정시시도
5897,백련사 약사유리광여래본원공덕경
5898,연천군심원사지부도군
5899,운흥사천룡탱화
5900,진천 용화사 석조여래입상
5901,태안 목애당
5902,송광사동종
5903,장육사대웅전
5904,남해 용문사 석조보살좌상
5905,삼국지연의도
5906,범어사 사자암 석조보살좌상
5907,여산송씨족보
5908,보덕사사성전후불탱화및복장유물
5909,괴산 외사리 당간지주
5910,대천한내돌다리
5911,의금부도사김도언유물
5912,용흥사부도군
5913,수다사 명부전
5914,산청 단성현 호적장부
5915,청동북
5916,영은사범일국사진영
5917,괴산 도명산 마애불상군
5918,부여홍산상천리마애불입상
5919,부설전
5920,창원 진해현 호적
5921,범어사 원효암 아미타삼존도
5922,영은사사명당대선사진영
5923,증평 남하리사지 삼층석탑
5924,홍산동헌
5925,나주임씨절도공파종중유품
5926,보성옥마리오층석탑
5927,진주 응석사 대웅전
5928,흥선대원군 이하응필 묵란도
5929,아미타내영도
5930,장만선생영정및공신록권
5931,김관영정
5932,진천 이시발 신도비
5933,신말주선생의십로계첩
5934,중흥사석조지장보살반가상
5935,주세붕 초상
5936,식성군문적(거영일기및계본등록)
5937,"식성군문적(교지,유서,상서)"
5938,"진관사 소 삼존불상(석가불,미륵보살,"
5939,칠성도
5940,고양 흥국사 극락구품도
5941,보석사 대웅전
5942,안성 강원도 관찰사 고신 왕지
5943,영은사석조여래좌상
5944,성주성산관
5945,함안 무산사
5946,진관사 소 십육나한상
5947,목조아미타여래좌상
5948,이호민영정외일괄유물
5949,태백장명사목불좌상
5950,충주 오갑사지 석조여래좌상
5951,김복규.김기종효자정려비및정판
5952,담양 분향리 석불입상
5953,영천조양각
5954,진관사 영산회상도
5955,삼광사 석조여래좌상
5956,여주군경수연도
5957,원주구룡사보광루
5958,청주 신전동 고가
5959,보덕사극락전
5960,임실이도리미륵불상
5961,신길원현감충렬비
5962,진관사 십육나한도
5963,심연원신도비
5964,강릉청학사소장석조관음보살상및복장유물
5965,영동 묵정리 고가
5966,서산김두징묘비
5967,원동향약
5968,곤재우득록목판
5969,진관사 칠성도
5970,해동용궁사 금강반야바라밀경론
5971,심강신도비
5972,삼척천은사목조아미타삼존불좌상
5973,영동 가곡리 고가
5974,전운상영정
5975,박세중가전고문서
5976,진관사 명호스님 초상
5977,해동용궁사 성가니분노금강동자보살성취의
5978,정대년신도비
5979,삼척천은사금동약사여래입상
5980,청주 신형호 고가
5981,이용화백세영수첩
5982,이만유영정
5983,영해난고종가문서
5984,양산 효자리비
5985,진관사 산신도
5986,해운정사 전법게
5987,류영수양관연명지도
5988,강릉관음사소장목조관음보살좌상
5989,청주 성공회 성당
5990,석정이정직유저유묵
5991,영암월곡리마애여래좌상
5992,오미동도림강당
5993,안건․안시명 무과 홍패
5994,녹훈도감 선사어선 연회도
5995,해동용궁사 목조여래좌상
5996,건륭59년5월3일군호재가문서
5997,강릉관음사소장동종
5998,청주 순치명 석조여래입상
5999,용서·봉계·성재공문집판각
6000,상이암부도
6001,도갑사석조
6002,의성향교
6003,안시명 교첩
6004,철불좌상
6005,자비암 육경합부
6006,봉녕사 석조삼존불
6007,원주고판화박물관소장안심사판제진언집
6008,영동 사로당
6009,장곡사설선당
6010,수운정
6011,양산토지명기대장
6012,청화백자산수인물문병
6013,자비암 선림보훈
6014,봉녕사 불화(신중탱화.현왕탱화)
6015,원주고판화박물관소장덕주사판불설아미타경
6016,영동 흥학당
6017,"종학당(정수루,숙사)"
6018,남원양씨종중문서
6019,도갑사수미왕사비
6020,창원 성흥사 대웅전
6021,청화백자성새산수문병
6022,기장 장관청
6023,한응인영정및재실유물일괄
6024,원주고판화박물관소장용천사판불설아미타경
6025,활재선생문집 목판
6026,취석정
6027,영광단주리당간지주
6028,적천사목조사천왕의좌상
6029,합포성지
6030,청화백자매화절지문필통
6031,금동십일면관음보살좌상
6032,원주고판화박물관소장안심사판옥추경
6033,신후재 초상
6034,청양영모재
6035,문수사부도
6036,강진남강사주자갈필목판일괄
6037,봉화오전리석조아미타여래좌상
6038,청주양씨세고목판
6039,청화백자운룡문병
6040,범어사 비로전
6041,포천석조여래입상
6042,춘천 장절공 신숭겸 신도비
6043,신경행 초상
6044,돈암서원유경사
6045,선운사사적기
6046,돌산군관청
6047,진주 김해김씨비각
6048,백자대병
6049,범어사 미륵전
6050,파주마애사면석불
6051,동해 삼화사 소장『덕주사본 천지명양수
6052,백자양각시문병
6053,금동관음보살좌상
6054,평창 월정사 중대 사자암 목조비로자나
6055,옥천 옥주사마소
6056,부여김동효영정
6057,무성리석불입상
6058,상주 상산관
6059,백자장군
6060,목조지장보살좌상
6061,평창 월정사 남대 지장암 목조지장삼존
6062,옥천 경현당
6063,보령금강암석불및비편
6064,무성리삼층석탑
6065,고흥용산리석조보살좌상
6066,삼릉계곡마애석가여래좌상
6067,함안 무진정
6068,양온명수이도기편호
6069,목조여래좌상
6070,평창 월정사 북대 고운암 목조미륵보살
6071,정수충 초상 및 중모기
6072,보령유격장군청덕비
6073,소세양신도비
6074,삼릉계곡선각여래좌상
6075,함안 어계고택
6076,봉은사 목 사천왕상
6077,목조여래좌상
6078,여주도곡리석불좌상
6079,평창 상원사 문수전 목조제석천왕상
6080,윤관 초상
6081,공주영은사목조관음보살좌상
6082,삼계강사계안
6083,곡성함허정
6084,삼강행실도
6085,금선사 신중도
6086,목조아미타여래좌상
6087,오리이원익영우
6088,평창 상원사 문수전 목조동자상(3구)
6089,청주 신중엄 신도비
6090,공주영은사청동범종
6091,경주김씨보판각
6092,고산사석불입상
6093,주자어류 목판
6094,금동보살좌상
6095,동래무청선생안
6096,보광사목조여래좌상
6097,평창 상원사 영산전 석가삼존ㆍ십육나한
6098,괴산 연풍 풍락헌
6099,무량사동종
6100,여원치마애불상
6101,장성 서능 정려비
6102,김우옹 동강문집 목판
6103,간평의
6104,경상좌수영선생안
6105,남계박세채영정
6106,속초 신흥사 금고
6107,괴산동헌
6108,무량사극락전후불탱
6109,대곡리암각화
6110,장성 죽림사 고문서 일괄
6111,성주백세각
6112,"오건 덕계문집 목판, 오장 사호집 목"
6113,오건 덕계문집 목판
6114,오장 사호집 목판
6115,오한 수오당문집 목판
6116,앙부일구
6117,다대진선생안
6118,안양중초사지삼층석탑
6119,속초 신흥사 동종
6120,광국지경록 목판
6121,금강반야경소론찬요조현록
6122,장흥 반계사와 소장유물
6123,안동삼산정
6124,조식 남명문집 목판
6125,용적사 신중도
6126,속초 신흥사 안양암 아미타회상도
6127,영동 화수루
6128,순평사금동여래좌상
6129,보성 문익점 부조묘와 고문서
6130,이택당 문집 목판
6131,허전 성재집 목판
6132,허전 사의 목판
6133,허전 종요록 목판
6134,김진호 물천집 목판
6135,훈몽자회 책판
6136,신재한상경영정
6137,속초 신흥사 명부전
6138,박숭원 호성공신교서
6139,백장암보살좌상
6140,해남 대흥사 서산대사 의발 등 유물 
6141,고운영정
6142,정여창 일두문집 목판
6143,전송림사출토 청동불구 일괄
6144,범어사 극락암 칠성도
6145,송암 이충원 영정
6146,강릉 보현사 석조아미타삼존불상과 복장
6147,보은 속리산사실기비
6148,지주중류비
6149,강익 개암문집 목판
6150,금동불좌상(아미타불)
6151,승자총통
6152,청주 동화사석조비로자나불좌상
6153,천안성거산천성사명금동보살입상
6154,송광사명부전소조지장보살삼존상및권속상일
6155,해남윤씨족보목판
6156,신녕향교명륜당
6157,임훈 갈천문집 목판 및 임운 첨모당문
6158,영월 만봉불화박물관 소장 시왕도 초본
6159,임훈 갈천문집 목판
6160,임운 첨모당문집 목판
6161,송시열상
6162,고불사 목조여래좌상
6163,현수제승법수
6164,삼척 지장암 목조지장보살좌상과 복장유
6165,청주 청주한씨 시조제단비
6166,천안성불사마애석가삼존16나한상및불입상
6167,송광사오백나한상 일괄
6168,선암사원통전
6169,변중량 춘당집 목판 및 변계량 춘정집
6170,전이한철필 어해도병
6171,청동북
6172,삼척 영은사 석가삼존도와 복장유물
6173,개심사명청동은입사향완
6174,송광사목조삼전패
6175,낙안객사
6176,예천권씨종가문적
6177,성불사 금동보현보살좌상
6178,장안사 예수시왕생칠재의찬요
6179,양평상자포리마애여래입상
6180,강릉 보현사 십육나한도
6181,전식 초상
6182,향천사범종
6183,용화사미륵불입상
6184,함평해보리석불입상
6185,목은영정
6186,하연 경재문집 목판
6187,을축갑회도
6188,장안사 응진전 석조석가여래삼존상 복장
6189,홍천 수타사 흥회루
6190,영동 무첨재
6191,삼길암목조관음보살좌상및복장유물일괄
6192,송광사나한전
6193,함평보광사범종
6194,월록서당
6195,유희경 촌은집 목판
6196,경수연도
6197,범어사 원효암 목조관음보살좌상 복장유
6198,괴산 개심사 목조여래좌상 및 목조관음
6199,문수사지장시왕탱화및복장유물일괄
6200,벌교도마교및석비
6201,대지재사
6202,"주세붕 무릉잡고 목판, 주박 귀봉집 "
6203,주세붕 무릉잡고 목판
6204,주박 귀봉집 목판
6205,주맹헌 수구집 목판
6206,태학계첩
6207,감지금니묘법연화경
6208,안성청원사대웅전
6209,원주 구룡사 목조관음보살좌상과 복장유
6210,청주 서기사 석조약사여래좌상
6211,예산대흥동헌및아문
6212,청운사대혜보각선사서
6213,고흥 신군안 의병장 임명첩
6214,칠성루및휴계재사
6215,안축 근재집 목판
6216,경현당어제어필화재첩
6217,삼층석탑
6218,안성정무공오정방고택
6219,강릉 백운사 소장 현왕도
6220,논산상도리마애불
6221,문수사마애여래좌상
6222,영광연흥사소장묘법연화경
6223,의성정안동석조여래입상
6224,김종직 점필재문집 및 이존록 목판
6225,기성도병
6226,범어사 목조팔각불감
6227,의정부약수선원목조보살입상
6228,홍천 수타사 목조관음보살좌상과 복장유
6229,영동 영모재
6230,부여무량사지장보살및시왕상일괄
6231,남궁찬묘석상
6232,도갑사도선국사진영
6233,의성월소동석조비로자나불좌상
6234,노상직 소눌문집 책판외 20종
6235,관서명승도첩
6236,설뫼탐진안씨분재기
6237,하석박정영정
6238,홍천 수타사 괘불
6239,눌재강수유고 목판
6240,문수사목조석가여래좌상
6241,도갑사수미왕사진영
6242,의성안사동석조여래좌상
6243,이익 성호문집 목판
6244,두씨통전
6245,범어사 삼불연
6246,인재홍진영정
6247,이수일 진무공신교서 및 초상
6248,홍산형방청
6249,문수사목조아미타여래좌상
6250,무안약사사석불입상
6251,이익 성호전집 목판
6252,영월 보덕사 목조아미타삼존불좌상
6253,지장보살본원경
6254,몽산화상 육도보설
6255,안성죽림리삼층석탑
6256,고성 극락암 선종영가집(언해)
6257,임경업 초상
6258,천안 은석사 목조여래좌상
6259,개암사응진전16나한상
6260,대흥사관음보살도
6261,명고영정
6262,번역명의집 권1~3
6263,원수명 가죽투구와 갑옷
6264,양평지평리삼층석탑
6265,양양 영혈사 아미타불도
6266,유백증 초상
6267,예산 송림사부도
6268,남원죽산박씨종가
6269,안동임하동오층석탑
6270,조임도 간송문집 및 금라전신록목판
6271,자치통감강목 권16
6272,부산박물관 백자청화운룡문호
6273,쌍계사목조여래좌상
6274,삼척 영은사 석가여래회도
6275,청주 박훈 신도비
6276,공주 마곡사 포교당 범종
6277,흥복사대웅전목조삼존불좌상
6278,옥산서실소장품일괄
6279,옥산사마애약사여래좌상
6280,이로 송암문집 및 이만승 괴당집책판
6281,이로 송암문집
6282,이만승 괴당집책판
6283,성북동포백훈조계완문절목
6284,동아대학교 명현초상 일괄
6285,쌍계사현왕도
6286,평창 오대산 중대 석가여래회도
6287,괴산 삼방리 삼층석탑
6288,운선암마애여래상
6289,광양송천사지회은장노비
6290,봉정사삼층석탑
6291,허목 미수기언 목판
6292,원조정본농상집요 권5~7
6293,해주도 병풍
6294,현등사목조아미타좌상
6295,평창 오대산 중대 신중도
6296,옥천 조헌 신도비
6297,북고사 목조아미타여래좌상
6298,영암녹동서원소장목판및고문서류
6299,창녕 관룡사 사적기
6300,팔정사 목 보살좌상(대세지보살)
6301,범어사 원효대사 진영
6302,현등사청동지장보살좌상
6303,영월 보덕사 지장시왕도
6304,영동 영국사 석종형승탑
6305,서산간월암목조보살좌상
6306,은적사석가여래삼존상
6307,벽류정
6308,고성 운흥사 목판
6309,안양암 아미타불도
6310,범어사 사명대사 진영
6311,현등사아미타회상도
6312,삼척 영은사 불연
6313,영동 영국사 구형승탑
6314,공주 마곡사 대웅보전 목조삼세불상
6315,원광대소장건륭15년명감로탱화
6316,문경갈평리오층석탑
6317,하동 쌍계사 불경 목판
6318,안양암 감로도
6319,범어사 고승 진영
6320,의정부회룡사오층석탑
6321,원주 구룡사 삼전패
6322,서산천장사아미타후불탱화
6323,구례대전리석불입상
6324,보문사삼층석탑
6325,김해 구산동 마애여래좌상
6326,안양암 팔상도
6327,민건호 필사본 일괄
6328,계갑일록 및 관련문서
6329,평창 월정사 전패
6330,진천 정철 신도비
6331,금산 신안사 아미타삼존불좌상
6332,북고사 신중탱화
6333,명봉사문종대왕태실비
6334,하동 운암영당 최치원 초상
6335,안양암 극락왕생도
6336,대동여지도
6337,고양봉성암전성능대사부도
6338,속초 보광사 목조지장보살좌상과 복장유
6339,음성 감곡성당
6340,홍성고산사아미타불좌상
6341,숭림사보광전목조석가여래좌상
6342,강진옥련사목조여래좌상
6343,예천 간방리 삼층석탑
6344,안양암 아미타괘불도
6345,장안사 명부전 석조지장삼존 및 시왕상
6346,고양흥국사괘불
6347,홍천 노동서원 최충 초상
6348,진천 노원리 마애여래입상
6349,숭림사영원전지장보살좌상및권속
6350,강진구곡사소장익재이제현상과백사이항복상
6351,각화사귀부
6352,거제 장목진 객사
6353,"안양암 대웅전 삼존불상(아미타불,관음"
6354,관세음보살도 및 목제감
6355,고양상운사목조아미타삼존불
6356,홍천 노동서원 최유선 초상
6357,천안광덕사삼세불도
6358,혜봉원목조석가여래삼존상
6359,감고당문적
6360,밀양 어변당
6361,도선사 목 아미타불·대세지보살상
6362,의령 금란계안
6363,이인엽영정
6364,원주 이서우 초상
6365,괴산 채운암 목조여래좌상
6366,공주 마곡사 영산회상도
6367,심곡사명부전지장보살좌상및권속
6368,장흥전의상암지석불입상
6369,경주향교
6370,진양 부원군 신도비
6371,도선사 석 독성상
6372,백자 달항아리
6373,요지연도
6374,금중교문도
6375,옥천 경율당
6376,아산세심사신중도
6377,심곡사칠층석탑
6378,담양 오룡리 석불입상
6379,류홍영정
6380,전등사 목조아미타여래좌상
6381,현등사신중도
6382,조종영 묘 출토유물 일괄
6383,옥천 용암사 목조아미타여래좌상
6384,부여정언욱영정및초본
6385,불주사목조관음보살좌상
6386,장흥구룡리마애여래좌상
6387,보리사마애석불
6388,양산 통도사 만세루
6389,청자상감국화문표형병
6390,나전함
6391,용인어비리삼층석탑
6392,강릉 해운정역방록
6393,제천 고산사 석조관음보살좌상
6394,논산충헌사
6395,불주사목조아미타여래좌상
6396,보림사사천왕상복장계초심학인문
6397,경주동천동마애삼존불좌상
6398,양산 통도사 극락전
6399,분청사기철화모란문장군
6400,임오명 어피인장함
6401,여주신륵사팔각원당형석조부도
6402,양양 휴휴암 소장 관동빈흥록
6403,제천 고산사 석조나한상군
6404,서산동문동오층석탑
6405,정혜사석조보살입상
6406,보림사사천왕상복장고봉화상선요
6407,경주배리윤을곡마애불좌상
6408,양산 통도사 명부전
6409,분청사기조화모란문장군
6410,어피인장함
6411,의정부원효사묘법연화경
6412,강릉 보현사 대웅보전
6413,제천 덕주사 석조약사여래입상
6414,서산동문동당간지주
6415,미륵사석불좌상
6416,보림사사천왕상복장금강반야론
6417,양산 통도사 응진전
6418,백자청화송옥문병
6419,해동용궁사 목조보살좌상
6420,남양주내원암괘불도
6421,삼척 봉황산 미륵삼불
6422,증평 남하리사지 마애불상군
6423,아계이산해영정
6424,무송리석불좌상
6425,보림사사천왕상복장대방광원각수다라료의경
6426,양산 통도사 약사전
6427,백자청화매죽문시명병
6428,이덕형 초상 초본
6429,현등사수월관음도
6430,속초 신흥사 시왕도
6431,증평 미암리 석조관음보살입상
6432,아계 이산해 유품
6433,관곡서원소장전적및고문서
6434,보림사사천왕상복장대전화상주심경
6435,합천 호연정
6436,혼천의
6437,도기 집모양 명기
6438,현등사함허당득통탑및석등
6439,원주향교
6440,괴산 함이재
6441,공주 상세동 산신도
6442,견두산마애여래입상
6443,보림사사천왕상복장몽산화상육도보설
6444,사자암 지장시왕도
6445,한글조선전도
6446,"용인화운사목조여래(아미타,약사)좌상"
6447,춘천 조만영 어필묘비 및 신도비
6448,보은 속리산 금강골 쌍탑
6449,청양화정사범종
6450,이영춘가옥
6451,보림사사천왕상복장불설사십이장경
6452,진주 두방사 다층석탑
6453,청룡사 지장시왕도
6454,원오사 고봉화상선요
6455,광주극락사석조지장보살좌상
6456,춘천향교 소장 향약 관련자료 일괄
6457,허한・허적 초상
6458,청양화정사 목조보살좌상
6459,안국사 목조아미타삼존불상
6460,보림사사천왕상복장육경합부
6461,진보향교
6462,의령향교
6463,청룡사 칠성도
6464,정선 필 청풍계지각
6465,안성운수암석조비로자나불좌상
6466,김만증 초상
6467,정황선생신도비
6468,보림사사천왕상복장언해판화관계불서
6469,강릉 현덕사 소장 육경합부
6470,청룡사 현왕도
6471,법계성범수륙승회수재의궤
6472,남양주흥국사성임당탑
6473,동해 삼화사 목조아미타여래삼존좌상 및
6474,제천 교리 방단적석유구
6475,임득의 초상
6476,향산사 소장불서
6477,보림사사천왕상복장진언ㆍ의식관계불서
6478,청룡사 감로도
6479,김두량 필 삽살개
6480,부천석왕사목조관음보살좌상
6481,보은 법주사 석옹
6482,예산 천방사 금동여래좌상
6483,전주향교소장완영책판
6484,보림사사천왕상복장선종불서
6485,영지석불좌상
6486,양산 통도사 용화전
6487,"춘천 강선사 소장 묘법연화경 권2, "
6488,청룡사 가사도
6489,고불사 대장일람집 권7~10
6490,구리 아차산3층석탑
6491,충주 이수일 신도비
6492,부여 대조사 목조보살좌상
6493,안심사소장동종
6494,보림사사천왕상복장경전불서
6495,기림사삼층석탑
6496,양산향교
6497,춘천 선산김씨 가문 소장 일기 및 고
6498,청룡사 신중도
6499,고불사 불조역대통재 권1~12
6500,양주 회암사 목조여래좌상 및 복장물
6501,평창 상원사 목조제석천왕상 수습 복장
6502,제천 정방사 목조관음보살좌상 및 복장
6503,미륵암석불좌상
6504,강진강재일사
6505,백운대마애불입상
6506,거제향교
6507,청룡사 석 삼불상
6508,고불사 불설대보부모은중경
6509,동두천 광주정씨가 소장 고문서
6510,음성 권근 및 경주이씨 묘표
6511,온양민속박물관 소장 금고
6512,청도향교
6513,김인섭 단계일기
6514,원주 보문사 석조여래좌상
6515,목우자 수심결·법어
6516,이원찬 필 호도
6517,임방초상
6518,증평 남하리 석조보살입상
6519,온양민속박물관 소장 용문촛대
6520,해동속소학판목
6521,김인섭 단계문집 목판
6522,원주 대성암 목조비로자나불좌상 및 복
6523,금동석장 머리장식
6524,나전칠국화모란넝쿨무늬상자
6525,유순정초상 및 함
6526,강릉 보현사 소조석가삼존·십육나한상·
6527,단양 구인사 금동구층소탑
6528,금산 미륵사 석조불두 및 마애불편 일
6529,승암사소장불서
6530,화순동복남덕원비
6531,산청 도전리 마애불상군
6532,관세음보살42수진언집
6533,황성원초상
6534,단양 구인사 아미타회상도
6535,충청수영 내삼문
6536,상원사목조삼세불좌상
6537,곡성 도동묘 회헌실기목판
6538,용궁향교
6539,윤선 추담문집목판및윤탁구산문집목판
6540,고성 화암사 목조약사여래좌상
6541,윤선 추담문집목판
6542,윤탁 구산문집목판
6543,학림사 삼신불괘불도
6544,보광사목조아미타여래삼존좌상
6545,황진초상
6546,단양 구인사 청자발우
6547,갑사 내원암
6548,백장암소장범종
6549,담양 송강집 및 기암집 목판
6550,풍기향교<대성전동.서무>
6551,함안향교
6552,고성 화암사 지장시왕도
6553,개운사 감로도
6554,해운정사 삼층석탑
6555,화성 용주사 오층석탑
6556,괴산 각연사 석조귀부
6557,서산 정충신문서 일괄
6558,도강김씨 훈도공파 종중 고문서
6559,차문절공유사목판
6560,도주관
6561,창녕 향교
6562,고성 화암사 치성광여래회도
6563,개운사 신중도
6564,홍현주 필 산수도
6565,안성칠장사대웅전목조석가삼존불좌상
6566,괴산 공림사 사적비
6567,서산 해월사 목조관음보살좌상 및 복장
6568,영광내산서원강감회요목판
6569,삼귀정
6570,영산 향교
6571,동해 만재 홍락섭 전적류
6572,개운사 팔상도
6573,묘법연화경
6574,화성 용주사 대웅보전 목조삼세불좌상
6575,제천 무암사 목조아미타여래좌상
6576,금산 보석사 목조석가여래삼존좌상
6577,"조앙사소장묘법연화경 권제1, 권1-7"
6578,장성 고산서원 노사선생 전집 및 답문
6579,기림사응진전
6580,양양 낙산사 홍련암 목조보살좌상
6581,개운사 지장시왕도
6582,현수제승법수
6583,불설장수멸죄호제동자다라니경
6584,보령 선림사 목조관음보살좌상
6585,대원사목조삼세불좌상
6586,장성 필암서원 하서선생 문집 목판
6587,매곡 오윤환 일기
6588,현수제승법수
6589,육경합부
6590,진천 지암리 석조여래입상
6591,보령 선림사 목조석가여래좌상
6592,관음사 목조관음보살상
6593,장성 필암서원 하서유묵 목판 일괄
6594,상주 증손향약
6595,삼척 영은사 석조비로자나삼불좌상
6596,환희사 목불좌상(아미타불)
6597,소총통
6598,조상경
6599,제천 백련사 목조아미타여래좌상
6600,함흥읍도
6601,용주암석조여래입상
6602,나주미천서원기언목판
6603,월간창석형제급난도
6604,김해향교
6605,삼척 신흥사 석조석가여래삼존좌상
6606,환희사 석불입상
6607,휴대용 평면해시계(평면일영)
6608,조상경
6609,남충장공시고 목판
6610,충현서원소장 주자영정
6611,장흥연곡서원노봉선생문집목판
6612,노소재문적
6613,통영향교
6614,흥선대원군 이하응 간찰 및 제문
6615,청동 종
6616,독례집요 목판
6617,현수제승법수
6618,음성 감곡성당 소장유물
6619,홍가신선생교지
6620,익산 숭림사 나한전 소조 16나한 및
6621,해남고산유고목판일괄
6622,기영회도
6623,고성향교
6624,박시형 교지 일괄
6625,청동 종
6626,관음보살도
6627,포천 동화사 목조불좌상
6628,청주 노현리 고가
6629,아산 용화사 석조여래입상
6630,고종황제 어진
6631,구례사성암마애여래입상
6632,노후 및 노홍신도비
6633,사천향교
6634,류순정 영정
6635,상지은니 묘법연화경 권2
6636,수원 청련암 영산회상도
6637,청주 부강리 고가
6638,홍성 고산사 석조여래입상
6639,군산 상주사 목조삼세불좌상
6640,선산객사
6641,곤양향교
6642,성변등록
6643,묘법연화경 권4~7
6644,화성 용주사 목조감실
6645,청주 문산리 돌다리
6646,김이교 유물 일괄
6647,전주 경기전 하마비
6648,진도쌍계사시왕전목조지장보살상
6649,남해향교
6650,정각사 목 아미타불좌상
6651,대불정여래밀인수증요의제보살만행수능엄경
6652,화성 용주사 지장전목조지장보살좌상과 
6653,송상현 문적
6654,공주 청련암 목조관음보살좌상
6655,남원 극락암 석조무량음성왕불좌상 및 
6656,강진백련사원구형부도
6657,이씨삼강묘비
6658,하동향교
6659,목조여래좌상
6660,광명 이원익 초상화
6661,불설대보부모은중경
6662,공주 원효사 소장 경전 일괄
6663,이덕응 초상화
6664,영가지및책판
6665,산청향교
6666,상주 안수사명 동종
6667,화성 용주사 삼장보살도
6668,충주 추평리 삼층석탑
6669,신기영 초상화
6670,나주불회사원진국사부도
6671,함양향교
6672,선종영가집
6673,화성 용주사 중종
6674,부전대동계
6675,조병순 초상화
6676,희방사동종
6677,안의향교
6678,"봉은사 목 삼존불상(석가불, 가섭존자"
6679,경국대전
6680,안성 칠장사 목조지장삼존상과 시왕상 
6681,공주 보림사 소장 묘볍연화경 권4
6682,남원 백련사 육조대사 법보단경
6683,초계향교
6684,봉은사 목 십육나한상
6685,귀거래도팔폭병풍
6686,계해사궤장연첩
6687,공주 갑사 대적전 목조아미타삼존불좌상
6688,남원 백련사 선종영가집언해
6689,목포달성사목조아미타삼존불좌상
6690,합천향교
6691,봉은사 대웅전 신중도
6692,범어사 범자문 소대
6693,이원익인조묘정배향교서
6694,공주 갑사 내원암 목조석가여래좌상 및
6695,순창 일광사 목조관음보살좌상
6696,삼가향교
6697,봉은사 판전 신중도
6698,범어사 신중도
6699,이원익유서
6700,공주 갑사 대성암 목조보살좌상
6701,고창 선운사 대웅보전 신중도
6702,영광설매리석조불두상
6703,거창향교
6704,봉은사 괘불도
6705,능인사 목조여래좌상
6706,이원익도망시
6707,제천 송계리 대불정주범자비
6708,청양 모덕사 최익현초상
6709,고창 선운사 석상암 산신도
6710,무이서당
6711,창녕 객사
6712,봉은사 비로자나불도
6713,조선전도
6714,이원익계자손서
6715,보은 법주사 능인전
6716,노혁왕지
6717,완주 송영구 신도비
6718,영양삼구정
6719,하동 금남사 이색 초상
6720,봉은사 칠성도
6721,호좌영중기
6722,류상운초상
6723,보은 법주사 선희궁 원당
6724,보령 백운사 목조보살좌상
6725,사발통문과 일괄문서
6726,익재집책판
6727,권도 동계문집 목판
6728,봉은사 삼세불도
6729,광명사 목조여래좌상
6730,광명 번역 징비록
6731,보은 법주사 궁현당
6732,전 자암 김구 벼루
6733,흥선대원군 효유문
6734,합천 구음재
6735,봉은사 삼장보살도
6736,광명 이원익 친필유묵
6737,충주 원평리 삼층석탑
6738,강세황 육십구세상
6739,홍계훈유서와 양호전기
6740,합천 봉서정 ∙ 도촌별묘
6741,봉은사 감로도
6742,범어사 청련암 석조보살좌상(2025-
6743,광명 이존도 유서
6744,보은 법주사 가경구년명 철종
6745,공주 국선사 천룡도
6746,삼경사 목조아미타여래좌상
6747,단계 하위지선생 유허비
6748,진주 고산암 석조비로자나불좌상
6749,봉은사 영산회상도
6750,대불정여래밀인수증요의제보살만행수능엄경
6751,화성 용주사 남무대성인로왕보살번
6752,한원진 초상 일괄
6753,군산 은적사 목조아미타불좌상
6754,회헌개모영정
6755,산청 도천서원 신안사재
6756,봉은사 십육나한도
6757,목조지장보살좌상(2025)
6758,안성 칠장사 범종
6759,보은 법주사 선조대왕 어필 병풍
6760,공주 마곡사 영산전 목조칠불좌상 및 
6761,군산 성불사 석가여래행적송
6762,서총대친림연회도
6763,김해은하사대웅전
6764,동래부사 정언섭 관련 고문서
6765,안성 칠장사 대웅전영산회상도
6766,보은 법주사 주서무일편 병풍
6767,서천 이종선효자비
6768,완주 대각사 목우자수심결
6769,대승사마애여래좌상
6770,고양 원각사 수륙무차 평등재의 촬요
6771,보은 비마라사 석조관음보살입상
6772,아산 세심사 소조여래좌상
6773,완주 대각사 몽산화상육도보설
6774,이천경 일신당문집 및 필첩 목판
6775,고양 원각사 치문경훈
6776,홍정명 지석
6777,청양 정혜사 목조석가여래삼불좌상
6778,남원 남양방씨 분재기 및 교지·교첩류
6779,희령군 어사금
6780,하진 태계문집 목판
6781,수국사 아미타불도
6782,고양 원각사 달마대사관심론
6783,충주 청룡사 위전비
6784,공주 학림사 육조대사법보단경
6785,사호집
6786,학록정사
6787,주재성 국담문집 목판
6788,수국사 십육나한도
6789,목우자수심결
6790,옥천 곽은 재실
6791,당진 안민학 애도문 및 백자명기
6792,오익창 익사원종공신녹권
6793,밀양 월연정
6794,수국사 극락구품도
6795,추사 김정희 서신
6796,제천 두학동 석조여래입상
6797,천안 광덕사 목조석가여래삼불좌상
6798,경기전 일월오봉도
6799,창원 진해현 관아 및 객사유지
6800,수국사 감로도
6801,고려사절요(갑인자본)
6802,홍우경 초상
6803,천안 박장원 초상 및 함
6804,임계기사
6805,성주이씨영정
6806,수국사 신중도
6807,덕암사 목조보살좌상
6808,묘법연화경 권4∼7
6809,서천 한산이씨 계미보 책판
6810,일재 이항 묘비
6811,이보흠 대전실기 목판 및 교지
6812,묘법연화경 권2ㆍ4ㆍ5ㆍ6
6813,묘법연화경 권6~7
6814,묘법연화경 권6~7
6815,수국사 현왕도
6816,여주 고달사지 석조
6817,묘법연화경 권4~7
6818,서천 한산이씨 경신보 책판
6819,금릉은기리마애반가보살상
6820,양산 통도사 안양암 북극전
6821,경국사 목관음보살좌상
6822,파주 보광사 목조보살입상
6823,묘법연화경 권4~7
6824,청양 최익현초상
6825,대모암 목조여래좌상
6826,영주가흥리암각화
6827,송정렴 존양재문집 목판
6828,미타사 석불입상
6829,만력기축 사마방목
6830,묘법연화경 권1~3
6831,청양 최익현압송도
6832,김제 귀신사 영산전 소조석가삼존상과 
6833,영일 칠포리 암각화군
6834,통영 용화사 보광전
6835,염불사 목관음보살좌상 및 복장 일괄
6836,박동량 호성공신교서
6837,묘법연화경 권1~3
6838,홍성 상하리 마애보살입상
6839,김제 귀신사 명부전 소조지장보살좌상과
6840,금릉덕천리석조관음보살입상
6841,염불사 지장시왕도
6842,류상운 약재집 초고본
6843,묘법연화경(언해)
6844,예산 향천사 목조아미타여래삼존좌상
6845,순창 만일사비
6846,화순쌍봉사대웅전목조삼존불상
6847,양산 통도사 관음전
6848,불설불모출생삼법장반야바라밀다경권12
6849,남양주 흥국사 대웅보전 목조석가삼존불
6850,어제관무량수불경
6851,공주 박약재
6852,전주 서고사 나한상
6853,화순쌍봉사극락전목조아미타여래좌상
6854,운봉관
6855,양산 통도사 불이문
6856,묘법연화경 권2
6857,남양주 흥국사 목조지장보살삼존상 및 
6858,오대진언집
6859,유효걸 초상과 교서 일괄
6860,김제 금산사 대장전 목조삼존불상과 광
6861,봉화향교
6862,묘법연화경 권5~7
6863,몽산화상육도보설
6864,천안 은석사 아미타불회도와 초본
6865,김제 금복사 불상 및 복장유물
6866,순천송광사응진당
6867,합천 해인사 삼층석탑
6868,몽산화상육도보설
6869,묘법연화경 권3
6870,남양주 봉영사 아미타불도
6871,불설수생경
6872,공주 학림사 호법론
6873,내소사 목조아미타삼존불좌상
6874,합천 해인사 석등
6875,묘법연화경 권5
6876,남양주 봉영사 지장시왕도
6877,선종영가집
6878,아산 삼도수군해방총도
6879,완주 수왕사 목조여래좌상과 복장유물
6880,순천송광사보조국사감로탑
6881,효곡재사
6882,합천 해인사 대적광전
6883,법계성범수륙승회수재의궤 권1
6884,남양주 봉영사 신중도
6885,불설대보부모은중경
6886,아산 현종정미온행망천도병풍
6887,차운혁 쌍청당실기 목판
6888,천지명양수륙재의찬요
6889,남양주 봉영사 산신도
6890,대불정여래밀인수증요의제보살만행수능엄경
6891,당진 성당사 제석천도
6892,남원 실상사 건칠아미타불좌상과 건칠보
6893,영광연흥사목조삼세여래좌상
6894,함양 함화루
6895,도선사 청동 종 및 일괄 유물
6896,고양시 길상사 육경합부
6897,주석가여래성도기
6898,천안 광덕사 소조지장보살삼존상과 시왕
6899,남원 관왕묘 적토마도
6900,영암망월사석불좌상
6901,속자치통감강목판목
6902,화산세고 목판
6903,경국사 지장시왕도
6904,고양시 길상사 묘법연화경
6905,아산 봉곡사 목조석가여래좌상
6906,익산 관음사 묘법연화경
6907,나주운흥사지금동여래입상
6908,동강김우옹신도비
6909,윤주하 교우문집 목판
6910,경국사 감로도
6911,영가대사증도가남명천선사게송2책
6912,중간진언집
6913,아산 봉곡사 지장시왕도
6914,남원 용담사 석등
6915,청천서당
6916,진주청곡사괘불함
6917,경국사 팔상도
6918,선종영가집언해권상1책
6919,예산 향천사 아미타불회도
6920,전주 삼경사 목조아미타여래좌상
6921,순천선암사금동관음보살좌상
6922,창녕 금호재
6923,경국사 신중도
6924,경율이상1책권1-6
6925,홍만조 초상
6926,완주 구룡암 사법어
6927,육의당
6928,거창 고견사 석조여래입상
6929,경국사 괘불도
6930,백자청화정부인영광정씨 묘지및 지석함
6931,청양 면암고택
6932,소모사실
6933,고흥능가사추계당및사영당부도
6934,종선정
6935,합천 추본사·명곡사
6936,합천 추본사
6937,합천 명곡사
6938,법주사 수정암 석불좌상
6939,고령신씨 북백공파 고문서 85건
6940,불설사십이장경
6941,서산 일락사 금동여래좌상
6942,고창 선운사 참당암 석조지장보살삼존상
6943,담양 미암종가 소장 고문서
6944,창원 이승만 대통령 별장 및 정자
6945,인천안목 권상
6946,서산 보원사 고봉화상선요 목판
6947,군산 상주사 나한전 석조석가삼존16나
6948,창녕 물계서원 목판
6949,우계선생문집책판
6950,두문동선생실기책판
6951,창녕성씨문행열전책판
6952,성시중효행록책판
6953,창녕성씨만력보책판
6954,창녕성씨기축보책판
6955,부천 만불선원 십지경론 이구지･난승지
6956,상교정본자비도량참법 권7~10
6957,서산 보원사 법계성범수륙승회수재의궤 
6958,오봉 김제민 묘비
6959,나주불회사소조보살입상
6960,안동만대헌
6961,가례부췌책판
6962,감지은니범망경보살계 및 보살계의
6963,부천 만불선원 화엄경언해38권39책
6964,유백증 정사공신교서
6965,서산 보원사 수륙무차평등재의촬요 목판
6966,임실 중기사 철조여래좌상
6967,삼괴정
6968,밀양 표충사 삼화상진영
6969,밀양 표충사 고승진영
6970,신헌 초상
6971,밀양 표충사 감로도
6972,지장암 목비로자나불좌상 복장전적류
6973,화성 용주사 전답양안2건
6974,충주 미륵대원지 석조귀부
6975,서산 보원사 제반문 목판
6976,완주 대각사 금강경천로해정진주
6977,고흥봉래사신중탱화
6978,영천정각리삼층석탑
6979,밀양 표충사 사명대사 관련 교지
6980,의정부 망월사 목조불삼존상 및 십육나
6981,청주 목우사지 석조여래입상
6982,서산 보원사 천지명양수륙잡문 목판
6983,전주 금선암 불설대보부모은중경언해
6984,담양 척서정
6985,옥간정
6986,밀양 표충사 사명당 사명기
6987,의정부 망월사 목조불삼존상
6988,충주 창동리 석조약사여래입상
6989,서산 보원사 천지명양수륙재의찬요 목판
6990,경기전 가마와 의식구
6991,곡성도림사보광전목조아미타삼존불상
6992,모고헌
6993,밀양 표충사 송운대사 분충서 난록 목
6994,백자청화칠보수복문호
6995,의정부 망월사 괘불도(괘불함 및 복장
6996,충주 충렬사비
6997,묘법연화경
6998,조경묘 가마와 의식구
6999,곡성당동리석조여래좌상
7000,포은정몽주유허비
7001,밀양 표충사 제영록 목판
7002,백자상감연리지문병
7003,의정부 망월사 건륭오십삼년명 동종
7004,백지묵서불설법화삼매경
7005,정희번 호성공신녹권
7006,완주 구룡암 불설대보부모은중경과 불설
7007,화순운주사와형석조여래불
7008,봉화동면리마애비로자나불입상
7009,밀양 표충사 사명집 목판
7010,백자청화화훼문병
7011,의왕 청계사 신중도
7012,선문염송집 권11
7013,예산 수덕사 소조삼존불상
7014,양대사마실기 목판
7015,화순운주사광배석불좌상
7016,고산정
7017,백자호
7018,김포 금정사 석조여래좌상
7019,묘법연화경
7020,공주 상원암 승탑군
7021,눌재 박상 초상화
7022,화순운주사마애여래좌상
7023,도리 추원당
7024,대동여지도
7025,묘법연화경
7026,백자동화원형문각호
7027,의정부 망월사 간행 진언집 책판 관련
7028,백지묵서약사유리광여래본원공덕경
7029,금산 영천암 무량수각
7030,사암 박순 초상화
7031,화순운주사칠층석탑
7032,군자정
7033,양산 통도사 자장율사 진영
7034,백자청화산수인물문사각병
7035,여주 신륵사 건륭삼십팔년명 동종
7036,연산 염수재
7037,고창 선운사 영산전
7038,화순운주사쌍교차문칠층석탑
7039,금대정사
7040,양산 통도사 삼화상 진영
7041,백자청화화분문호
7042,여주 신륵사 극락보전 삼장보살도
7043,용봉사 범종
7044,고창 석탄정
7045,화순운주사석조불감앞칠층석탑
7046,종릉재사
7047,양산 통도사 팔금강도
7048,대한천일은행 창립관련 문서 및 회계문
7049,남양주 묘적사 팔각다층석탑
7050,기성도병
7051,고창 삼호정
7052,화순운주사거북바위교차문칠층석탑
7053,배순정려비
7054,양산 통도사 대광명전 신중탱
7055,상부암 석보살입상
7056,서산 개심사 보현선원 목조보살좌상
7057,남원 만복사지 석조인왕상
7058,화순운주사대웅전앞다층석탑
7059,최진립전적및유품
7060,도선사 석 삼존불상
7061,법집별행록절요병입사기
7062,법계성범수륙승회수재의궤
7063,김제 원각사 대웅전 목조아미타불좌상
7064,화순운주사칠성바위앞칠층석탑
7065,화원군영정
7066,양산 통도사 가경원년명 오계수호신장도
7067,기원사 독성도
7068,강희 21년명 장경사 동종
7069,분청사기철화 한명회 지석
7070,조필달 신도비
7071,화순운주사발형다층석탑
7072,성주김기대소장전적
7073,지장암 지장보살도
7074,이상의 영정
7075,이광악 초상
7076,익산 정각사 소장 육경합부
7077,진도 청용사 소장 불교전적
7078,구가암
7079,지장암 산신도
7080,고양 원각사 신중도
7081,음성 보현암 석조아미타여래좌상
7082,공주 마곡사 대광보전 소조비로자나불좌
7083,청자상감정사색명유로문매병
7084,영암부춘정
7085,통영 안정사 연 및 금송패
7086,대방광불화엄경 권62
7087,음성 보현암 석조관음보살의좌상
7088,태안 태국사 목조관음보살좌상
7089,무주 대불리 마애삼면보살좌상
7090,하백원의 만국전도와 동국지도
7091,동강서당
7092,의령 향약사창계 절목
7093,묘법연화경 권1~7
7094,"대방광원각수다라요의경(언해) 1-1,"
7095,의학입문
7096,부여 무량사 묘법연화경
7097,군산 성흥사 예념미타도량참법 권6~1
7098,나주금성정의록
7099,영천보성리암각화
7100,하동 경충사 정기룡 유품
7101,사자암 신중도
7102,대방광원각수다라요의경 권1
7103,송조표전총류 권8~10
7104,백자청화 이기하 지석
7105,정묘거의록
7106,순천향림사동종
7107,청도합천리석조아미타여래입상
7108,거창무릉리정씨고가
7109,사자암 영산회괘불도
7110,의왕청계사 청계사사적기비
7111,류명 청난원종공신녹권
7112,독립유공자 김영원 자료 일괄
7113,영광내산서원소장필사본건거록(간양록)등
7114,반룡사동종
7115,삼천포매향암각
7116,사자암 현왕도
7117,남양주 흥국사 영산전
7118,영조병오친정도
7119,간재 전우 초상화
7120,식산이만부전적
7121,밀양 탁삼재 유물
7122,안성 봉덕사 목조여래좌상
7123,김희 초상 일괄
7124,정읍 정토사 목조관음보살좌상과 복장유
7125,장성 백양사 각진국사 복구 진영
7126,하동 금오산 마애여래좌상
7127,개운사 목 아미타불좌상 복장일괄
7128,"김후 영정 및 영정함, 호수․호수함 "
7129,부여 강동공일기
7130,남원 천광사 몽산화상육도보설
7131,아도화상사적비및도리사불량답시주질비
7132,합천 외토리쌍비
7133,천축사 비로자나삼신불도 및 복장유물
7134,홍재전서
7135,묘법연화경 권1~3
7136,임천 칠산서원 책판
7137,주암서원 최덕지 영정
7138,천축사 비로자나삼신괘불도
7139,김우형 서첩-기오재희묵
7140,광주안씨 고문서
7141,신재효 판소리 사설본
7142,청자상감운학국화문개합
7143,윤별동묘
7144,밀양 표충사 목제연화형발우
7145,밀양 표충사 목판
7146,밀양 표충사 불연
7147,인천해관문서
7148,윤증서첩-유봉필첩
7149,제천 경은사 목조문수보살좌상 및 복장
7150,서산 개심사 영산회상도 및 팔상도
7151,전주 불정사 대웅보전 목조아미타여래좌
7152,청자상감‘王’명잔탁
7153,이정사
7154,산청척화비
7155,사복시 살곶이 목장지도
7156,파주 검단사 아미타불회도
7157,제천 경은사 강희오십년명 석감
7158,서산 개심사 지장보살도 및 시왕도
7159,전주 불정사 목조아미타여래좌상과 복장
7160,순천 선암사 불조전
7161,용천사대웅전
7162,거창 갈천서당
7163,수선전도
7164,고양 흥국사 영산회상도
7165,보은 법주사 대웅보전 후불도
7166,고창 선운사 도솔암 현왕도
7167,해남 대흥사 대웅보전
7168,직지사석조나한좌상
7169,창녕 이장곤 묘 석상
7170,도성대지도
7171,조돈영서
7172,보은 법주사 여적암 다층청석탑
7173,고창 선운사 도솔암 독성도
7174,고흥정걸가교지류고문서
7175,경수당종택
7176,밀양 혜산서원
7177,수선총도
7178,정조 어필 비망기
7179,보은 법주사 복천암 극락보전
7180,익산 성불사 육경합부
7181,나주죽림사건칠아미타여래좌상
7182,고령박씨소윤공파문적
7183,손조서 격재문집 목판
7184,망우동지
7185,정조사 조심태어찰첩
7186,청주 구룡사 사적비
7187,익산 성불사 목우자수심결(언해)
7188,여수 흥국사 삼장보살도
7189,사룡산금정암제석탱
7190,고성 옥천사 목판
7191,훈도방주자동지
7192,정조사 박종보 어찰첩
7193,임경업 추련도
7194,김제 월명암 대혜보각선사서
7195,여수 흥국사 제석도
7196,대승사윤필암목조아미타여래좌상및지감
7197,함양 노진 신도비
7198,북한지
7199,고양 원각사 불조삼경
7200,제천 신륵사 극락전 벽화 및 단청
7201,전주 완산희현당사적비
7202,나주죽림사극락전영산회상도
7203,의성석탑리방단형적석탑
7204,합천 박소 신도비
7205,삼강행실도
7206,고양 원각사 고려시대 다라니 일괄
7207,대방광불화엄경보현행원품
7208,남원 기지입암향약
7209,남성재
7210,강의영효행추거문서
7211,수문장계회도
7212,고양 대성암 목활자본 묘법연화경
7213,불설장수멸죄호제동자경
7214,남원 불정사 범망경노사나불설심지법문품
7215,보성 은봉종택과 대계서원 고문서 일괄
7216,손영제 추천문집 및 손석좌 성은당문집
7217,장양공정토시전부호도
7218,고양 대성암 선림보훈
7219,이공기 호성공신교서 및 초상
7220,남원 선화사 묘법연화경
7221,장흥 신흥사 소장 정방사명 동종
7222,유곡역고문서
7223,김지대 영헌공실기 목판
7224,대사례도
7225,양주 송암사 육경합부
7226,보은 법주사 복천암 목조아미타여래삼존
7227,완주 대원사 오층석탑
7228,김영열좌명공신교서및회맹록
7229,오우실기 목판
7230,신축진연도병
7231,포천 대구서씨 백자묘지 및 석함
7232,보은 법주사 복천암 신중도
7233,완주 대원사 목조지장보살삼존상·시왕상
7234,영광 불갑사 대웅전 삼세불회도
7235,난재 채수 신도비
7236,밀양 삼강사비
7237,왕세자입학도첩
7238,효명세자 예찰
7239,보은 법주사 복천암 삼세불도
7240,완주 봉림사지 석조여래삼존상
7241,영광 불갑사 팔상전 영산회상도
7242,거창 모리재
7243,계미동경소진첩
7244,광주 수도사 목조보살좌상
7245,보은 문수암 산신도
7246,남원양씨 충장공파종중소장 고서 및 고
7247,영광 불갑사 지장시왕도
7248,문경봉정리약사여래좌상및관세음보살입상
7249,밀양 십이경도 병풍
7250,괴원성회록
7251,성남 봉국사 목조아미타여래좌상
7252,단양 청련암 목조보살좌상
7253,부안 개암사 석가여래삼존불좌상
7254,나주 심향사 석조여래좌상
7255,김승주삼공신회맹록판본
7256,이장곤 교지
7257,해동제국기
7258,성남 봉국사 아미타불회도
7259,사경영험
7260,고창 만수당
7261,나주 다보사 명부전 목조 지장보살삼존
7262,영주용혈리와요지
7263,산청 심적정사 석조불상군
7264,백자청화영빈이씨 묘지·명기 및 석함
7265,용인 법륜사 목불좌상
7266,충주 용화사 석조여래입상
7267,남원 백련사 정법안장 권상
7268,영광 불갑사 동종
7269,거창 송림사지 석조여래좌상
7270,백자‘동묘치성병’명병
7271,지장보살본원경 상‧중‧하
7272,보은 보은사 석조여래입상
7273,고창 문수사 목조석가여래좌상 및 복장
7274,여수 흥국사 중수사적비
7275,학봉신도비및묘방석
7276,송병선 연재문집 목판
7277,윤산군이탁 백자음각묘지
7278,묘법연화경 권3∼4
7279,보은 보은사 지장시왕도
7280,정읍 미륵사 목조대세지보살좌상 및 복
7281,화순 춘산영당 최익현 초상
7282,안동광흥사장금자사경
7283,김교 적개공신 교서
7284,백자청화산수문호
7285,연사일록과 한글 연행록
7286,경주김씨 판도판서공파 족보 목판
7287,순창 송학사 석조여래좌상 및 복장유물
7288,화순 문달환 초상
7289,강포유홍원의현금및어은보
7290,응윤 경암집 목판
7291,진관동 석 보살입상
7292,남양주 불암사 괘불도
7293,충주 미륵대원지 사각석등
7294,전주이씨 사정공파(마전) 종중 문서 
7295,곡성 서산사 목조 관음보살좌상
7296,예천청주정씨재실
7297,함양 벽송사 묘법연화경 목판
7298,홍재전서
7299,한천두 위성공신 교서 및 초상
7300,청주 모충동 석조비로자나불좌상
7301,강진 고성사 목조 삼불좌상 및 복장유
7302,광산김씨긍구당고택
7303,함양 벽송사 벽송당 지엄 진영
7304,인천안목 권상
7305,"홍경주 초상, 유지초본 및 함"
7306,진천 영수사 신중도
7307,광양 백운사 목조 아미타여래좌상 및 
7308,이원 청향당실기 목판
7309,유금강산권
7310,유금강산권
7311,수륙무차평등재의촬요
7312,박충원 백자청화묘지
7313,묘법연화경 권5~7
7314,보성 불광사 목조 관음보살좌상 및 복
7315,감산사석조비로자나불좌상
7316,함양용산사지석조여래입상
7317,선종유심결 등 합철
7318,파주 보광사 영산회상도
7319,육조대사법보단경 권중
7320,완도 수향사 목조관음보살좌상
7321,은해사백흥암감로왕도
7322,함양대덕리마애여래입상
7323,법장사 아미타괘불도 및 복장유물
7324,파주 보광사지장시왕도
7325,대불정여래밀인수증요의제보살만행수능엄경
7326,곡성 서산사 동종
7327,설월당종택소장전적및고문서
7328,관음사 석조보살좌상
7329,파주 보광사 현왕도
7330,불설사십이장경
7331,곡성 연운당 고문서
7332,우복정경세신도비
7333,정온 동계문집 목판
7334,예념미타도량참법 권1~10
7335,재조본 제법집요경 권 6
7336,진실주집
7337,해남약수사불교전적
7338,만장사석조여래좌상
7339,거창 강남사지 석조여래입상
7340,수륙무차평등재의촬요
7341,번암선생집
7342,묘법연화경 권4~7
7343,해남 미황사 대웅전 목조석가여래삼불좌
7344,안동용수사대정삼년명금동고
7345,거창 감악사지 승탑
7346,고봉화상선요
7347,"두륜청사첩, 삼사탑명첩"
7348,불설대보부모은중경
7349,해남 미황사 명부전 목조 지장보살삼존
7350,영주영전사석조여래입상
7351,거창 농산리 음각선인상 입석
7352,치문경훈 권하
7353,정조 한글어필-빈풍칠월편
7354,법계성범수륙승회수재의궤
7355,해남 미황사 응진당 목조 석가여래삼존
7356,봉정사만세루
7357,영호 윤경남 유품
7358,선원제전집도서
7359,영조예필-송죽
7360,대반열반경
7361,보성 용연사 석조불상 및 복장유물
7362,안동권씨송파재사
7363,거창 윤경남 생가
7364,지장암 명부전 목조지장보살좌상 및 복
7365,영조 사 조현명 어필첩
7366,일체경음의 권92
7367,"장흥 묘덕사 묘법연화경 권1,2"
7368,우향계안
7369,창녕 보림사지 승탑
7370,지장암 석조천불좌상 및 복장유물
7371,정조예필-주희시첩
7372,감지금니묘법연화경 권6~7
7373,봉정사소장유물
7374,지장암 석조가섭아난입상 및 복장유물
7375,정조어필-유시
7376,금강산 마하연명 주장자
7377,곡성 수도암 목조 관음보살좌상과 복장
7378,영주이개립문중소장문적
7379,합천 해인사 경학원
7380,지장암 대웅전 목조석가여래좌상 및 복
7381,성수침 서첩-청송진묵
7382,부모은중경
7383,보성 죽곡정사 목판
7384,명종어필‘소수서원’현판
7385,정인홍 관계 문적
7386,지장암 목조석가여래좌상 및 복장유물
7387,"송준길 서첩- 민기묘표, 신도비명"
7388,제천 강천사 목조보살좌상 및 복장유물
7389,강진 병영 박약국 문적
7390,소수서원소장판목
7391,정인홍 선대 증직 교지
7392,지장암 목조관음보살좌상 및 복장유물
7393,김수증 서첩-곡운희묵
7394,보성 동원석량비
7395,은해사중암암삼층석탑
7396,정릉 교첩 및 교지
7397,지장암 목조관음지장보살좌상 및 복장유
7398,성남 약사사 지장시왕도
7399,보성 마천석교비
7400,금산당
7401,함양대대리마애여래입상
7402,지장암 자수아미타삼존괘불도 및 복장유
7403,번암고
7404,한원진 초상
7405,순천 송광사 감로암 목조아미타여래좌상
7406,구미 수다사 목조아미타여래좌상
7407,남원양씨 용성세고 목판
7408,지장암 자수지장보살도
7409,상덕총록
7410,권욱 초상
7411,화순 광산 이씨 승지공비
7412,안동대원사소장탱화
7413,창원 성주사 석조관음보살입상
7414,학림사 석조약사여래삼불좌상 및 복장유
7415,양주 청련사 목조아미타여래삼존좌상 및
7416,윤봉구 초상
7417,완도 고금도 관왕묘비
7418,심곡사 목조보살좌상
7419,양주 청련사 관음보살좌상 및 복장물
7420,권섭 초상
7421,영암 장암정 대동계 문서
7422,상주 황령사 아미타후불탱
7423,함양 안국사은광대화상 승탑
7424,불설입무분별법문경
7425,양주 청련사 현왕도
7426,공회첩
7427,장흥 대원사 소장 불교전적
7428,구미 금강사 석조석가여래좌상
7429,합천 죽고리 석조비로자나삼존상
7430,불설불모출생삼법장반야바라밀다경 권9
7431,양주 청련사 비로자나괘불도
7432,강상찰
7433,완도 백련암 천수관음보살도
7434,박선승 관련 고문서
7435,양주 청련사 칠성도
7436,몽산화상육도보설
7437,영양취수당
7438,보각사 목조여래좌상
7439,양주 청련사 지장시왕도
7440,묘법연화경 권3～4
7441,영광 불갑사 목조 석가여래삼존좌상과 
7442,영주금광리장석우가옥
7443,남양홍씨 병신보 목판
7444,연화사 아미타불괘불도
7445,양주 청련사 감로도
7446,천지명양수륙재의찬요
7447,담양 고세태 분재기
7448,은해사극락보전후불탱화및삼장탱화
7449,이후경 외재집 및 이도보 익암집 목판
7450,연화사 칠성도
7451,양주 청련사 산신도
7452,현수제승법수
7453,해남 도장사 목조석가여래좌상 및 보살
7454,봉화추원재
7455,문위 관련 고문서
7456,연화사 천수관음도
7457,양주 청련사 독성도
7458,청주 안심사 법고
7459,순천 목미암
7460,선산노진환소장전적
7461,밀양 박씨종중유품 및 고문서
7462,연화사 신중도
7463,남양주 불암사 석가삼존십육나한도
7464,동의보감
7465,나주 척서정 정해일 초상
7466,의성오봉종택소장전적
7467,밀양영산정사고불서
7468,연화사 지장시왕도
7469,평택 불법선원 신중도
7470,언해두창집요
7471,나주 영천사 목조지장보살좌상
7472,영주만취당김개국종중소장전적및책판
7473,악비 정충록
7474,"천축사 목조석가삼존불(석가불,미륵보살"
7475,채제공 관련 고문서 일괄
7476,묘법연화경 권4~7
7477,강진 군자서원 고문서
7478,영해인량리주씨종택고문서
7479,조익도공신록권 및 교지
7480,연복사탑중창비
7481,남양주 불암사 목조석가여래좌상
7482,화서선생아언 목판
7483,영광 정호남 관련 고문서
7484,칠곡 가실성당
7485,도봉사 치성광여래삼존도
7486,양주 육지장사 예념미타도량참법
7487,보은 능성구씨 보갑 및 구씨가승 목판
7488,순천 송광사 천자암 목조아미타여래좌상
7489,진주청곡사영산회상도
7490,석굴암 천룡도
7491,고양 삼천사지 대지국사탑비
7492,청주 신항서원 묘정비
7493,광양 최산두 종가 고문서
7494,진주성전암목조여래좌상
7495,봉국사 아미타괘불도
7496,오순 필 화조어해초충도
7497,충주 혜원정사 석불좌상 및 복장유물
7498,담양 몽한각 소장 숭례문과 후적벽부 
7499,박익 송은문집 목판
7500,봉국사 지장시왕도
7501,동치 9년 명 천룡도
7502,영동 영국사 목조보살좌상 및 좌대
7503,곡성 관음사 동종과 광명대
7504,구미금강사금동약사여래입상
7505,김계금 서강일고 목판
7506,봉국사 명부전 시왕도 및 사자도
7507,연주세영첩
7508,대불정여래밀인수증요의제보살만행수능엄경
7509,곡성 명산정사 천지명양수륙재의찬요
7510,구미 금강사 금동관음보살입상
7511,진주의암사적비
7512,봉국사 목조석가여래좌상
7513,고양 상운사 석불좌상
7514,대불정여래밀인수증료의제보살만행수능엄경
7515,해남 태영사 석조석가삼존불좌상
7516,구미금강사소장전적
7517,양산 통도사 비로암 탱화
7518,봉국사 석조지장삼존상과 시왕상 및 권
7519,백자청화 운룡문호
7520,예념미타도량참법
7521,보성 문재도 관련 고문서
7522,의성옥련사목조아미타여래좌상
7523,양헌수병인양요 관련 문적
7524,백자 대병
7525,청송심씨묘 출토 복식
7526,고흥 성불사 석조여래입상
7527,대전사 보광전 석조여래삼존상
7528,고성 운흥사 감로도
7529,정태제묘 출토 전적류 일괄
7530,북한 승도절목
7531,묘법연화경 권1
7532,반야사 수륙무차평등재의촬요
7533,고성 운흥사 아미타불회도
7534,미타사 아미타후불도
7535,백자청화 ‘성화3년’ 명 황수신 묘지
7536,묘법연화경 권1
7537,화순 만연사 동종
7538,고성 운흥사 약사불회도
7539,미타사 지장시왕도
7540,이형부 필 화양구곡도
7541,"자치통감강목 권27, 권47"
7542,합천 해인사 홍제암 삼화상 진영
7543,미타사 신중도
7544,화성 홍법사 묘법연화경
7545,이문건 부부묘 출토 유물
7546,무안 목우암 목조아미타여래좌상
7547,합천 적연선사 승탑
7548,미타사 칠성도
7549,송곡 조복양관련 고문서
7550,이문건가 족보
7551,영광 정홍연 관련 고문서와 전적
7552,평해북천교비
7553,산청 대원사 신중도
7554,미타사 백의관음도
7555,고양 강매 석교
7556,십현담요해
7557,나주 풍산홍씨 석애문중 고문서와 전적
7558,구미약사암석조여래좌상
7559,산청 대원사 반자
7560,봉원사 아미타괘불도
7561,안표 초상화 및 교지
7562,지리신법
7563,고흥 송광암 목조 불보살좌상
7564,용암박운효자정려비
7565,통영 용화사 금고
7566,봉원사 범종
7567,양주 청련사 석조지장보살좌상
7568,옥소고
7569,보성 죽곡정사 연평답문보록
7570,김언신 관련 고문서
7571,통영 용화사 목조지장시왕상
7572,동관왕묘 소장유물 일괄
7573,양주 청련사 아미타불괘불도 및 복장물
7574,신간대자명심보감
7575,강진 옴천사 목조보살좌상
7576,경산지초고본
7577,양산 통도사 건륭57년명 신중도
7578,천축사 목조불단
7579,상영도집
7580,원주이씨 단양종중 소장 유물
7581,영암 박동렬 신도비
7582,송림사 복장전적
7583,양산 통도사 안양암 함평11년명 신중
7584,흥천사 아미타불도
7585,안성 봉덕사 아미타불회도
7586,당음비사
7587,포항 보경사 서운암 후불탱화 및 신중
7588,합천군수 이증영 유애비
7589,흥천사 지장시왕도
7590,파주 성재암 목조아미타여래좌상
7591,대방광원각수다라요의경
7592,영광 불갑사 법고
7593,안동 석탑사 목조관세음보살좌상
7594,양산 통도사 지장시왕탱
7595,반야암 목조관음보살좌상
7596,하남 선법사 석조보살좌상
7597,충의직언
7598,담양 보리암 목조아미타여래삼존상
7599,인동 장형수 소장 영양역증
7600,양산 통도사 가경17년명 지장시왕탱
7601,반야암 목조석가여래좌상
7602,안성 칠장사 원통전
7603,금강반야바라밀경
7604,고흥 성산사 성주이씨 초상 일괄
7605,영주박승임종중소장전적및유물
7606,거창만월당
7607,반야암 석조보살좌상
7608,윤승길 초상 및 함 일괄
7609,간이벽온방
7610,장성 백양사 청류암 목조아미타여래좌상
7611,정수사영산회상도
7612,양산 통도사 극락회상탱
7613,묘법연화경
7614,신찬벽온방
7615,장성 백양사 목조지장보살삼존상 및 소
7616,정수사지장시왕도
7617,양산 통도사 건륭17년명 아미타후불탱
7618,양아록
7619,부모은중경
7620,대불정여래밀인수증료의제보살만행수릉엄경
7621,장성 기효간 종가 고문서
7622,산청율곡사목조아미타삼존불좌상
7623,육조대사법보단경(언해) 권상
7624,양평 상원사 동종
7625,금강반야경의기
7626,장흥 척사윤음비
7627,양산 통도사 창녕포교당 목조석가여래좌
7628,묘법연화경 권1∼3
7629,의정부 성불사 신중도
7630,원각예참약본 권3~4
7631,영암도갑사청동문수동자상
7632,영덕 우계당 소장 고지도
7633,선종영가집(언해)
7634,안성 청룡사 아미타여래회도
7635,반야바라밀다심경소
7636,구례 개성왕씨 소장 정유재란 관련 유
7637,양산 통도사 광무4년명 감로탱
7638,문원공 회재 이언적 신도비
7639,문원공 회재 이언적 신도비
7640,감지금니묘법연화경 권1
7641,안성 청룡사 지장시왕도
7642,원각류해 권1~3
7643,나주 임서 신도비
7644,문경근암서원소장유물
7645,양산 통도사 건륭40년명 현왕탱
7646,최북필 단구승유도
7647,안성 청룡사 석가여래삼불회도
7648,당송팔가시선
7649,구미문수사소장묘법연화경
7650,진주 선조사제문비
7651,흥천사 대방광원각수다라요의경판
7652,성남 ‘법륜사’ 명 신중도 및 복장물
7653,괴산 공림사 동종
7654,구례 화엄사 구층암 동종
7655,용천사동하도로수치송공표석
7656,함양 용추사 건륭18년 천룡도
7657,흥천사 현왕도
7658,성남 ‘법륜사’ 명 감로도
7659,박연왕지
7660,구례 화엄사 각황전 삼세불도
7661,예천서악사석가모니후불탱
7662,함양 용추사 지장시왕상
7663,백상정사 신중도
7664,평택 동녕사 선원제전집도서
7665,반찬등속
7666,고흥 재동서원 소장 고문서
7667,안동영천이씨간재공파종중소장문적
7668,양산 통도사 동치5년명 칠성탱
7669,의령남씨가전화첩
7670,영조·정조 사 김종수 어제어필첩
7671,평산신씨 종가 고문서
7672,해남 방춘정
7673,구미자비사소장전적
7674,양산 통도사 함풍11년명 칠성탱
7675,도안사 은선묘아미타삼존도
7676,안양 망해암 석조여래입상
7677,대전화상주심경
7678,여수 달마사 소장 예념미타도량참법 권
7679,진주 송정종택 고문서
7680,백자청화운현명만자문병
7681,남양주 견성암 지장시왕도
7682,황벽산단제선사전심법요
7683,순천 금룡사 지장보살본원경
7684,김선치의 벼루
7685,하동 쌍계사 삼장보살탱
7686,화계사 목조관음보살좌상 및 복장유물
7687,남양주 견성암 석가삼존십육나한도
7688,몽산화상육도보설
7689,여수 한산사 지장시왕도
7690,김룡사명부전 목조지장삼존상 및 제상
7691,하동 쌍계사 팔상전 신중탱
7692,화계사 아미타괘불도 및 오여래도 
7693,평택 보국사 목조아미타여래좌상 및 복
7694,몽산화상육도보설
7695,해남 방죽샘과 중수비
7696,경산원효암마애여래좌상
7697,하동 쌍계사 국사암 아미타후불탱
7698,몽산화상육도보설
7699,화계사 천수천안관음변상판
7700,우하영 응지상소에 대한 정조 비답
7701,몽산화상법어약록
7702,해남 남천교 및 어성교 중수비와 청류
7703,칠곡 도덕암 몽계당 선의대사 진영
7704,밀양 영산정사 석조여래좌상
7705,화계사 탑다라니판
7706,영조 어필 및 홍이원 어전제진시권
7707,불설사십이장경
7708,강진 청자 대평명 양각해석류화문와
7709,영주금양정사
7710,산청 심적사 추파당대사 승탑 및 탑비
7711,화계사 아미타후불도
7712,윤씨 자기록
7713,성관자재구수육자선정
7714,곡성향교
7715,성주 예산리 만산댁
7716,산청 심적사 한암대사 승탑 및 탑비
7717,화계사 명부전 지장보살도
7718,고양 원각사 관음보살도
7719,대방광원각수다라요의경 권4
7720,곡성 태안사 금고
7721,"양민공 손소 및 정부인 류씨의 묘비,"
7722,화계사 명부전 십대왕도
7723,남양주 견성암 영산회상도
7724,대방광원각수다라요의경 권상2의2
7725,순천 환선정 현판
7726,경절공 손중돈 및 정부인 최씨의 묘비
7727,"경절공 손중돈 정부인 홍씨의 묘갈, "
7728,화계사 명부전 시왕도 및 사자도
7729,남양주 견성암 현왕도
7730,불설대보부모은중경
7731,곡성 태안사 사적기 일괄
7732,정부인문화류씨묘지명지석
7733,김해 원명사 지장보살본원경
7734,수륙무차평등재의촬요
7735,용인 백령사 석조여래좌상
7736,수륙무차평등재의촬요
7737,영광 구 융문당과 융무당
7738,청도장육산마애여래좌상
7739,현수제승법수
7740,파주 보광사 대웅보전 현왕도
7741,동문수 권1∼10
7742,강진 월남사 김강정 필 근본설일체유부
7743,칠곡 위봉사 석조보살좌상
7744,독곡집 권상
7745,파주 보광사 대웅보전 치성광여래회도
7746,동국여지승람 권52
7747,순천 담락재와 현판(2025-2)
7748,울진장씨고산성파소장고문서
7749,양산 대성암 춘추호씨전
7750,도선사 석조관음보살좌상
7751,파주 보광사 대웅보전 감로도
7752,동국여지승람 권4
7753,화순 용암사 목조보살좌상
7754,장백손교지
7755,양산 대성암 집주두공부초당시
7756,일동장유가
7757,신증동국여지승람 권7
7758,완도 학서암 석조여래좌상
7759,대혜보각선사서
7760,남양주 견성암 목조석가여래좌상 및 목
7761,"자치통감 권65∼68, 172∼175"
7762,구례 천은사 수도암 목조아미타여래좌상
7763,울진 불영사 불패
7764,양산 대성암 두공부시범덕기비선
7765,마하연 제석천룡도
7766,의왕 청계사 아미타여래설법도
7767,"자치통감강목 권25, 35, 42, "
7768,담양 보리암명 철제 수정
7769,청도 덕사 영산전 석조여래삼존상 및 
7770,합천 해인사 대적광전 중건 상량문
7771,의왕 청계사 비로자나삼신괘불도
7772,지장보살본원경 권하
7773,고흥 무열사 소장 고문서
7774,청도 덕사 명부전 석조지장삼존상 및 
7775,합천 해인사 동제소종
7776,백자양각 재명 매죽문 선형필세필가
7777,화성 만의사 지장시왕도
7778,제천 신륵사 목조아미타여래좌상과 보살
7779,경주이씨 양월문중 소장고문서 및 전적
7780,백자청화 칠보화훼문 사각병
7781,남양주 불암사 지장시왕도
7782,영동 봉유재
7783,영주 성혈사 석조비로자나불좌상
7784,김해은하사대웅전벽화
7785,성제묘 무신도
7786,남양주 불암사 치성광여래회도
7787,보은 모현암
7788,문경대승사사면석불
7789,양산 통도사 석당간
7790,장충동 관성묘 무신도
7791,남양주 불암사 신중도
7792,정립 문적
7793,김천 봉곡사 대웅전 석조석가여래삼존상
7794,흥천사 극락보전 극락구품도
7795,남양주 불암사 감로도
7796,제천 신륵사 극락전 영산회상도
7797,김천 봉곡사 명부전 목조지장삼존상 및
7798,정덕계유 사마방목
7799,흥천사 극락보전 도량신도
7800,파주 보광사 신중도
7801,제천 신륵사 극락전 현왕도
7802,안동 봉황사 삼세불화
7803,양산내원사아미타삼존탱
7804,흥천사 극락보전 신중도
7805,파주 보광사 독성도
7806,영동 영국사 동종
7807,문경대승사노주석
7808,함양오담고택
7809,흥천사 천룡도
7810,파주 보광사 목조삼불좌상
7811,백곡집
7812,문경대승사묘적암나옹화상영정
7813,진주 담산고택 효행 관련 문헌
7814,흥천사 만세루 아미타불회도
7815,화성 만의사 목조석가여래삼불좌상 및 
7816,청주 고령신씨 명가묵적
7817,포항 대성사 소장 금동여래좌상
7818,진주 담산고택 고문서
7819,흥천사 만세루 신중도
7820,남양주 흥국사 시왕도
7821,영동 영국사 목조소대
7822,신라 경순왕 영정
7823,합천 조언형 묘갈
7824,흥천사 만세루 제석천도
7825,남양주 흥국사 영산회괘불도
7826,하동정씨 고문서
7827,문경 혜국사 대웅전 목조삼존불좌상
7828,합천 숙부인이씨 묘갈
7829,흥천사 도량장엄번
7830,남양주 흥국사 지장보살도
7831,영동 중화사 현왕도
7832,한강 정구 신도비
7833,의령향안 및 관련문헌
7834,흥천사 목조여래좌상
7835,의왕 청계사 목조보살좌상
7836,농사직설
7837,봉화 김태석 소장 전적
7838,하동 쌍계사 목조사천왕상
7839,흥천사 목조보살좌상
7840,법어ㆍ몽산화상법어약록(언해)
7841,선종유심결
7842,포항 합천이씨 전서공파 소장 유물
7843,창녕 삼성암 목조관음보살좌상
7844,흥천사 명부전 석조지장삼존상 및 시왕
7845,사충서원 사대신 초상화
7846,이원기로회계첩
7847,김천 청암사 아미타불회도
7848,의령 화양리 동안
7849,김육 초상 일괄
7850,영동 중화사 지장시왕도
7851,김천 청암사 신중도
7852,의령 백련암 목조보살좌상과 복장유물
7853,미타사 금보암 금동관음보살좌상
7854,유한갈‧인동장씨 지석
7855,권상하 초상과 초본
7856,소수박물관 소장 성학십도 판목
7857,의령 수도사 석조아미타여래삼존상과 복
7858,용암사 현왕도
7859,장양공 이일 고문서 및 기록화
7860,소수박물관 소장 해동명적
7861,의령 수도사 감로도
7862,조문명 초상
7863,불조삼경
7864,상주 사서 전식 신도비
7865,양산 통도사 건륭40년명 약사여래후불
7866,해학반도도 병풍
7867,고양 원각사 소장 아미타삼존도
7868,영천 영지사 대웅전
7869,양산 통도사 가경3년명 미륵후불탱
7870,김홍도 필 매해파행도
7871,한병헌일록
7872,김방경 묘지석
7873,양산 통도사 건륭57년명 삼장보살탱
7874,고봉화상선요
7875,이복연 초상 일괄
7876,임하당 신후명 고문서
7877,거창구연서원관수루
7878,흥천사 시왕도
7879,청자 양각황촉규문 접시
7880,울진 불영사 신중탱화
7881,거창요수정
7882,진위대 군안궤
7883,화성 봉림사 지장시왕도
7884,청도 운문사만세루
7885,진주 연계재 고문헌
7886,향안(1617년 등)
7887,향안(1690년)
7888,향안(1712년)
7889,향안(1736년)
7890,향안
7891,향안(1774년)
7892,향안
7893,향안
7894,향안
7895,향안
7896,연방안(1841년)
7897,계적안(1841년)
7898,계적안(1877년)
7899,연안 하(1892년)
7900,계적안 하(1892년)
7901,계방안(1910년)
7902,연방안(1910년)
7903,연계재임안
7904,봉은사 판전
7905,수원 봉녕사 석가여래회도
7906,영천 죽림사 철조여래좌상
7907,남해 용문사 승탑군
7908,지장사 목조여래좌상 및 복장유물
7909,수원 봉녕사 치성광여래회도
7910,의성 대곡사 지장보살도
7911,남해용문사목조지장시왕상
7912,남양주 흥국사 감로도
7913,의성 대곡사 삼화상 · 조사진영
7914,남해용문사목조
7915,소미타참서
7916,남양주 흥국사 팔상도
7917,의성 운람사 목조아미타 여래좌상과 복
7918,남해용문사목조사천왕상
7919,지장보살본원경
7920,수원 수원사 목조관음보살좌상
7921,고령 반룡사 목조비로자나삼존불좌상
7922,남해 용문사 건륭25년명 운판
7923,"배자예부운략 권1~3, 권4"
7924,경책신공문
7925,구미 원각사 목조보살좌상
7926,양산원효암석조약사여래좌상과복장유물
7927,비변사계회도
7928,화성 봉림사 신중도
7929,상주 관음사 아미타회상도
7930,양산원효암마애아미타삼존불입상
7931,백자호
7932,화성 봉림사 아미타여래회도
7933,의성 생송리 마애보살좌상
7934,창원 봉림사 불교전적류
7935,묘법연화경 권제일
7936,묘법연화경 권제삼~사
7937,묘법연화경 권제사~칠
7938,금강반야바라밀경(상)
7939,약사유리광여래 본원공덕경
7940,불정심관세음보살 대다라니경
7941,월인석보 제이십일(상)
7942,불설대보부모은중경
7943,현수제승법수
7944,화성 봉림사 치성광여래회도
7945,성주 자양서당 소장 전적
7946,함양거연정
7947,법집별행록절요병입사기
7948,창원 정암사 아미타불회도 및 초본
7949,묘법연화경
7950,창원 정암사 신중도 및 초본
7951,몽산화상법어약록
7952,영주 비로사 아미타후불탱화
7953,양산통도사극락암칠성탱
7954,무예제보
7955,상주 도림사 소장 청동유물 일괄
7956,창녕 도성암 석조아미타여래좌상
7957,적조사 신중도
7958,문경 김룡사 양진암 목조관세음보살좌상
7959,통영 용화사 석조관음보살좌상
7960,자수 연지화조문 방석
7961,경산 환성사 대웅전 수미단
7962,산청문수암석가영산회후불탱
7963,자수 연지봉황문 방석
7964,경산 환성사 방형석조
7965,창원 광산사 목조보살좌상
7966,자수 '상궁청신녀'명 연화봉황문 방석
7967,울진 대풍헌 현판 일괄
7968,함양법인사목조아미타여래좌상 복장물일괄
7969,자수 '아미타불'명 번
7970,자수 연화당초문 현우경 표지
7971,의성 경덕사 소장 고문서 및 유물
7972,구상덕 승총명록
7973,논어언해 권3
7974,백전기법
7975,함양안국사목조아미타여래좌상
7976,묘법연화경
7977,숙흥야매잠
7978,함양 영원사 승탑군
7979,선학원 신중도
7980,불국사 당간지주
7981,남해 용문사 목조아미타여래삼존좌상
7982,영가대사증도가 남명천선사계송(언해)
7983,경주남산 국사곡 제4사지 삼층석탑
7984,진주 단지종택 고문서
7985,선적유편서
7986,교서(초)
7987,고신(교지)
7988,백패
7989,계후입안
7990,분재기
7991,명문
7992,준호구
7993,호구단자
7994,관문
7995,조흘첩
7996,원정(초)
7997,경추(초)
7998,소지
7999,점연문기
8000,통문
8001,의송(초)
8002,품목
8003,첩
8004,단자
8005,소록
8006,자치통감강목 권11
8007,경주남산 비파곡 제2사지 삼층석탑
8008,진주 단지종택 사마방목
8009,역정감구봉수지도
8010,경주남산 지암곡 제3사지 삼층석탑
8011,진주 단지종택 정운원종공신녹권
8012,예수시왕생칠재의찬요
8013,양산 통도사 역대고승 진영
8014,청허당 진영
8015,사명당 진영
8016,환성당 진영
8017,우운당 진희 진영
8018,해송당 관준 진영
8019,추파당 대명 진영
8020,영한당 종열 진영
8021,삼성당 서징 진영
8022,구룡당천유 진영
8023,우계당 염일 진영
8024,백암당 관홍 진영
8025,용암당 혜언 진영
8026,화악당 태영 진영
8027,설송당 연초 진영
8028,성담당 의전 진영
8029,호암화상 진영
8030,대은당 우관 진영
8031,성월당 홍진 진영
8032,화악당 지탁 진영
8033,성곡당 신민 진영
8034,청담당 준일 진영
8035,춘암당 인천 진영
8036,구담당 전홍 진영
8037,영파당 성규 진영
8038,화곡당 계천 진영
8039,월허당 계청 진영
8040,취봉당 궤봉 진영
8041,도암당 우신 진영
8042,화봉당 유철 진영
8043,동명당 만우 진영
8044,의송당 최인 진영
8045,화담당 경화 진영
8046,경파당 경심 진영
8047,영암당 유홍 진영
8048,용파당 도주 진영
8049,침계당 관추 진영
8050,응암당 희유 진영
8051,금파당 임추 진영
8052,퇴은당 등혜 진영
8053,포운당 윤경 진영
8054,금암당 진영
8055,환응당 민열 진영
8056,학송당 이성 진영
8057,동파당 탄학 진영
8058,헌암당 진영
8059,호성당 석종 진영
8060,추파당 지첨 진영
8061,오성당 우축 진영
8062,일봉당우민 진영
8063,응허당 도흡 진영
8064,구봉당 지화 진영
8065,망운당 취일 진영
8066,보운당 진영
8067,용허당 지묵 진영
8068,낙운당 지일 진영
8069,홍명당 궤관 진영
8070,경해당 성찬 진영
8071,우담당 유정 진영
8072,금용당 경희 진영
8073,덕암당 혜경 진영
8074,구성당 봉의 진영
8075,용담당 성한 진영
8076,묘법연화경 권1-2
8077,포항 흥해향교 대성전
8078,양산 통도사 신석우 초상
8079,선종영가집
8080,포항 오어사 대웅전
8081,양산 통도사 김경호 초상
8082,옥추경
8083,문경 김룡사 대웅전
8084,진주 은열사 강민첨 초상
8085,속자치통감강목 권7
8086,안동 봉림사지 삼층석탑
8087,거제장흥사지장보살시왕탱
8088,주역전의대전
8089,거제외포리석조약사여래좌상
8090,선조 기축년사초
8091,영주향교 대성전
8092,함양상연대목조관음보살좌상
8093,금강경삼가해 권1
8094,안동 세심사 목조여래좌상 및 복장유물
8095,밀양 표충사 목조석가삼불좌상
8096,근사록
8097,구미 천생사 소장 재송엄상좌귀남서
8098,밀양 표충사석조석가여래좌상
8099,구미 천생사 소장 청허대사 행장
8100,밀양 표충사 목조지장상및석조시왕상
8101,백자 채연
8102,예천 용문사 중수용문사기비
8103,밀양 표충사 목조관음보살좌상
8104,초사후어
8105,포항 보경사 대웅전
8106,밀양 표충사 석조지장보살반가상
8107,명공묘선육방옹시집
8108,포항 우각리 여주이씨 고택
8109,진주연화사목조아미타여래좌상
8110,개운사 괘불도와 괘불함
8111,김산향교
8112,창녕 청련사 목조아미타삼존여래좌상
8113,연화사 목각석가여래설법상
8114,구미 인동향교 대성전
8115,창녕 청련사 영산회후불탱
8116,봉원사 약사불회도
8117,구미 선산향교
8118,통영 약수암 목조아미타여래좌상
8119,봉원사 독성도
8120,구미 도리사 극락전
8121,밀양 표충사 아미타삼존도
8122,봉원사 산신도
8123,상주 함창향교
8124,밀양 표충사 아미타구품도
8125,용비어천가
8126,상주 남장사 일주문
8127,밀양 표충사 아미타불회도
8128,법집별행록절요병입사기
8129,"경산향교<대성전, 삼문>"
8130,밀양 표충사 지장보살도
8131,육경합부
8132,영모록 및 박인 무민당집 목판
8133,봉원사 목조지장보살삼존상 및 시왕상 
8134,영양 삼지동 모전석탑
8135,통영 안정사 가섭암
8136,수륙무차평등재의촬요
8137,청도 불령사 전탑
8138,창원 법성사 목조보살좌상
8139,불설대보부모은중경
8140,청도 적천사 대웅전
8141,창원 봉림사 목조관음 대세지보살좌상
8142,선문염송집
8143,성주 선석사 대웅전
8144,하동 경천묘 경순왕 어진
8145,불설아미타경
8146,예천 초간정
8147,고성보광사목조대세지보살좌상
8148,봉원사 시왕도 및 사자·장군도
8149,예천 용문사 자운루
8150,밀양 부은사 석조아미타불좌상
8151,청자상감운학문매병
8152,봉화 사미정
8153,밀양 여여정사 목조관음보살좌상
8154,백자청화파초국화문호
8155,포항 보경사 서운암 부도군
8156,양산 포교당 석조관음보살좌상
8157,이택균필 <책가도 병풍>
8158,문경 정동윤 고문서 및 유물
8159,송양휘산법
8160,울진 광흥사 소장 명양경
8161,봉원사 도량장엄용 불화(오여래도‧사보
8162,난졸재 이산두 영정
8163,함양 하륜부조묘 고문서 일괄
8164,봉원사 도량장엄용 불화(칠여래도‧사보
8165,경산 선본사 신중탱화
8166,경남일보 창간호
8167,청동은입사향완
8168,향병일기
8169,남명천화상송증도가
8170,영천 영지사 대웅전 후불탱화
8171,통영 법륜사 아미타구품도
8172,십우도송
8173,영천 영지사 명부전 석조지장시왕상 일
8174,합천 해인사 희랑대 목조 지장보살좌상
8175,나옹화상행장
8176,경주 숭덕전 제기
8177,합천 해인사 삼화상 진영
8178,황명이학명신언행록
8179,안동 서악사 아미타극락회상도
8180,합천 해인사 국일암 벽암선사 진영
8181,배자예부운략
8182,안동 봉황사 목조석가여래삼불좌상
8183,합천 연호사 신중탱
8184,불조삼경
8185,안동 봉황사 목조삼전패
8186,통영 안정사 석조석가삼존좌상 및 십육
8187,대동여지도
8188,영천 조치우 옥비
8189,통영 안정사 목조 지장시왕상
8190,분청사기 인화문 경주부장흥고명 삼이호
8191,봉화 청량사 건칠보살좌상 및 복장유물
8192,창원 순흥안씨 동안 관련 자료
8193,장세호 유서
8194,김천 대휴사 목조보살좌상 및 복장유물
8195,합천 해인사 용성선사 승탑 및 탑비
8196,몽산화상육도보설
8197,안동 광흥사 응진전 소조석가여래오존상
8198,양산 법천사 석조여래좌상
8199,임병찬 초상
8200,안동 광흥사 명부전 목조지장보살삼존상
8201,남해 화방사 건륭삼십이년 동종
8202,묘법연화경
8203,예천 연방사 신중탱화
8204,남해 화방사 동종
8205,불설대보부모은중경
8206,안동 서악사 목조아미타여래삼존상
8207,남해 화방사 지장시왕탱
8208,정조 홍용한 갱화시첩
8209,남해 화방사 석조석가삼존십육나한상
8210,옥수동 미타사 극락전과 독성전
8211,포항 오어사 목조석가여래삼불좌상
8212,함양 백운암 목조아미타여래좌상
8213,청자양각모란문금구완
8214,여주이씨 수졸당파 문중 전적 및 고문
8215,함양 백운암 건륭32년 동종
8216,법화영험전
8217,문경 개성고씨 양경공파 문중 전적 및
8218,창원 성주사 석조석가삼존십육나한상
8219,경혜인빈상시호죽책
8220,안동 임계계회도
8221,창원 성주사 석조지장시왕상
8222,미타사 금수암 치성광여래도
8223,김한계 조사문서
8224,창원 성주사 지장보살상 복장물 전적류
8225,조성원문
8226,계초심학인문
8227,묘법연화경 권제1
8228,묘법연화경 권제1
8229,묘법연화경 권제1
8230,묘법연화경 권제1
8231,"묘법연화경 권제1,2"
8232,예수천왕통의
8233,모자이혹론 미성책
8234,달마산사적 미성책
8235,불정관세음보살대다라니경 권상
8236,미타사 금수암 신중도
8237,청도 운문사 소조비로자나불좌상
8238,김해 보현사 불교전적류
8239,십지경론(하) 난승지 제5권 7~ 법
8240,간 집 록
8241,대방광불화엄경소초 권34
8242,경덕전등록 권22~24
8243,대방광원각수다라요의경 권6
8244,"묘법연화경 권1,2"
8245,미타사 극락전 지장시왕도
8246,예천 오천서당록
8247,함양 도솔암 목조관음보살좌상
8248,미타사 극락전 현왕도
8249,안동 지촌제청
8250,남해 화방사 청동반자
8251,봉은사 시왕도
8252,고령향교 대성전
8253,하동 금정사 산신탱
8254,경조낭청구선생안
8255,고령 장육당
8256,함안 내곡리 청간정 고문서
8257,경조당상구선생안
8258,봉화 경체정
8259,사천 백천사 불교전적류
8260,몽산화상법어약록
8261,중편현수법수
8262,불설수생경·불설예수십왕생칠경(합부)
8263,예수시왕생칠재의찬요
8264,청송 만세루
8265,데라우치 기증 고서화 일괄
8266,별장첩 Ⅰ
8267,강표암선생유묵(경산이한진전서첩)
8268,무진조천별장첩 천
8269,무진조천별장첩 지
8270,무진조천별장첩 인
8271,조천유묵
8272,별장첩 Ⅱ
8273,정축입학도첩
8274,정해부연장첩 건
8275,정해부연장첩 곤
8276,조선진필
8277,조선명가진필
8278,조선명가친필
8279,사찬첩
8280,청송선생진필
8281,동춘간첩
8282,동당첩(제사첩)
8283,익재월락첩
8284,완당법첩조눌인병서
8285,어제제명첩
8286,옥동서첩
8287,백하첩 Ⅰ
8288,백하첩 Ⅱ
8289,백사수적
8290,백월선사비
8291,백화유묵 Ⅰ
8292,백화유묵 Ⅱ
8293,필총
8294,봉산별첩
8295,조태억 유고
8296,수북첩
8297,유근첩 건
8298,유근첩 곤
8299,유근첩 둔
8300,해동고간독
8301,해동명필
8302,해동명필-김생
8303,해동명적
8304,해동필수
8305,한묵청완 건
8306,한묵청완 곤
8307,한묵림 천
8308,한묵림 지
8309,한묵림 인
8310,감모첩(제2첩)
8311,간첩
8312,함영별장첩
8313,한호씨법첩
8314,간독 Ⅰ
8315,간독 Ⅱ
8316,간독첩 1
8317,간독첩 2
8318,간독첩 3
8319,간독소집 1
8320,간독소집 2
8321,금제농한
8322,근유첩 1
8323,근유첩 2
8324,근유첩 3
8325,근유첩 5
8326,홍진첩
8327,간첩(계묘사마동방계회첩)
8328,고간첩Ⅰ제1
8329,고간첩Ⅰ제2
8330,고간첩Ⅰ제3
8331,고간첩 Ⅱ
8332,고간첩 Ⅲ
8333,고간첩 Ⅳ
8334,고려자등탑비
8335,갱재첩
8336,고독
8337,명현간독Ⅰ자
8338,명현간독Ⅰ축
8339,명현간독Ⅰ인
8340,명현간독Ⅰ묘
8341,명현간독Ⅰ진
8342,명현간독Ⅰ사
8343,명현간독Ⅰ오
8344,명현간독Ⅰ미
8345,명현간독Ⅰ신
8346,명현간독Ⅰ유
8347,명현간독Ⅰ술
8348,명현간독Ⅰ해
8349,명현간독Ⅱ 1
8350,명현간독Ⅱ 2
8351,명현간독Ⅱ 3
8352,명현간독Ⅱ 4
8353,명현간독Ⅱ5
8354,명현간독Ⅱ 6
8355,명현간독Ⅱ 7
8356,명현간독Ⅱ8
8357,명현간독Ⅱ9
8358,명현간독Ⅱ10
8359,명현간독Ⅱ 11
8360,홍운당첩
8361,구온팔진
8362,파사시
8363,서화첩
8364,미타사 금수암 산신도
8365,상주 북장사 극락보전 목조아미타여래삼
8366,양산 법천사 묘법연화경
8367,미타사 금수암 현왕도
8368,상주 북장사 명부전 목조지장보살삼존상
8369,고성 장의사 석조관음반가상
8370,미타사 극락전 아미타불회도
8371,김룡사 응진전 석조십육나한좌상 일괄
8372,하동 청심사 목조아미타여래좌상
8373,미타사 극락전 감로도
8374,청도 대비사 석조석가불좌상
8375,이정 귀암집
8376,미타사 아미타삼존상 및 불복장 일괄
8377,포항 보경사 적광전 소조비로자나삼존불
8378,양산 법천사 묘법연화경 권6·7
8379,월인석보 권7-10
8380,경주 송선리 마애불
8381,김해 원명사 예수시왕생칠재의찬요
8382,미타사 극락전 신중도
8383,경주 알천제방수개기
8384,창원 순흥안씨 고문서 및 성책류 일괄
8385,미타사 극락전 치성광여래도
8386,표암 강세황 행서 팔곡병
8387,미타사 칠성각 신중도
8388,김해 원명사 묘법연화경
8389,미타사 칠성각 치성광여래도
8390,청도 도솔사 소장 묘법연화경
8391,김해 원명사 육경합부
8392,미타사 아미타여래괘불도
8393,울진광흥사 대웅전 판벽화 및 기타부재
8394,함양 평촌리 신고당 신도비 및 부부 
8395,신겸 필 감지금니묘법연화경
8396,민간조보
8397,진주 동산리 동안
8398,고봉화상선요
8399,상주 북장사 목조삼전패
8400,진주 마호당 고문서 일괄
8401,법집별행록절요병입사기
8402,상주 북장사 목조경장
8403,합천 해인사 국일암 구품도
8404,채용신 필 황석 초상
8405,문경 김룡사 영산회상도
8406,합천 해인사 국일암 신중도
8407,청자상감노압문용두주자
8408,문경 김룡사 현왕도
8409,함양 서운암 신중도
8410,"안필호, 숙부인 장흥마씨 부부 초상"
8411,진주 가봉리 숙부인 상산박씨 묘비 및
8412,이색 초상
8413,청도 동국사 신중도
8414,진주 검암리 하윤묘비 및 석인상
8415,목우자수심결(언해)
8416,청도 적천사 석조아미타불좌상
8417,김해 화엄사 묘법연화경
8418,미타사 관음전 천수관음보살도
8419,청도 적천사 목조석가여래삼불좌상
8420,양산 통도사 동종 및 종거
8421,미타사 칠성각 아미타여래회도
8422,청도 적천사 석조지장보살좌상 및 시왕
8423,양산 통도사 목조사천왕상
8424,미타사 대승암 관음보살삼존도
8425,칠곡 금곡사 석조여래좌상
8426,청주한씨 병사공파 고문서
8427,미타사 대승암 아미타여래삼존도
8428,사근도형지안
8429,계재 정제용 초상화
8430,미타사 칠성각 현왕도
8431,청도 운문사 사리기
8432,김해 선지사 목조아미타여래좌상 및 복
8433,척화비
8434,성주 이시웅 소장 전적
8435,양산 광천사 묘법연화경 권4~7
8436,석천암 지장시왕도
8437,배상열 혼천의「선기옥형」
8438,양산 광천사 육경합부
8439,금강반야바라밀다경
8440,영천 묘봉암 목우자수심결
8441,양산 광천사 금강반야바라밀경 권하
8442,미타사 정수암 현왕도
8443,영천 임고서원 영조을묘모본 정몽주 초
8444,김해 이덕사 오대진언
8445,아비달마대비바사론 권16
8446,영천 은해사 기기암 신중도
8447,고성 운흥사 목조삼세불좌상
8448,청자 퇴화 능화문 매병
8449,청송 대전사 신중도
8450,박여량 감재일기
8451,청자 표형 주자
8452,청송 대전사 명부전 지장삼존상 및 시
8453,간재 전우 초상
8454,백련사 융경삼년명 동종
8455,청송 보광사 극락전 석조아미타삼존불좌
8456,양산 광천사 적멸시중론
8457,임인진연도 병풍
8458,김천 조창현 소장 전적
8459,진주 총림선원 시왕도
8460,임인진연도 병풍
8461,안동 애련암 아미타삼존도
8462,산청 정취암 목조관음보살좌상
8463,가곡원류
8464,안동 애련암 신중도
8465,양산 통도사 석가여래 영골 사리 부도
8466,금보
8467,노상추일기와 간찰첩
8468,고성 이방 박영장 불망비
8469,삼죽금보
8470,문경 대승사 윤필암 신중도
8471,밀양 용궁사 대송당 묘원 진영
8472,국사봉 사자암 목조아미타여래좌상
8473,문경 김용사 양진암 신중도
8474,양산 용화사 아미타불회도
8475,마포 석불사 신중도
8476,문경 관음리 석조반가사유상
8477,양산 통도사 응진전 영산회상도
8478,마포 석불사 아미타불회도
8479,예천 남악종가 소장 전적
8480,양산 통도사 명부전 지장보살도․시왕도
8481,마포 석불사 치성광여래회도
8482,최벽 관련 고문헌
8483,양산 통도사 오방제위도
8484,국사봉 사자암 목조보살좌상
8485,안동 용수사 소장 용산지
8486,양산 통도사 사직사자도
8487,청자 과형병
8488,안동 용수사 소장 통진대사 양경 비편
8489,합천 해인사 원당암 고승 진영
8490,영허당 진영
8491,화월당 진영
8492,취운당 진영
8493,용봉당 진영
8494,침월당 진영
8495,능운당 진영
8496,성파당 진영
8497,서파당 진영
8498,예봉당 진영
8499,연월당 위패형 진영
8500,연곡당 위패형 진영
8501,화계사 대웅전 상량문 및 복장물 일괄
8502,포항 죽림사 육경합부
8503,하동 청계사 권수정혜결사문
8504,진법언해
8505,문경 옥소고
8506,하동 청계사 대방광불화엄경소
8507,불설예수시왕생칠경
8508,경주 남산 포석곡 제6사지 오층석탑
8509,하동 청계사 몽산화상육도보설
8510,삼도합도
8511,의성수정사석조아미타삼존여래좌상
8512,하동 청계사 법화영험전
8513,예수시왕생칠재의찬요
8514,의성수정사 석조지장삼존상시왕상및복장물
8515,하동 청계사 정토보서
8516,자치통감 권252~254
8517,의성수정사 지장시왕도
8518,하동 청계사 현행서방경
8519,법화영험전
8520,봉화 각화사 서암 신중도
8521,노원 정암사 석조석가여래좌상
8522,봉화 각화사 금봉암 아미타불회도
8523,청자 양인각 연지동자문 완
8524,경주 길상사 소장 칠성도
8525,감지금니섭대승론석론권제3
8526,청송 대전사 영산회상도
8527,창원 성덕암 예념미타도량참법
8528,신룡사명 동종
8529,영덕 장육사 대웅전 벽화
8530,김해 해광사 대방광원각수다라요의경
8531,서초 관현사 목조관음보살좌상
8532,포항 광덕사 소장 선종영가집
8533,류한 묘소 출토 만장
8534,강북 삼성암 산신도
8535,영남대학교 중앙도서관 소장 전적
8536,창녕 신흥사 자치통감
8537,강북 삼성암 치성광여래회도
8538,경주 최진립 신도비
8539,창녕 신흥사 대혜보각선사서
8540,악학궤범
8541,경주 최진립 정려비
8542,정문부 농포집 목판
8543,채용신 필 오계엽 초상
8544,상주 전식종가 소장 고문서
8545,사천 백운암 대방광원각수다라요의경(권
8546,내교인·소내교인
8547,상주 전식초상 일괄
8548,사천 백운암 대방광원각수다라요의경(권
8549,소문사설
8550,상주 전식조복 및 공예품 일괄
8551,사천 백운암 대방광불화엄경
8552,함허당득통화상현정론
8553,청도 장연사 목조보살좌상 및 복장유물
8554,양산 가사암 아비달마대비바사론
8555,청자 상감 파어문 매병
8556,몽산화상 육도보설
8557,창원 금룡사 입능가경
8558,자수 구운몽도 병풍
8559,구미 대둔사 아미타불회도
8560,김해 바라밀선원 대방광원각수다라요의경
8561,자수 매화도 병풍
8562,문경 봉암사 상봉대사비
8563,합천 해인사 영산회괘불도
8564,김광균 굴레
8565,문경 대승사 윤필암 후불도
8566,보리암 목조관음보살좌상 불감
8567,삼강행실 효자도
8568,포항 원법사 소장 대혜보각선사서
8569,사월
8570,구미 남화사 석조약사여래좌상
8571,양산 신흥사 대광전 석조석가여래삼존좌
8572,소보우공주의
8573,포항 원법사 소장 사리불아비담론 권제
8574,박필리ㆍ박사눌 교지첩
8575,고열녀전(언해)
8576,아비달마대비바사론 권제20
8577,창원 성흥사 목조아미타여래삼존좌상
8578,삼강행실도(언해)
8579,육경합부
8580,김해 화엄사 지장보살본원경
8581,서궁일기
8582,퇴계선생수묵
8583,양산 불광사 예념미타도량참법
8584,수선총도
8585,포항 법광사지 삼층석탑
8586,김해 연화사 목조석가여래삼존좌상
8587,김홍도 필 송석원시사야연도 및 이인문
8588,경주 방어리 상동계 문서
8589,창원 금룡사 목조보살입상
8590,제주십이경도
8591,영천 용화사 관음보살도
8592,함안 장춘사 석조석가여래삼존좌상
8593,분청사기 선각박지 모란절지문 호
8594,영천 용화사 석가설법도
8595,양산 통도사 부도
8596,양산 통도사 우운당 진희대사 승탑·탑
8597,양산 통도사 낙운당 지일대사승탑·탑비
8598,양산 통도사 동운당 혜원대사승탑·탑비
8599,양산 통도사 응암당 희유대사 승탑·탑
8600,양산 통도사 무영당 축환대사승탑·탑비
8601,양산 통도사 용파당 도주대사승탑·탑비
8602,양산 통도사 능암당 지영대사승탑·탑비
8603,양산 통도사 설송당 연초대사승탑·탑비
8604,양산 통도사 연파당 덕장대사승탑·탑비
8605,양산 통도사 영월당 우징대사승탑·탑비
8606,양산 통도사 구용당 천유대사 승탑·탑
8607,양산 통도사 동허당 법명대사 승탑·탑
8608,묘각사 아미타삼존도불감
8609,영천 용화사 신중도
8610,창원 성흥사 목조석가여래삼존좌상 및 
8611,진재해 필 조문명 초상
8612,단경왕후 온릉봉릉도감 계병 무이산도
8613,하동 법성선원 법집별행록절요병입사기
8614,만력을유 사마방목
8615,선현유적
8616,하동 법성선원 운수단작법
8617,만력기축 종계증광 사마방목
8618,산천가숙동국통지
8619,하동 법성선원 육경합부
8620,황여일 사초
8621,울진 수진사 신중도
8622,하동 법성선원 표충사기
8623,문선
8624,고령 벽송정 유계안
8625,창원 대광사 석문홍각범임간록
8626,위정공간록
8627,경주 백운암 목조보살좌상 및 복장유물
8628,완영일록
8629,경주 백운암 소장 묘법연화경
8630,밀양 양여창 묘갈 및 상석
8631,양금신보
8632,안동 대원사 소장 현왕도
8633,양산 가야진사 출토 분청사기 제기 일
8634,백자 청화 운룡문 호
8635,안동 석탑사 아미타여래회도
8636,양산 불광사 관음경
8637,태교신기
8638,문경 김룡사 사천왕도
8639,양산 가사암 불설대보부모은중경
8640,"낙촌선생문집 목판, 귀암선생문집 목판"
8641,탁영 김일손 문중 소장 고문서
8642,김해 여여정사 육조법보단경
8643,정와선생문집 목판
8644,경주 이요당
8645,함양 영원사 목조보살좌상 및 복장물 
8646,노걸대신석언해
8647,지장시왕도
8648,양산 통도사 취운전
8649,백련사 비로자나삼신괘불도 및 괘불궤
8650,대방광원각수다라요의경
8651,남해 세심사 금동여래입상
8652,어사고풍(1792년)
8653,대불정여래밀인수증요의제 보살만행수능엄
8654,합천 해인사 백련암 목조여래좌상
8655,백자연령군겻쥬방명 달 항아리
8656,구미 대둔사 소조십육나한상 및 권속 
8657,합천 해인사 백련암 풍계집 목판
8658,호압사 석불좌상(약사불)
8659,경주 남산 탑곡 제2사지 삼층석탑
8660,함안 달전사 천지명양수륙재의찬요
8661,행구성군수 오일영 자수 만민송덕 병풍
8662,안동 선찰사 삼세불도
8663,창원 내광사 지장보살본원경
8664,상원군수 이용식 만인산
8665,문경 운암사 신중도
8666,양산 원각사 육조대사 법보단경
8667,운산군수 이용식 만인수첩
8668,예천 용문사 소조석가여래삼존상 및 1
8669,산청 금산김씨 고문서 및 유물일괄
8670,자수 양기훈필 노안도 병풍
8671,경주 불국사 극락전 앞 석등과 봉로대
8672,김해 여여정사 불설예수시왕생칠경
8673,자수 양기훈필 노안도 병풍(608)
8674,경주 사천왕사지 당간지주
8675,김해 묘련사 삼경합부
8676,문화현령 이종태 만인산과 함
8677,안동 유하사 신중도
8678,산청한의학박물관 향약집성방 권49〜5
8679,백자청화운룡문호
8680,상주 극락정사 아미타여래회도
8681,산청한의학박물관 향약집성방 권40〜4
8682,묘법연화경(611)
8683,묘법연화경(2024)
8684,창원향교 향안 및 고문서 일괄
8685,인자수지(612)
8686,육경합부(2024)
8687,진주 의곡사 불설장수멸죄호제동자다라니
8688,백자 청화 육각병
8689,영주 부석사 조사당 목조의상대사좌상
8690,진주 의곡사 불설대보부모은중경
8691,백자각배
8692,영주 소수서원 고문서 일괄
8693,김해묘련사 현정론
8694,보문사 대웅전
8695,영주 제민루 고문서 일괄
8696,농포 정문부 문중 고문서
8697,영남읍도
8698,문경 운암사 목조관음보살좌상과 목조대
8699,창녕조씨 시랑공파 문중 고문서
8700,한종유 필 윤동승 초상
8701,상주 도곡리 마애여래입상
8702,김해 여여정사 지장보살본원경
8703,도은선생 시집
8704,상주 용흥사 목조아미타여래삼존좌상
8705,고성 옥천사 제석천도
8706,진산세고
8707,고성 옥천사 연대암 지장시왕도
8708,주해천자문 목판
8709,고성 옥천사 연대암 신중도
8710,곽장양문록
8711,고성 옥천사 연대암 칠성도
8712,법장사 석조보살좌상 및 복장유물
8713,강세황 유묵
8714,십장생도 병풍
8715,진주 허추 부부 묘 석물
8716,이경철 관련 고문서
8717,양산 신흥사 보현보살상 복장유물
8718,자치통감 권118~120
8719,합천 법연사 육경합부
8720,자치통감강목 권13
8721,합천 법연사 불설대보부모은중경
8722,광덕사 소조삼존불상 발원문
8723,고성 옥천사 청동시루
8724,백련사 명부전 목조지장보살삼존상 및 
8725,고성 옥천사 나한전 목조보살좌상 및 
8726,백자 청화 기명절지문 팔각접시
8727,고성 옥천사 대웅전 석조삼존불좌상 및
8728,지장암 대웅전 현왕도
8729,고성 옥천사 명부전 불상
8730,지장암 독성도
8731,고성 옥천사 청련암 목조관음보살좌상
8732,지장암 명부전 지장시왕도
8733,하동 법성선원 목조여래입상
8734,사천 백천사 상교정본자비도량참법
8735,산청 수선사 대반야바라밀다경
8736,사천 구산사비
8737,산청 단속사지 당간지주
8738,의령 안도 정려비
8739,양산 황산언 석조 수문 준공기 각석
8740,사천 백천사 대방광원각약소주경
8741,양산 통도사 서운암 동궁어필
8742,양산 법천사 목조보살좌상 및 복장물
8743,심원권 일기
8744,하동 법성선원 법집별행록절요병입사기
8745,하동 법성선원 사리불아비담론
8746,하동 법성선원 선원제전집도서
8747,진주 류시 부부묘 석물
8748,학기유편 만력정사본
8749,고종황제ㆍ명성황후 다례발기
8750,조언형 묘갈명 조식 친필
8751,통영 연화사 불설관무량수불경
8752,통영 연화사 불설아미타경
8753,통영 연화사 증도가
8754,김해 묘련사 지장보살본원경
8755,김해 묘련사 현수제승법수
8756,밀양 만어사 아미타오존도
8757,합천 청량사 아미타설법도
8758,하동 화사별서
8759,창녕 무심사 대혜보각선사서
8760,고성 거산리 마애약사여래좌상
8761,사천 백천사 목조보살좌상 및 복장유물
8762,창원 봉림사 자치통감강목
8763,창원 봉림사 증도가
8764,창원 봉림사 함허당득통화상현정론
8765,산청 대원사 목조보살좌상 및 복장유물
8766,김해 묘련사 목조보살좌상 및 복장유물
8767,진주 촉석루
8768,진주 영남포정사문루
8769,김해 대성동 88호분 출토 금동허리띠
8770,합천 해인사 목조아미타여래삼존불감
8771,합천 해인사 명부전 목조지장보살삼존상
8772,합천 해인사 금동여래입상
8773,합천 해인사 백련암 환적당 의천 진영
8774,합천 해인사 길상암 치성광여래도
8775,통영 연화도 연화사 삼장보살도
8776,창원 무량사 법어
8777,병사 겸 목사 이수일유애비
8778,함안 말이산 25호분 출토 굽다리등잔
8779,김해 대성동 91호분 출토 청동세와 
8780,조영석 필 고사관수도
8781,진주 남악서원 김유신 초상
8782,진주 남악서원 최치원 초상
8783,창원 성주사 무염국사 진영
8784,창원 정법사 목조관음보살좌상
8785,성씨세고
8786,김해 은하사 응진전 석조석가여래삼존상
8787,남해 용문사 영산전 석조석가여래삼존상
8788,창원 보은사 목조여래좌상
8789,거제 심원사 지장보살본원경
8790,거제 심원사 법집별행록절요병입사기
8791,창원 길상사 몽산화상육도보설
8792,남해 화방사 아미타후불탱
8793,남해 화방사 신중탱
8794,진주 미륵암 지장시왕도
8795,양산 내원사 조계암 목조관음보살좌상 
8796,김해 해성사 묘법연화경 권4~7
8797,김해 해성사 불설십이마하반야바라밀다경
8798,김해 은하사 대웅전 목조관음보살좌상
8799,김해 대광명사 목조보살좌상
8800,양산 홍룡사 목조여래좌상
8801,김해 파사석탑
8802,합천 해인사 백련암 십현담요해언해
8803,합천 해인사 홍련암 금강반야바라밀경
8804,진양향현록
8805,산청 정취암 치성광여래회도
8806,함경도 해안지도 
8807,칠장
8808,고산농악
8809,삼현육각
8810,남도판소리
8811,웃다리농악
8812,장도장
8813,계명주(엿탁주)
8814,정선아리랑(아라리)
8815,청주 농악
8816,한산세모시짜기
8817,익산목발노래
8818,거문도뱃노래
8819,안동포짜기
8820,전의 궁인
8821,해녀노래
8822,서울송절주
8823,수영농청놀이
8824,날뫼북춤
8825,단소장
8826,대전의앉은굿
8827,일산동당제(별신굿)
8828,삼척기줄다리기
8829,충주 청명주
8830,지승제조
8831,판소리
8832,안동저전동농요
8833,용호놀이
8834,용암강다리기
8835,영감놀이
8836,판소리(수궁가)(박양덕)
8837,판소리 춘향가 이용길
8838,송파다리밟기
8839,동래학춤
8840,욱수농악
8841,인천근해 갯가노래 뱃노래
8842,모필장
8843,보은 송로주
8844,한산소곡주
8845,영덕별신굿
8846,한량무
8847,판소리 흥보가
8848,성읍민속마을오메기술
8849,동래지신밟기
8850,천왕메기
8851,대금정악(대풍류·대금)
8852,필장
8853,유천동산신제
8854,울산 옹기장
8855,횡성회다지소리
8856,청주 신선주
8857,산유화가
8858,청도차산농악
8859,세종 불교 낙화법
8860,필장
8861,충렬사제향
8862,가곡
8863,주대소리
8864,청자도공
8865,장동산디마을탑제
8866,강릉학산오독떼기
8867,남도노동요
8868,문창제놀이
8869,"세종 등곡리동제(똥수깐태우기, 낙화내"
8870,송당리마을제
8871,조선장
8872,부산농악
8873,영제시조
8874,대금장
8875,불상조각장
8876,벼루장
8877,전통자기도공(백자장)
8878,영동 설계리 농요
8879,보령남포벼루제작
8880,향토술담그기
8881,화순한천농악
8882,예천궁장
8883,마산농청놀이
8884,납읍리마을제
8885,전통자기도공(흑자장)
8886,향토술담그기
8887,향토술담그기
8888,장안편사놀이
8889,다대포후리소리
8890,공산농요
8891,소목장
8892,울산쇠부리소리
8893,양구돌산령지게놀이
8894,배첩장
8895,계룡백일주
8896,현천소동패놀이
8897,안동놋다리밟기
8898,감내게줄당기기
8899,덕수리불미공예
8900,가곡(남창)
8901,부안농악
8902,가곡(여창)
8903,정읍농악
8904,김제농악
8905,김해순
8906,고창농악
8907,익산성당포구농악
8908,진안 중평농악
8909,삼해주
8910,가야금산조(강태홍류)
8911,판소리
8912,강화 외포리 곶창굿
8913,광산농악
8914,매사냥
8915,울산 마두희
8916,승무·살풀이춤
8917,제천 오티별신제
8918,공주탄천장승제
8919,가곡
8920,판소리(고법)
8921,정동벌립장
8922,향온주
8923,부산영산재
8924,살풀이춤
8925,대금장(일반)
8926,송순주
8927,판각장
8928,철원상노리지경다지기
8929,청양정산동화제
8930,판소리장단
8931,김천징장
8932,판소리(수궁가)
8933,방앗돌굴리는노래
8934,국화주
8935,바위절마을호상놀이
8936,동래고무
8937,완제시조창
8938,연안이씨가각색편
8939,방짜유기장
8940,강릉사천하평답교놀이
8941,사기장
8942,선자장
8943,예천공처농요
8944,장도장(은장도)
8945,멸치후리는노래
8946,범패와 작법무(바라춤)
8947,범패와 작법무(나비춤)
8948,침선장
8949,구덕망깨소리
8950,하향주
8951,규방다례
8952,판소리고법
8953,단청장
8954,조선장
8955,진천 용몽리 농요
8956,아산연엽주
8957,목기장
8958,김천과하주
8959,숭선전제례
8960,고소리술
8961,칠정제장
8962,칠장
8963,나전칠기장
8964,생칠장
8965,채화칠장
8966,자수장
8967,주성장
8968,대고장
8969,강화 용두레질소리
8970,악기장
8971,악기장(북메우기)
8972,옥로주
8973,황도붕기풍어제
8974,악기장
8975,안동소주
8976,진주포구락무
8977,고분양태
8978,매듭장
8979,사기장
8980,자수장
8981,화류소목장
8982,들말두레소리
8983,남한산성소주
8984,야장
8985,서천저산팔읍길쌈놀이
8986,옻칠장
8987,상주민요
8988,함안 화천농악
8989,옻칠장(옻칠)(안곤)
8990,옻칠장(정제)(박강용)
8991,나전장
8992,동래한량춤
8993,단청장
8994,단청장
8995,판소리강산제(심청가)
8996,가곡(여창가곡)
8997,소목장(가구)
8998,방짜수저장
8999,영동 내포제 시조창
9000,연산백중놀이
9001,시조창
9002,나주반장
9003,징장
9004,제주도 옹기장
9005,소목장(창호)
9006,소목장(백골)
9007,오죽장
9008,불화장
9009,모필장
9010,인천수륙재
9011,승무
9012,구리갈매동도당굿
9013,소목장
9014,호남살풀이춤
9015,참빗장
9016,영풍장도장
9017,제주불교의식
9018,평창 둔전평농악
9019,원주매지농악
9020,동해 망상농악
9021,초고장
9022,아쟁산조
9023,달성하빈들소리
9024,인천근해 도서지방 상여소리
9025,판소리춘향가(동초제)
9026,초고장(양중규)
9027,지장
9028,각자장
9029,궁시장
9030,금산 물페기농요
9031,무명짜기
9032,밀양법흥상원놀이
9033,제주농요
9034,은공장
9035,화혜장
9036,창호장
9037,완초장
9038,남도의례음식장
9039,판소리고법(박근영)
9040,생칠장
9041,내포제시조
9042,우도농악
9043,거창삼베일소리
9044,진사대소리
9045,한지장
9046,내포제시조(윗내포제)
9047,민화장
9048,부산 고분도리걸립
9049,수건춤
9050,서곶들노래
9051,가야금병창
9052,악기장(가야금)
9053,옥장
9054,자석벼루장
9055,소목장
9056,영산작법
9057,진도북놀이
9058,문경호산춘
9059,귀리겉보리농사일소리
9060,체장
9061,선화
9062,동부민요
9063,갑비고차농악
9064,대목장
9065,무수동산신제
9066,입사장
9067,평창황병산사냥민속
9068,악기장
9069,금산인삼백주
9070,목가구
9071,진도만가
9072,가야금병창
9073,가야진룡신제
9074,성읍리초가장
9075,목가구(소목장)(천철석)
9076,남이장군사당제
9077,목조각장
9078,휘모리잡가
9079,나전칠장
9080,살풀이춤
9081,광명농악
9082,속초도문농요
9083,충청도 앉은굿
9084,결성농요
9085,매사냥
9086,우수영부녀농요
9087,안동송화주
9088,의령큰줄땡기기
9089,제주시 창민요
9090,서울잡가
9091,지연장
9092,경기12잡가
9093,탱화장
9094,입춤
9095,안성남사당풍물놀이
9096,대목장
9097,목불조각장
9098,서천부채장
9099,장산도들노래
9100,진주교방굿거리춤
9101,삼달리어업요
9102,마들농요
9103,수영지신밟기
9104,목조각장
9105,용전들노래
9106,판소리 춘향가
9107,고양송포호미걸이
9108,영월 단종제례
9109,부여용정리상여소리
9110,침선장
9111,가거도멸치잡이노래
9112,제주도 영장소리(행상소리)
9113,봉화유기장
9114,"침선장(전통복식, 임순옥)"
9115,봉화유기장
9116,제주도 영장소리(진토굿파는 소리)
9117,궁장
9118,부산 기장 오구굿
9119,고법(북·장구)
9120,광주영산재
9121,대전향제줄풍류
9122,김포통진두레놀이
9123,강릉 갈골과줄
9124,대목장
9125,공주봉현리상여소리
9126,죽염제조장
9127,담양죽렴장
9128,웅상농청장원놀이
9129,구덕장
9130,청송 한지장
9131,문경 한지장
9132,초적
9133,전각장
9134,꽃맞이굿
9135,호남검무
9136,목기장
9137,나전칠기장(칠장)
9138,춘천 필장
9139,주물유기장
9140,단청장
9141,송천달집태우기
9142,청도삼베짜기
9143,제주테우문화
9144,나전칠기장(나전장)
9145,매듭장
9146,판소리고법
9147,하단돛배 조선장
9148,지화장
9149,소목장(창호)
9150,대목장
9151,자수장(민수)
9152,양양 수동골상여소리
9153,단양 구인사 삼회향놀이
9154,청양춘포짜기
9155,익산기세배
9156,해남진양주
9157,신관용류가야금산조
9158,제주 호상옷
9159,자수장(궁수)
9160,청송 옹기장
9161,영덕 옹기장
9162,상주 옹기장
9163,소목장
9164,동장각장
9165,부평두레놀이
9166,벼루장
9167,양양 상복골농요
9168,석암제 시조창
9169,서산박첨지놀이
9170,진도홍주
9171,청송 추현 상두소리
9172,남해선구줄끗기
9173,제주 돌담 쌓기
9174,궁중다례의식
9175,강화 교동 진오기굿
9176,고성 어로요
9177,칠장
9178,승무
9179,탱화장
9180,고흥월포농악
9181,구미발갱이들소리
9182,진주오광대
9183,양주상여·회다지소리
9184,양평상여·회다지소리
9185,고양상여회다지소리
9186,악기장
9187,인천자리걷이
9188,단청장
9189,월정사 탑돌이
9190,보은 각자장
9191,세도두레풍장
9192,자수장
9193,완도 장좌리 당제와 당굿
9194,가곡
9195,사천마도갈방아소리
9196,자수장(민수)
9197,등메장
9198,서도좌창
9199,화각장
9200,불교목조각장
9201,증평 필장
9202,내지리단잡기
9203,사기장
9204,판소리
9205,소목장
9206,옹기장
9207,옥천 교평리 강줄당기기
9208,청양구기자주
9209,대목장
9210,고흥한적들노래
9211,거창일소리
9212,악기장(북메우기)
9213,강릉전통자수장
9214,악기장(현악기)
9215,원주 전통자수장
9216,단청장
9217,속초사자놀이
9218,홍성댕댕이장
9219,한지발장
9220,탱화장
9221,자인계정들소리
9222,두석장
9223,경기소리(휘몰이잡가)
9224,경기소리(긴잡가)
9225,판소리
9226,원주 한지장
9227,금산농바우끄시기
9228,금과들소리
9229,순천구산용수제
9230,매듭장
9231,"사기장-분청사기,백자"
9232,사기장-흑유자기
9233,사기장-백자장
9234,사기장-백자
9235,사기장-청화백자
9236,행당동아기씨당굿
9237,파주금산리민요
9238,홍천 겨리농경문화
9239,시조창
9240,자수장
9241,함안낙화놀이
9242,봉화산도당굿
9243,안성향당무
9244,강원 삼베민속(평창 방림삼베민속)
9245,가사
9246,남도잡가
9247,판소리흥보가
9248,영제시조
9249,강원 삼베민속(정선 유평삼베민속)
9250,밤섬부군당도당굿
9251,포천메나리
9252,영월 칡줄다리기
9253,당진안섬당제
9254,곡성죽동농악
9255,함양 송순주
9256,지장(김일수)
9257,입사장
9258,춘천의병아리랑
9259,홍성수룡동당제
9260,석장
9261,청자장
9262,영덕 월월이청청
9263,거창삼베길쌈
9264,대목장(도편수)
9265,옥장
9266,옹기장
9267,원주어리랑
9268,공주선학리지게놀이
9269,고창오거리당산제
9270,옹기장
9271,대목장
9272,김해오광대
9273,재담소리
9274,풀피리
9275,태백아라레이
9276,호남 넋풀이 굿
9277,강진 신전들노래
9278,청도 도주줄당기기
9279,마산성신대제
9280,옹기장
9281,옹기장
9282,아쟁산조
9283,조각장
9284,속초아리랑
9285,강독사 정규헌
9286,전통음식
9287,진도소포걸군농악
9288,불화장
9289,함안농요
9290,수표교 다리밟기
9291,서각장
9292,내포영산대재
9293,가야금산조
9294,조도닻배노래
9295,구미 무을농악
9296,거창상여디딜방아액막이소리
9297,횡성어러리
9298,송서
9299,사기장(청화백자)
9300,평창아라리
9301,무주 부남 디딜방아 액막이놀이
9302,무안상동들노래
9303,경산 보인농악
9304,불모산영산재
9305,사기장(순백자)
9306,대장장
9307,사기장-분청사기
9308,대장장
9309,대장장
9310,삼각산 도당제
9311,공주 목소장
9312,불교목조각장
9313,전남의례음식장
9314,예천청단놀음
9315,동해 삼화사 지화 장엄(2025-42
9316,석장(조각)
9317,석장(석구조물)
9318,경제어산
9319,금은장
9320,방짜유기장
9321,순천삼설양굿
9322,경주 와장
9323,광려산숯일소리
9324,삼현육각
9325,과천무동답교놀이
9326,서천침선장
9327,한량춤
9328,낙죽장
9329,포항 궁시장
9330,함양방짜유기장
9331,한량무
9332,주물장
9333,공주 의당 집터다지기
9334,우산장
9335,보성 강하주
9336,영천 목조각장
9337,밀양 작약산 예수재
9338,살풀이춤
9339,양주농악
9340,논산 목조각장
9341,전라삼현육각
9342,담양 황금리 들노래
9343,문경 모전들소리
9344,한지장
9345,시조
9346,주성장(불구)
9347,논산 칠장
9348,호남산조춤
9349,가야금 산조
9350,칠곡 석장
9351,합천대평군물농악
9352,주성장(범종)
9353,서울맹인독경
9354,평택민요
9355,보령 석장
9356,예기무
9357,담양 선자장(접선장)
9358,고령 제와장
9359,밀양아리랑
9360,홍염장
9361,목조각장
9362,가야금병창
9363,악기장
9364,경주 석장
9365,가야금병창(박귀희류 가야금병창)
9366,관모장
9367,이천거북놀이
9368,예산 각자장(목각)
9369,전주 나전장
9370,조선장
9371,영덕 토염
9372,전통군영무예
9373,양태장
9374,판소리(흥보가)
9375,전주 낙죽장
9376,화순 도장리 밭노래
9377,경주 숭덕전 제례
9378,생전예수재
9379,퇴계원산대놀이
9380,서천 베틀장
9381,전라삼현승무
9382,신안 씻김굿
9383,포항 침선장
9384,서울석장
9385,경기검무
9386,금산농악
9387,부거리옹기장
9388,영암 갈곡리 들소리
9389,포항흥해농요
9390,무속지화장
9391,경기송서(송서·율창)
9392,보령 외연도 당제
9393,모필장
9394,화순 우봉리 들소리
9395,불교지화장엄
9396,동두천민요
9397,대목장
9398,전북 겨루기 태권도
9399,초고장
9400,대목장(2024)
9401,결련택견
9402,경기고깔소고춤
9403,무주 안성낙화놀이
9404,목조각장
9405,앉은굿(태안설위설경)
9406,앉은굿(내포 앉은굿)
9407,앉은굿(공주앉은굿)
9408,앉은굿(아산 앉은굿)
9409,백동장
9410,불화장
9411,세도 가회리장군제
9412,진안고원형옹기장
9413,광양 진월 전어잡이 소리
9414,색실누비장
9415,잿머리성황제
9416,민속목조각장
9417,고흥 혼맞이굿
9418,시흥군자봉성황제
9419,수건춤
9420,가야금 병창
9421,야장
9422,색지장
9423,각자장
9424,자리걷이
9425,지승장
9426,환도장
9427,전주배첩장
9428,해남 씻김굿
9429,지화장
9430,전주기접놀이
9431,고흥 마동 별신제와 매구
9432,경기시나위춤
9433,여산 호산춘
9434,진도아리랑
9435,화성팔탄민요
9436,야장
9437,호남여성농악-포장걸립-
9438,생전예수재
9439,고흥 점암 대춘별신제
9440,부천성주굿
9441,삼베짜기
9442,매듭장
9443,지호장
9444,소목장
9445,김제만경농요
9446,화순 능주 씻김굿
9447,전북향토민요
9448,화순 능주 들소리
9449,화순 내평리 길쌈노래
9450,진도 소포리 길쌈노래
9451,판소리(강산제 심청가)
9452,신숭겸장군유적
9453,문학산성
9454,박팽년선생유허
9455,박제상유적
9456,정몽주선생묘
9457,춘천혈거유지
9458,진천 길상사
9459,담양 송강정
9460,진주옥봉고분군
9461,운주산성
9462,오현단
9463,화도진 터
9464,정지장군예장석묘
9465,언양지석묘
9466,권율장군묘
9467,창녕 지석묘
9468,김종서 장군 묘
9469,용담지석묘1호
9470,용담지석묘2호
9471,용담지석묘3호
9472,용담지석묘4호
9473,오라지석묘1호
9474,도련지석묘1호
9475,도련지석묘2호
9476,삼양지석묘1호
9477,외도지석묘1호
9478,외도지석묘2호
9479,외도지석묘3호
9480,외도지석묘4호
9481,외도지석묘5호
9482,광령지석묘 1호
9483,광령지석묘 2호
9484,광령지석묘 3호
9485,광령지석묘 4호
9486,광령지석묘 5호
9487,광령지석묘 6호
9488,하귀지석묘 1호
9489,하귀지석묘 2호
9490,창천지석묘 1호
9491,신례리지석묘1호
9492,신례리지석묘2호
9493,상예동지석묘1호
9494,상예동지석묘2호
9495,상예동지석묘3호
9496,상예동지석묘4호
9497,상예동지석묘5호
9498,색달동지석묘1호
9499,광령리지석묘7호
9500,광령리지석묘8호
9501,광령리지석묘9호
9502,광령리지석묘10호
9503,하모리지석묘
9504,동일리지석묘1호
9505,동일리지석묘2호
9506,동일리지석묘3호
9507,동일리지석묘4호
9508,일과리지석묘
9509,화순리 지석묘
9510,강감찬 생가 터(낙성대)
9511,만덕사지
9512,부인사지
9513,김재로 묘
9514,전상의장군예장석묘
9515,내동리지석묘
9516,주전봉수대
9517,심대장군묘
9518,용지
9519,홍산만덕교비
9520,조경단
9521,월출산
9522,제주성지
9523,세검정 터
9524,배산성지
9525,봉무토성
9526,이윤생·부인 강씨 정려
9527,충효동정려비각
9528,보문사지
9529,처용암
9530,춘천천전리지석묘군
9531,담양추월산
9532,김해 서상동 지석묘
9533,이성
9534,삼사석
9535,동래읍성지
9536,용암산성
9537,류사눌 묘
9538,허백련춘설헌
9539,김익희의묘
9540,간월사지
9541,성삼문선생유허지
9542,창원 외동지석묘
9543,금이성
9544,구포왜성
9545,조서강 묘
9546,오지호가
9547,구성동산성
9548,옥천 척화비
9549,숭선군묘
9550,이병기선생생가
9551,면앙정
9552,남해양아리석각
9553,연기향교
9554,영월 흥녕선원지
9555,부산진성
9556,대덕산성
9557,조정만 묘
9558,포충사
9559,월평동산성
9560,위열공김취려의묘
9561,정약용선생묘
9562,공주신관리석실고분
9563,지행당
9564,산청 생초고분군
9565,전의향교
9566,명월대
9567,양천향교 터
9568,경상좌수영성지
9569,능허대 터
9570,양송천묘역
9571,질현성
9572,은현리적석총
9573,고석정및순담
9574,영동 난계사
9575,팔열부정각
9576,망원정 터
9577,윤공단
9578,사월동지석묘군
9579,빙월당
9580,우술성
9581,중산동고분군
9582,고대리지석묘군
9583,진천 정송강사
9584,남원교룡산성
9585,거제 사등성
9586,부강 남성골산성
9587,절부암
9588,보신각터
9589,정공단
9590,보문산성
9591,방기리알바위
9592,남포읍성
9593,고하도이충무공유적
9594,전동 박안생 묘
9595,송공단
9596,예연서원
9597,양씨삼강문
9598,능성
9599,다운동고분군
9600,연기 척화비
9601,최영장군사당
9602,25의용단
9603,상동지석묘군
9604,고씨삼강문
9605,갈현성
9606,수운최제우유허지
9607,명주군왕릉
9608,괴산 충민사
9609,충곡서원지
9610,익산미륵산성
9611,천생산성
9612,대정성지
9613,무악산동봉수대터
9614,임진동래의총
9615,천내리지석묘군
9616,용아생가
9617,적오산성
9618,우가산유포봉수대
9619,남이장군묘
9620,동해어달산봉수대
9621,옥천 후율당
9622,김옥균선생유허
9623,익산낭산산성
9624,정기룡장군유적
9625,통영 착량묘
9626,법화사지
9627,김옥균선생유허
9628,목멱산봉수대터
9629,온정개건비
9630,냉천리지석묘군
9631,무진고성지
9632,사정성
9633,화정천내봉수대
9634,옥천 조헌 묘소
9635,익산백제토기도요지
9636,진주 강민첨탄생지
9637,아차산 봉수대 터
9638,금정산성 부설비
9639,봉무동고분군
9640,이규보 묘
9641,우일선선교사사택
9642,흑석동산성
9643,서생 이길봉수대
9644,실직군왕릉
9645,보은 후율사
9646,영규대사묘
9647,남원금남재
9648,안동태사묘
9649,창원 웅천읍성
9650,배재학당동관
9651,내주축성비
9652,노변동사직단
9653,강화 오상리 고인돌
9654,안산동산성
9655,이완장군묘
9656,청주 충렬사
9657,오목대이목대
9658,담양오충정려
9659,매학정일원
9660,진주 이충무공 진배미유적지
9661,조석견과완성군이귀정묘역
9662,약조제찰비
9663,초곡산성
9664,삼정동산성
9665,유포석보
9666,채제공선생묘
9667,청주 표충사
9668,이광륜묘
9669,혼인지
9670,구용산수위관측소
9671,척화비
9672,대구 법이산 봉수대
9673,강화 봉천대
9674,화담사
9675,성북동산성
9676,남목마성
9677,민영환선생묘
9678,하시동고분군
9679,제천 황강영당 및 수암사
9680,계룡산초혼각지
9681,유애사
9682,장흥연곡서원
9683,주흘산조령관문일원
9684,광통관
9685,부산진성 서문성곽우주석
9686,대구 광해군 태실
9687,강화 장곶돈대
9688,노고산성
9689,언양천전리성
9690,춘천중도적석총
9691,표충사
9692,서악서원
9693,남해 대국산성
9694,구세군중앙회관
9695,정운공 순의비
9696,화산산성
9697,강화전성
9698,월계동장고분
9699,견두산성
9700,대대리고분
9701,김청풍부원군묘역
9702,청주 곽예 묘소
9703,노성궐리사
9704,우금산성
9705,왕인박사유적
9706,남해 임진성
9707,동래 남문비
9708,장사진의병장유적
9709,금곡동제철유적
9710,고봉산성
9711,은편리지석묘군
9712,맹사성선생묘
9713,신장절공묘역
9714,충주 이수일 묘소
9715,아산공세곶고지
9716,이석정선생생가
9717,목포시사
9718,류순정·류홍부자묘역
9719,강화 계룡돈대
9720,명화동장고분
9721,백골산성
9722,향산리지석묘
9723,용인 왕산리 지석묘
9724,철원지석묘군
9725,영동 삼괴당
9726,창렬사
9727,반계선생유적지
9728,영광정렬각
9729,해신사
9730,해공신익희가옥
9731,교동읍성
9732,범세동선생묘
9733,소문산성
9734,지내리지석묘
9735,최영장군묘
9736,청주 척화비
9737,공주귀산리만경노씨삼의사생가지
9738,간재선생유지
9739,영광정유재란열부순절지
9740,산청 장천리 도요지
9741,말등포연대
9742,협자연대
9743,천미연대
9744,소마로연대
9745,조천연대
9746,우지연대
9747,남두연대
9748,수근연대
9749,별도연대
9750,연동연대
9751,당포연대
9752,대포연대
9753,왜포(고포)연대
9754,함덕연대
9755,좌가연대
9756,종달연대
9757,애월연대
9758,귀덕연대
9759,배령연대
9760,두모연대
9761,산방연대
9762,서림연대
9763,오소포연대
9764,화의군이영묘역
9765,강화 참성단 천재궁 터
9766,계현산성
9767,율리영축사지
9768,이항복선생묘
9769,철원 갈말읍 토성
9770,김정희선생유적
9771,문학대
9772,화순백아산자연동굴
9773,휴천리지석및입석
9774,하동 백련리 도요지
9775,별방진
9776,숙용심씨묘표
9777,강화 갑곶나루 선착장 석축로
9778,광주북동천주교회
9779,비파산성
9780,성암동패총
9781,이종무장군묘
9782,홍천풍암리동학혁명군전적지
9783,괴산 만동묘정비
9784,전득우묘
9785,전사벌왕릉
9786,영산군이전묘역
9787,허유전 묘
9788,광주학생운동발상지
9789,단재신채호선생생가지
9790,인보리지석묘군
9791,이덕남장군묘
9792,춘천봉의산성
9793,전견훤묘
9794,이치전적지
9795,나대용생가및묘소
9796,전고령가야왕릉
9797,충정공 목서흠 묘역
9798,강화 인산리 석실분
9799,숭현서원지
9800,반곡리지석묘군
9801,충주 박팽년 사당
9802,칠연의총
9803,고흥발포만호성
9804,통영 욕지도 패총
9805,도봉서원과 각석군
9806,강화 능내리 석실분
9807,둔산선사유적지
9808,복안리지석묘
9809,조종암
9810,강릉대공산성
9811,보은 풍림정사
9812,홍성지석묘
9813,영광내산서원
9814,안동광음동분청사기요지
9815,하동 이명산 석불사지
9816,완남부원군 이후원 묘역
9817,이건창 묘
9818,성치산성
9819,만화리지석묘
9820,황희선생영당지
9821,옥천 양신정
9822,최익현선생묘
9823,나주미천서원
9824,신동입석
9825,밀양 조선 성종 왕녀 태실
9826,명월성지
9827,월산대군 이정 태실
9828,강화 이건창 생가
9829,마산동산성
9830,상안동지석묘
9831,채산사
9832,학곡리황장금표
9833,청주 손병희 생가
9834,예산산성
9835,정유재란호벌치전적지
9836,장흥 월송리 백자요지
9837,사천 세종대왕태실지
9838,화북비석거리
9839,강화 대산리 고인돌
9840,이현동산성
9841,창평동지석묘군
9842,충주 남산성
9843,송광사흑토기와.전도요지
9844,경주간묘
9845,사천 단종 태실지
9846,조천비석거리
9847,불암산성
9848,강화 부근리 점골 고인돌
9849,신선봉유적
9850,검단리지석묘군
9851,유형원선생묘
9852,음성 권근 삼대 묘소 및 신도비
9853,호암사지
9854,최호장군유지
9855,김인문묘
9856,창원 달천구천
9857,이섭교비
9858,대곡동 고인돌군
9859,비래동고인돌
9860,대대리상대고분
9861,최항선생묘
9862,괴산 정인지 묘소
9863,만석보지
9864,고흥발포리백로및왜가리도래지
9865,김양묘
9866,함안 주세붕 묘역
9867,호안공 이등과 의령옹주 묘역
9868,천성진성
9869,학익동 고인돌
9870,구완동청자가마터
9871,문수산성지
9872,황희선생묘
9873,영동 부용리 고분
9874,임강사지
9875,경주능지탑지
9876,함안 조안 묘역
9877,경천군 이해룡 사패지 송금비
9878,가덕도 척화비
9879,김상용 순절비
9880,구완동상감청자가마터
9881,서생포만호진성
9882,서성선생묘
9883,제천 덕주산성
9884,공주남혈사지
9885,마이산탑
9886,흥양현읍성
9887,의령 칠정려
9888,수유동 분청사기 가마터
9889,양헌수 승전비
9890,정생동백자가마터
9891,하산봉수대
9892,서희장군묘
9893,공주수원사지
9894,태평봉수대
9895,강진염걸장군묘소
9896,고성 오방리 지석묘
9897,강화 망양돈대
9898,구성동유적
9899,삼동하잠리요지군
9900,정문부장군묘
9901,제천 자양영당
9902,공주서혈사지
9903,영덕대소산봉수대
9904,고성 학림리 지석묘
9905,서울광장 지하배수로
9906,기장 아이봉수대
9907,강화 건평돈대
9908,노은동유적
9909,곽암
9910,김준룡장군 전승지 및 비
9911,공주주미사지
9912,아막성
9913,신유장군 유적
9914,고성 석지리 지석묘
9915,문경공고조기묘
9916,남대문로 지하배수로
9917,기장향교
9918,강화 굴암돈대
9919,궁동유적
9920,외솔최현배선생생가터
9921,해유령전첩지
9922,공주구룡사지
9923,인촌선생생가
9924,수암서원
9925,호미곶 등대
9926,사천 신벽동 지석묘
9927,기장읍성
9928,강화 미루지돈대
9929,장안동백자가마터
9930,달천철장
9931,이익선생묘
9932,청주 안정라씨 삼세충효문
9933,부여산직리지석묘
9934,사산리와요지
9935,김완장군묘소및신도비
9936,경산산전동분청사기요지
9937,용담동선사무덤유적
9938,태평로2가 지하배수로
9939,기장척화비
9940,강화 북일곶 돈대
9941,미륵원지
9942,중산동취락유적
9943,노강서원
9944,영동 김자수 고가
9945,부여쌍북리북요지
9946,화순정암조광조선생적려유허비
9947,월천서당
9948,진주 하륜 묘역
9949,곽지패총
9950,배봉산 보루
9951,노포동 고분군
9952,강화 용진진
9953,용호동유적
9954,강동화암주상절리
9955,송산사지
9956,영진리고분군
9957,청주 신항서원
9958,공주공산성연지
9959,백련사 계단
9960,퇴계종택
9961,진주 수곡 팔각형 분묘군
9962,북촌리선사주거지유적
9963,숙선옹주(선빈)안씨 묘
9964,생곡동 가달고분군
9965,영신군 이이 묘
9966,권이진의 묘역
9967,운흥사지
9968,노산사지
9969,보은 상현서원
9970,효감천
9971,돌산평사리고니도래지
9972,서산서원
9973,진주 강수명 묘역
9974,존자암지
9975,사릉 석물 채석장 터
9976,범방동 패총
9977,강화 부근리 고인돌군
9978,송요년의 묘역
9979,대안동쇠부리터
9980,처인성
9981,옥천 김문기 유허비
9982,개태사지
9983,동고산성
9984,창원 내동패총
9985,해운대석각
9986,강화 삼거리 고인돌군
9987,송응서의 묘역
9988,울산매곡동생활유적
9989,춘천증리고분군
9990,옥천 송시열 유허비
9991,부여태양리백제석실고분
9992,담양후산리은행나무
9993,김해 유하패총
9994,강화 고천리 고인돌군
9995,송남수의 묘역
9996,울주교동리생활유적
9997,화산서원
9998,춘천신매리석실고분
9999,영동 송시열 유허비
10000,충현서원유적
10001,논개사당
10002,선암사삼인당
10003,상서장
10004,거제 고현성
10005,김해 죽도왜성
10006,강화 오상리 고인돌군
10007,송기수의 묘역
10008,대봉 양희지 묘
10009,한재당
10010,홍천물걸리사지
10011,김장생선생묘소일원
10012,초촌리고분군
10013,기장죽성리왜성
10014,강화 교산리 고인돌군
10015,흥원(흥선대원왕)
10016,보은 김수온 부조묘
10017,용정리사지
10018,서현사지
10019,정열사비
10020,월회당
10021,밀양 남전리 지석묘군
10022,구 동양척식주식회사 부산지점
10023,강화 수사해방학당 터
10024,이수광선생묘
10025,평창수항리사지
10026,괴산 청안사마소
10027,구고사및김완장군부조묘
10028,사천 덕곡리 지석묘군
10029,곤을동환해장성
10030,별도환해장성
10031,삼양환해장성
10032,애월환해장성
10033,북촌환해장성
10034,동복환해장성
10035,행원환해장성
10036,한동환해장성
10037,온평환해장성
10038,신산환해장성
10039,이여발 묘
10040,유형장군묘
10041,인제 한계사지
10042,동남리사지
10043,대항리패총
10044,김완장군전승유허비
10045,부산지방기상청
10046,청·일 조계지 경계 계단
10047,정발장군묘
10048,보은 고봉정사
10049,고간원지
10050,우덕리산성
10051,전금강성장군황보능장묘
10052,거창개봉고분
10053,사처석교비
10054,이찰·이율 형제 정려
10055,이방실장군묘
10056,양양진전사지
10057,남이흥장군묘일원
10058,척문리산성
10059,창원 이산성지
10060,이선봉 묘역
10061,심온선생묘
10062,양양선림원지
10063,동남리전천왕사지
10064,최희량장군신도비
10065,견훤산성
10066,진주 하경복 묘
10067,정과정유적지
10068,한백륜 묘역
10069,이수선생묘
10070,대관령 성황사 및 산신각
10071,부여중정리백제건물지
10072,두승산성
10073,장성 봉암서원
10074,경주표암
10075,하원동탐라왕자묘
10076,부산진일신여학교
10077,삼목도 선사 유적
10078,덕흥대원군묘
10079,청평사지
10080,금사동토성
10081,함평예덕리고분군
10082,서귀진지
10083,영도대교
10084,정제두 묘
10085,이대원장군묘및신도비
10086,홍천군업리지석묘군
10087,황산성
10088,은선리토성
10089,곡성 신숭겸 유적
10090,고산서원
10091,함안 고려동 유적지
10092,화북진지
10093,김안정 묘 및 묘비
10094,원균장군묘
10095,나주무열사
10096,정희량 유허
10097,백인걸선생묘
10098,아우내3.1운동독립사적지
10099,운학리고분군
10100,고흥무열사
10101,구억리노랑굴
10102,구억리검은굴
10103,신평리도요지
10104,신도리도요지
10105,기장산성
10106,반남박씨 대종중 묘역
10107,성혼선생묘
10108,지사리고분군
10109,장흥수인산성
10110,도산서당(부고산숙)
10111,창녕 영산읍성지
10112,동래부 동헌
10113,의령남씨 종중 묘역
10114,이세화선생묘
10115,금오서원
10116,"창녕 조우희, 조익수 묘"
10117,김녕리묘산봉광산김씨방묘
10118,가시리설오름청주한씨방묘
10119,유수암리산새미오름방묘
10120,거로 능동산방묘
10121,동래향교
10122,평산신씨 종중 묘역
10123,삼척숙암리고분군
10124,삼세오충렬유적
10125,독수정원림
10126,무오법정사항일운동발상지
10127,월성박씨 종중 묘역
10128,유관선생묘
10129,백련사지
10130,임고서원
10131,남해다정리지석묘
10132,수산진성
10133,금곡동 율리 바위그늘유적
10134,이승훈 묘
10135,화천화음동정사지
10136,서산둔당리지석묘
10137,영은사지
10138,장성 고산서원
10139,통영 당포성
10140,충장공 정발 전망비
10141,남강정사
10142,벽산생가
10143,의령 벽화산성지
10144,김만덕묘비
10145,구 부산미군장교클럽
10146,황형 묘
10147,홍천동창보수로및암각명
10148,이매창묘
10149,검산성
10150,거창내오리지석묘
10151,의귀리 김만일묘역
10152,강화 정족산성진 터
10153,청주 송상현 묘소 및 신도비
10154,예산호서은행본점
10155,강진송정리지석묘군
10156,산청문익점묘
10157,삼사석비
10158,강화 정족산사고지
10159,충주 임경업 묘소
10160,배방산성
10161,원통사지
10162,부춘정원림
10163,합천 미숭산성
10164,한라산신제단
10165,금오산성
10166,금오산성
10167,금오산성
10168,영일정씨 판결사공파‧승지공파 동춘 묘
10169,정선고성리산성
10170,청주 최명길 묘소
10171,정순왕후생가
10172,천주교순교자묘
10173,용호정원림
10174,청도옥산동토기요지
10175,조천진성
10176,죽주산성
10177,강릉보광리분청자요지
10178,청주 영조 태실
10179,신자경선생묘
10180,사현정
10181,정선송계리산성및고분군
10182,보은 성운 묘소 및 묘갈
10183,당진 합덕제
10184,금마도토성
10185,장성 요월정 원림
10186,입암서원 일원
10187,삼척공양왕릉
10188,청주 박광우 묘소
10189,숲정이<천주교순교지>
10190,전씨충효문
10191,철원충렬사지
10192,청주 한란묘소 및 신도비
10193,이동녕선생생가지
10194,남고사지
10195,울릉남서동고분군
10196,별망성지
10197,양양동해신묘지
10198,청주 체화당사 및 사적비
10199,김좌진장군묘
10200,내장사지
10201,울릉현포동고분군
10202,창원 구산성지
10203,농성
10204,춘천의암유인석묘역
10205,괴산 수월정
10206,계백장군유적전승지
10207,정충사지
10208,송씨쌍충일열각
10209,영창대군묘
10210,원주운곡원천석묘역
10211,영동 박연 묘소
10212,한용운선생생가지
10213,합미성
10214,장윤정려
10215,이천설성산성
10216,원주조엄묘역
10217,영동 김수온 묘소
10218,김좌진장군생가지
10219,귀정사지
10220,정운충신각
10221,김면장군유적
10222,서흥김씨삼강정문
10223,홍천한서남궁억묘역
10224,진천 이상설 생가
10225,부안실상사지
10226,화순능주삼충각
10227,상주 임란북천전적지
10228,류량선생묘
10229,철원성산성
10230,진천 홍우경・정인옹주 묘소
10231,내소사일원
10232,장성 조영규 정려
10233,조지훈생가
10234,이정구선생묘 및 삼세신도비
10235,강릉고려성
10236,남원사직단
10237,석탈해왕탄강유허
10238,창원 웅천왜성
10239,평창노산성
10240,진천 남지 묘소 및 신도비
10241,남연군의묘
10242,서벽정
10243,고흥운대리도요지
10244,사천조명군총
10245,서운산성
10246,충주 문주리 요지
10247,우산성
10248,만육최양선생유허비
10249,강진 삼흥리 도요지
10250,영천충효재
10251,영월 창령사지
10252,안성성당
10253,횡성둔내철기시대주거지유적
10254,현포보수로및중건불망비
10255,영암엄길리지석묘군
10256,해동청풍비
10257,안탄대선생묘
10258,화천용암리선사유적
10259,진천대모산성
10260,금산 백령성
10261,타루비
10262,심산김창숙생가
10263,이경석선생묘
10264,동해 송정동 철기시대유적
10265,청주 방정
10266,이상재선생생가지
10267,신석정고택
10268,갈암종택
10269,이원익선생묘및신도비
10270,청주 무농정
10271,이종일선생 생가지
10272,금구산성
10273,해남방산리장고봉고분
10274,종오정일원
10275,백천장선생묘
10276,동해 이로동 기와가마터
10277,청주 산덕리 태실
10278,부여용정리소룡골백제건물지
10279,"설씨부인, 신경준선생유지(귀래정신말주"
10280,해남월송리조산고분
10281,박정희대통령생가
10282,강희맹선생묘및신도비
10283,철원향교지
10284,제천 박약재
10285,부여지선리고분군
10286,나주회진성
10287,신돌석장군생가지
10288,남해금산봉수대
10289,신숙주선생묘
10290,평창 우통수
10291,영동 박흥생 묘비
10292,부여구아리백제유적
10293,적상산 사고지 유구
10294,나주자미산성
10295,용산서원
10296,창원 회원현성지
10297,한음이덕형선생묘및신도비
10298,인제 동경대전 간행터
10299,영동 김영이・장비 단소
10300,이색선생묘일원
10301,존애원
10302,창원 유주비각
10303,허난설헌묘
10304,동해 삼화동 고려고분
10305,청주 신채호사당 및 묘소
10306,도응선생묘일원
10307,백관수선생고택
10308,이강년생가지
10309,양산 박제상 유적. 효충사
10310,고정리지석묘
10311,원주 칠봉서원지
10312,진천 송인 묘소
10313,당진면천읍성
10314,이석용생가
10315,강진금강사
10316,김해 양동산성
10317,이순몽장군묘
10318,원주 석남사지
10319,논산황화산성
10320,임병찬창의유적지
10321,학포당
10322,고령안화리암각화
10323,수원고읍성
10324,제천 청풍 망월산성
10325,태안소근진성
10326,나주완사천
10327,영월 세달사지
10328,수석리토성
10329,원주관란원호묘역
10330,진천 이정 묘소
10331,논산표정리고분군
10332,추수경장군묘역
10333,구암정사
10334,밀양 추화산성
10335,신립장군묘
10336,원주 금대산성(해미산성)
10337,진천 이거이 묘소
10338,논산육곡리고분군
10339,영일 냉수리 고분
10340,이준경선생묘
10341,영동 추풍령 전적 및 장지현 순절비
10342,서천남산성
10343,설진영서실
10344,남미질부성
10345,노고산독재동추사필적암각문
10346,영동 가곡리 고분
10347,서천장암진성
10348,남해당지
10349,김해 내동지석묘
10350,김자수선생묘
10351,증평 배극렴 묘소
10352,부여보광사지
10353,웅포리고분군
10354,영암장천리선사주거지
10355,경주석장동암각화
10356,김해칠산동고분군
10357,김상용선생묘
10358,음성 경녕군 부인 김씨 묘소
10359,공주옥녀봉성
10360,천호산성
10361,죽림재
10362,청도범곡리지석묘군
10363,김해 사충단
10364,김상헌선생묘
10365,충주 미륵리 요지
10366,청양도림사지
10367,성미산성
10368,신안도창리노거수
10369,의령 죽전리 고분군
10370,고송정지(탄옹고지)
10371,홍대용선생묘
10372,백장선생유적
10373,곡성도림사계곡
10374,의령 호미산성
10375,충목단
10376,단양 금굴 유적
10377,안위장군묘
10378,해남신월리방대형고분
10379,수봉정
10380,밀양 수산제 수문
10381,조남리지석묘
10382,단양 구낭굴 유적
10383,이응노선생사적지
10384,구파백정기의사고택지
10385,장암정
10386,청도읍성
10387,양산신기리지석묘
10388,오윤겸선생묘
10389,진천 이집 묘갈
10390,직산사산성
10391,사자사지
10392,오졸재박한주여표비및비각
10393,거제 옥포진성지
10394,김균선생묘
10395,옥천 창주서원 묘정비
10396,천안세성산성
10397,율촌리고분군
10398,영팔정
10399,독용산성
10400,윤곤선생묘
10401,진천 정철 묘소
10402,천안백석동선사유적및백제토성
10403,통영성지
10404,괴산 화양서원 묘정비
10405,당진필경사
10406,전라감영지
10407,신안도창리고분
10408,통영 봉평동 지석묘
10409,갑곶나루선착장석축로
10410,목천향교
10411,경복사지
10412,영암삼충각
10413,영동 덕수이씨 육세팔효정문
10414,직산향교
10415,영암장동사
10416,거제 오량성
10417,박진장군묘
10418,충주 대림산성
10419,천안향교
10420,말목장터와감나무
10421,거제 가배량진성
10422,망월사지
10423,음성 수정산성
10424,남포향교
10425,산수리지석묘
10426,신여량장군정려
10427,오산금암리지석묘군
10428,보령향교
10429,나주영모정
10430,의성김씨학봉종택
10431,충주 주정산 봉수
10432,신창향교
10433,광양김시식지
10434,상주 김준신의사 제단비
10435,이맹현선생묘
10436,충주 김생사지
10437,아산향교
10438,동강서원
10439,정난종선생묘 및 신도비일원
10440,옥천 가산사 영정각 및 산신각
10441,온양향교
10442,고창용산리분청사기요지
10443,해남방축리지석묘군
10444,경주손순유허
10445,한산이씨묘역
10446,제천 점말동굴 유적
10447,서산향교
10448,고흥월정리의해안방풍림
10449,갈암금양강도지
10450,밀양 사명대사 생가지
10451,전주이씨서원군파묘역
10452,제천 입석리 선돌
10453,해미향교
10454,함평양재리의이팝나무
10455,해저김건영가옥
10456,통영 염언상 묘
10457,전주이씨태안군파묘역
10458,제천 배론성지
10459,노성향교
10460,해학이기선생생가
10461,개원사지
10462,충주 조동리 고인돌
10463,연산향교
10464,되재성당지
10465,이준선생묘
10466,청주 가경동 유적
10467,은진향교
10468,이산묘
10469,이진성지
10470,영일 일월지
10471,밀양오방리강동구
10472,이기조선생묘
10473,청주 부모산성
10474,금산향교
10475,해남용두리고분
10476,상주 공검지
10477,창원 최윤덕 묘역
10478,전주이씨 안양군묘
10479,증평 연병호 생가
10480,진산향교
10481,고부관아터
10482,함평마산리고분군
10483,양평군함왕성지
10484,옥천 육영수 생가
10485,회안대군묘
10486,영광성산리지석묘군
10487,안양시비산동도요지
10488,진천 석장리 유적
10489,옥천부원군조원길묘및묘표
10490,화순벽송리지석묘군
10491,팔달산지석묘군
10492,청주 양성산성
10493,부여향교
10494,여산숲정이순교성지
10495,월남사지
10496,상주 병풍산 고분군
10497,창원 월영대
10498,석수동석실분
10499,충주 조동리 유적
10500,석성향교
10501,고창만동유적
10502,전왕온의묘
10503,함창 오봉산 고분군
10504,창원 가음정동 고분군
10505,안산읍성및관아지
10506,단양 각기리 입석
10507,임천향교
10508,지포김구선생묘역일원
10509,상주 금흔리 이부곡 토성
10510,창원 봉림사지
10511,허준묘
10512,음성 망이산성
10513,홍산향교
10514,장수 삼봉리 가야고분군
10515,고흥쌍충사
10516,창원 진례산성
10517,파주다율리.당하리지석묘군
10518,충주 팔봉서원
10519,비인향교
10520,용강서원충열사및14의사묘정비
10521,거제 옥녀봉 봉수대
10522,인평대군묘및신도비
10523,서천향교
10524,정읍 내장산 조선왕조실록 보존터
10525,신안가거도패총
10526,전홍유후설총묘
10527,김만기선생묘 및 신도비
10528,청주 송인수 묘소 및 신도비
10529,한산향교
10530,완주 대둔산 동학농민혁명 전적지
10531,완도법화사지
10532,도강서당
10533,여주 석우리 선돌
10534,증평 신경행 묘소
10535,정산향교
10536,김종무충신정려비
10537,사천성황당산성
10538,여주군처리선돌
10539,충주 신청리 고인돌
10540,청양향교
10541,상가 윷판형암각화 유적
10542,낙안읍성노거수
10543,충신의사단비
10544,합천대야성
10545,신익희생가
10546,진천 김덕숭 효자각
10547,결성향교
10548,장흥방촌리지석묘군
10549,용산산성
10550,안재홍생가
10551,단양 사지원리 방단적석유구
10552,홍주향교
10553,군산 선유도 고려유적
10554,나주신포리지석묘군
10555,북한산중흥사지
10556,충주 부흥사 방단적석유구
10557,대흥향교
10558,순창 운림리 농소고분
10559,심지원묘및신도비
10560,충주 견학리 토성
10561,덕산향교
10562,원평집강소 터
10563,해남맹진리암각매향비
10564,백하구려
10565,망이산성
10566,예산향교
10567,남원 월산리 고분군
10568,구례장죽전녹차시배지
10569,개암종택
10570,고성좌이산봉수대
10571,정연묘역
10572,청주 현풍곽씨 효자비 및 묘소
10573,태안향교
10574,완주 탄현봉수
10575,죽유종택
10576,고성 소을비포진성
10577,포천영송리선사유적
10578,충주 우천석·우팽 묘소
10579,당진향교
10580,상주 조공제
10581,고성옥천사일원
10582,괴산 정호 묘소
10583,면천향교
10584,담양경상리느티나무
10585,상주 승곡리 추원당
10586,영동 일제재 일원
10587,공주중동성당
10588,순창 대모산성
10589,해남송호리해송림
10590,영양돈간재및주사
10591,하동 고성산성
10592,증평 사곡리 우물
10593,부여금사리성당
10594,고창 부곡리 고인돌
10595,함평예덕리신덕고분군
10596,가야산산성
10597,창원 안골포굴강
10598,김덕함묘및신도비
10599,진천 이영남 묘소
10600,아산공세리성당
10601,임실 진구사지
10602,영암금계리고분군
10603,고천서원
10604,사천읍성
10605,신흠묘역및신도비
10606,청주 양수척 효자비
10607,당진합덕성당
10608,남원 청계리 고분군
10609,만호정
10610,성주옥성리의열각
10611,창원 최윤덕 유허지
10612,연천삼곶리돌무지무덤
10613,괴산 김관 묘소
10614,고창 전봉준 생가터
10615,역동서원
10616,오산시궐리사
10617,옥천 석탄리 고인돌
10618,벌교고읍리은행나무
10619,거제 가라산 봉수대
10620,옥천 석탄리 선돌
10621,천안성거산위례성
10622,무안망운면의곰솔
10623,박열의사생가지
10624,남명조식 생가지
10625,충주 이시진 묘소
10626,홍성신금성
10627,고창 상금리 지석묘군
10628,구례봉서리지석묘군
10629,진천 배티 성지
10630,예산가야사지
10631,진안 대량리 제동 유적
10632,여수 오림동 지석묘군
10633,김해 마현산성
10634,청주 여산송씨 정려각
10635,김정희선생필적암각문
10636,장수 삼고리 고분군
10637,함평금산리방대형고분
10638,김해 무계리지석묘
10639,괴산 이연경 묘역
10640,고창 반암리 청자요지
10641,함평죽암리고분
10642,영천청제
10643,화성남양리신빈김씨묘역
10644,충주 양능길·양여공 묘소
10645,은산당산성
10646,남원향교
10647,의병장 신태식 생가지
10648,창녕 노변소 묘
10649,양평신복리강맹경묘역
10650,제천 월광사지
10651,금산 이치대첩지
10652,장수 오성리 봉화
10653,울진죽변등대
10654,남해장성
10655,여주흔암리선사유적
10656,예산효교리매향비
10657,남원 사석리 고분군
10658,고흥여도진성지
10659,안동 장태사공 성곡재사
10660,남해 전 백이정 묘
10661,보은 대야리 고분군
10662,임실 월평리 산성
10663,나주송제리고분
10664,임란의병 한천전 승첩지
10665,한응인묘역
10666,보은 회인 사직단
10667,완주 상운리 고분군
10668,봉화사동추원재
10669,창원 봉화산 봉수대
10670,연천학곡리고인돌
10671,완주 남계리유적
10672,함평용월리지석묘군
10673,구미용수암
10674,진주광제산봉수대
10675,김포수안산성
10676,청주 이덕수 묘역
10677,임실 가덕리 하가 구석기유적
10678,고흥유둔리덕암지석묘군
10679,진주 상대동 고분군
10680,증평 김득신 묘소
10681,불우헌 정극인 묘
10682,고흥중산리지석묘군
10683,섬계서원
10684,창원 웅천도요지
10685,만년제
10686,보은 이제현 영당
10687,부여부소산성서복사지
10688,전주부성지
10689,고흥과역리민등지석묘군
10690,청도 탁영종택
10691,거제 아주동 고분군
10692,자유의다리
10693,음성 어재연․어재순 묘소
10694,당진성상리산성
10695,고창 칠암리 용산고분
10696,화순성화명도로수축시주목록암각기문
10697,성주 옥천서원
10698,거제고군현치소지
10699,청주한씨문익공파묘역
10700,옥천 이성산성
10701,당진안국사지매향암각
10702,전주 서고산성
10703,나주용곡리이팝나무
10704,안동 화천서원
10705,산청특리지석묘군
10706,예산성당
10707,부안 행안 동학농민혁명 도소터
10708,여수 호명동 방재림
10709,안동 임천서원
10710,산청왕산사지
10711,구암한백겸묘및신도비
10712,충주 김세렴 묘소
10713,홍성 결성읍성
10714,전주 종광대 토성
10715,해남연정리지석묘군
10716,울진 대풍헌
10717,세종왕자한남군묘역
10718,의안대군방석묘역
10719,청주 석화리 목책성
10720,천안김시민장군유허지
10721,무주 당산리 봉화유적
10722,영주 이산서원
10723,밀양적용지
10724,양주관아지
10725,증평 남하리 사지
10726,밀양읍성
10727,화성홍법리남양홍씨묘역
10728,충주 대림산 봉수
10729,공주금학동고분군
10730,담양원율리오평마을왕버들나무
10731,창녕 영산고분군
10732,문정공조광조묘및신도비
10733,청주 최석정 묘소
10734,서산휴암리선사유적지
10735,창원 가을포 봉수대
10736,충렬공박원종묘역
10737,충주 칠금동 제철유적
10738,안동 정재종택
10739,저헌 이석형 묘 및 신도비
10740,순천왜성
10741,함양백천리고분군
10742,음애이자묘역
10743,순천죽내리유적
10744,영주 의산서원
10745,함양팔령산성
10746,춘곡정탁묘역
10747,예천 문효세자 태실
10748,함양마안산성
10749,구동양척식주식회사목포지점
10750,예천 폐비윤씨 태실
10751,함양방지산성
10752,아담스기념관
10753,천안 성거산 천주교 교우촌터
10754,무안석용리곰솔
10755,안동 청성서원
10756,사천안점산봉수대
10757,하우현성당사제관
10758,당진신리다블뤼주교유적지
10759,무안용정리곰솔
10760,봉화 청량정사
10761,사천우산봉수대
10762,청풍김씨문의공파묘역
10763,예산여사울이존창생가터
10764,광양불암산성
10765,경주부 관아건물
10766,사천금성리토성지
10767,송석최명창묘역
10768,공주 황새바위 천주교순교유적
10769,광양중흥산성
10770,봉화 녹동리사와 직방당
10771,사천용산리사지
10772,강진마도진만호성지
10773,경산 하양 육영재
10774,사천와룡동사지
10775,여주매룡리고분군
10776,서천당정리고분군
10777,함안 성점산성
10778,봉화 충효당
10779,함안 포덕산성
10780,파평윤씨정정공파묘역
10781,부여 정흥인의 묘
10782,영암양장리곰솔
10783,안동 임호서당
10784,함안 문암산성
10785,공주 이귀의 묘
10786,광주학생독립운동진원지나주역사
10787,영천 정의번 시총
10788,함안 군북지석묘군
10789,미수허목묘역
10790,예산 이산해의 묘
10791,순천평촌리이팝나무
10792,낙동 물량리 암각화
10793,창원 제포성지
10794,포천고모리산성
10795,당진 이의무의 묘 및 신도비
10796,낙안교촌리은행나무
10797,영덕 광산봉수
10798,창원 웅천빙고지
10799,취몽헌오태주묘역
10800,공주 단지리 고분군
10801,장성 영천리 방울샘
10802,경주 동학 발상지
10803,창원 사화랑산 봉수대
10804,유항한수묘역
10805,부여 염창리고분군
10806,담양고성리월성산고분군
10807,고령 본관리 고분군
10808,창원 완포현 고산성
10809,광주삼리구석기유적
10810,보령 갈매못 천주교 순교지
10811,무안남안리태봉고분군
10812,성주 법전리사지
10813,창원 청룡대 각석
10814,아산 전윤장묘
10815,영광월산리월계고분군
10816,의령 중동리 고분군
10817,과천관악사지
10818,계룡 사계고택
10819,영암태간리자라봉고분
10820,의령 보리사지
10821,과천육봉일명사지
10822,보령 원홍주 등 6군상무사 임소
10823,영암금강리금산고분군
10824,의령 수성리 지석묘군
10825,공주 마곡사
10826,화순천덕리회덕고분군
10827,의령 신포리 입석군
10828,고양독산봉수대지
10829,화순오성산성
10830,의령 상정리 지석묘군
10831,화순비봉산성
10832,고양멱절산유적
10833,태안읍성
10834,화순철옹산성
10835,양산화제리도요지
10836,파주월롱산성지
10837,나주경렬사
10838,양산가산리도요지
10839,홍성 석택리 유적
10840,영암사자사목탑지
10841,여주상교리고려석실묘
10842,논산 파평윤씨 병사묘역
10843,장성 박수량 백비
10844,민진장묘역
10845,공주목 관아지
10846,수원축만제
10847,천안 한명회 묘역
10848,담양평장동광산김씨유허비
10849,수원여기산선사유적지
10850,나주장춘정
10851,창원 남산 유적
10852,평택무성산성지
10853,진도칠전리학계철비와 노암재
10854,거제 강망산 봉수대
10855,평택자미산성지
10856,강진 윤복신도비와 영모당
10857,거제 지세포진성
10858,평택비파산성지
10859,진도망금산관방성
10860,거제 구조라진성
10861,평택용성리성지
10862,영광법성진성
10863,거제 구영등성
10864,평택덕목리성지
10865,고흥절이도목장성
10866,거제 구율포성
10867,풍고김조순묘역
10868,고흥남양리산성
10869,거제 지세포리 지석묘
10870,연천차탄리고인돌
10871,고흥독치성
10872,거제 학산리 지석묘
10873,연천양원리고인돌
10874,고흥백치성
10875,거제하청북사지
10876,연천신답리고분
10877,고흥오치음성
10878,통영 미륵산 봉수대
10879,오산외삼미동고인돌
10880,고흥옥하리곰솔
10881,연천학곡리적석총
10882,연천심원사지
10883,제간공 권규묘역
10884,고흥 대강리 느티나무
10885,용인할미산성
10886,영광군서회화나무
10887,의왕모락산성
10888,진도초하리무환자나무
10889,산청소남리선사유적
10890,파주육계토성
10891,천도교장흥교당
10892,합천 악견산성
10893,둔촌이집묘역
10894,장성 김인후 신도비
10895,합천 금성산 봉수대
10896,포천 자작리 유적지
10897,해남화원면청자요지
10898,함안 파산 봉수대
10899,불암산성
10900,장흥풍길리청자요지
10901,고성천왕점봉수대
10902,신안흑산진리초령목자생지
10903,의령 운곡리 고분군
10904,고양 북한산 산영루지
10905,신안 암태도 송곡리매향비
10906,김해구산동백운대고분
10907,화성 화량진성
10908,영광법성입암리매향비
10909,창원 상남지석묘
10910,수원 창성사지
10911,광양신재최산두선생유허비
10912,산청지곡사지
10913,연천 대전리 산성
10914,화순 운월리 및 도장리 지석묘군
10915,화순연월리지석묘군
10916,밀양남산봉수대
10917,해월최시형선생묘
10918,영광대마성산리지석묘군
10919,의령 가막산 봉수대
10920,고양 북한산성 관성소지 및 상창지
10921,학계리지석묘군
10922,함양백룡성선사화과원유허지
10923,인흥군 묘역 및 신도비
10924,여수 산수리 지석묘군
10925,합천 학리 지석묘군
10926,안양사지
10927,완도고금도지석묘군
10928,의령 미타산성
10929,성남 갈현동 건물지 유적
10930,순천정충사
10931,강진읍성
10932,사천우천리도요지
10933,진도 금갑진성
10934,사천사촌리도요지
10935,화순야사리느티나무
10936,진주 의암
10937,곡성당동리산성
10938,고성 곡산 봉수대
10939,화순동복연둔리숲정이
10940,밀양 손유호 묘
10941,장흥신북구석기유적
10942,합천 전 초팔성
10943,신안흑산도상라산성
10944,광양 산남리 남정 지석묘군
10945,장성 고경명 신도비
10946,담양 매산리 소나무
10947,거제 지세포 봉수대
10948,신안 우이도 선창
10949,거제 와현봉수대
10950,여수 고락산성
10951,진주 전 송대산성
10952,해남 서동사 동백나무·비자나무 숲
10953,4.3삼진의거 발원지 성구사일원
10954,창녕조씨 득성 설화지
10955,화순 쌍봉사
10956,남해설흘산봉수대
10957,해남 옥천 '만의총' 고분군
10958,남해대방산봉수대
10959,남해금오산성
10960,보성 도촌리 분청사기 요지
10961,창녕 박부 묘
10962,산청 김후 묘
10963,곡성 마천목 묘와 재실
10964,진주 정설 부부 묘
10965,보성 개흥사지
10966,신안 상태서리 고분군
10967,장흥 죽천사
10968,산청단성사직단
10969,장흥 무계원
10970,합천 둔내리 폐사지
10971,담양 광산김씨 성일·성구 형제 사행비
10972,순천 상호정
10973,합천 우곡리 폐사지
10974,순천 송매정 원림
10975,양산우불산성
10976,양산삼호리고분군
10977,강진 용혈암지
10978,하동 정국룡 묘역
10979,신안 김대중 대통령 생가
10980,합천 운구대
10981,강진 황대중 정려유적(2023)
10982,합천 백마산성
10983,강진 김억추 신도비와 현무묘(2023
10984,장흥 수의봉 위원량 망곡 암각시문
10985,곡성 유팽로 정열각
10986,신안 두류단과 바위글씨
10987,김해객사후원지
10988,여수 거문도 항일 유적
10989,함양 정여창묘역
10990,매천 황현 생가와 묘소
10991,합천 무학대사 유허지
10992,구례 고광순 항일 전적과 순절비
10993,밀양 관아지
10994,고흥 만경암 항일 의병 전적
10995,고성 허원필 묘
10996,화순 양회일 항일 유산
10997,진주 조윤손 묘역
10998,해남 심적암 항일 의병 전적
10999,통영 명정
11000,의령 이운용 묘
11001,산청 강국흥 묘역
11002,창원 김주열 열사 시신 인양지
11003,창녕 사직단
11004,통영 우산 봉수대
11005,김해 구산동 지석묘
11006,밀양 처자교
11007,창녕 조민수 묘
11008,함안 조려 묘
11009,진주 이정 묘
11010,남해 전 선원사지
11011,남해 전 백련암지
11012,김해 상동 분청사기 가마터
11013,양산 통도사
11014,김해 원지리 고분군
11015,진주 사직단
11016,합천 정인홍 묘
11017,합천 성산토성
11018,거제 농소리 고분
11019,거제 다대산성
11020,고성 사직단
11021,하동 완폭대 각석
11022,거제 방하리 고분군
11023,의령 유곡리 고분군
11024,의령 유곡산성
11025,창녕 태백산 봉수대
11026,통영 추봉도와 용호도 포로수용소
11027,고성 만림산 토성
11028,거창 무릉리 고분군
11029,창녕 퇴천리 토기가마터 일원
11030,함안 안곡산성
11031,함안 우거리 토기가마군
11032,함양 양희 묘역
11033,진주 망진산 봉수대
11034,함안 이오 부부 묘역
11035,창녕 용흥사지
11036,황실축원장엄수
11037,강화 보문사 맷돌
11038,이장우가옥
11039,법동석장승
11040,울산 보부상단 문헌자료
11041,회암사지맷돌
11042,옥천 청마리 제신탑
11043,개태사철확
11044,의견비
11045,고성 석마리 석마
11046,동자복
11047,서자복
11048,서빙고동부군당
11049,다대첨사영 갑주
11050,신당동석장승
11051,인천 용동 큰우물
11052,최승효가옥
11053,언양현감 윤병관의 만인산 및 관련 고
11054,여주보통리해시계
11055,홍서대
11056,영동 당곡리 십이장신당
11057,옥과성황당목조신상
11058,함양 벽송사 목장승
11059,돌하르방
11060,돌하르방
11061,돌하르방
11062,돌하르방
11063,돌하르방
11064,돌하르방
11065,돌하르방
11066,돌하르방
11067,돌하르방
11068,돌하르방
11069,돌하르방
11070,돌하르방
11071,돌하르방
11072,돌하르방
11073,돌하르방
11074,돌하르방
11075,돌하르방
11076,돌하르방
11077,돌하르방
11078,돌하르방
11079,돌하르방
11080,돌하르방
11081,돌하르방
11082,돌하르방
11083,돌하르방
11084,돌하르방
11085,돌하르방
11086,돌하르방
11087,돌하르방
11088,돌하르방
11089,돌하르방
11090,돌하르방
11091,돌하르방
11092,돌하르방
11093,돌하르방
11094,돌하르방
11095,돌하르방
11096,돌하르방
11097,돌하르방
11098,돌하르방
11099,돌하르방
11100,돌하르방
11101,돌하르방
11102,돌하르방
11103,돌하르방
11104,평창동보현산신각
11105,동래영 갑주
11106,남평문씨본리세거지
11107,강화 남산 미륵석상
11108,김용학가옥
11109,무수동산신제 동계첩
11110,삼막사남녀근석
11111,단양 죽령 산신당
11112,무등리입석
11113,영암월곡리전씨고택
11114,사천 가산리 석장승
11115,삼양동초가
11116,문형행가옥
11117,오광준가옥
11118,조군현가옥
11119,양금석가옥
11120,송종선가옥
11121,동래영구군복
11122,용수동당산
11123,강진김해김씨가상여
11124,태백산석장승
11125,용대기
11126,태인신잠선생영상
11127,안동서부동송곡고택
11128,단계박씨고가
11129,김석윤가옥
11130,조천리 황씨 종손 가옥
11131,조군현가옥
11132,와룡묘
11133,장안사연
11134,논공천왕당
11135,입석마을입석
11136,김병호고가
11137,화천성불사지석장승
11138,제천 명오리 고가
11139,선국사대북
11140,담양고재선가옥
11141,안동예안동간재고택
11142,박해용 금관조복
11143,남방아
11144,관성묘
11145,장산 마고당·천제단
11146,군위법주사왕맷돌
11147,광산노씨분묘출토명기류
11148,정원채고가
11149,정선백전리물레방아
11150,청주 박광우 묘 출토유물
11151,보안입석
11152,장흥 죽헌 고택
11153,안동의촌동초가도토마리집
11154,창녕 관룡사 석장승
11155,제구
11156,장교동한규설가옥
11157,박기종 관복 일괄
11158,군위 남천고택
11159,필문이선제부조묘
11160,양평 창대리고가
11161,신화국 백자청화 묘지
11162,월촌입석
11163,양산 가야진사
11164,삼청동오위장김춘영가옥
11165,박기종 대례복 일괄
11166,광주 서원문 밖 석장승
11167,일산밤가시초가
11168,청주 과필헌
11169,윤황선생고택
11170,학인당
11171,해남정명식가옥
11172,안동토계동계남고택
11173,몰래물마을방사탑1호
11174,몰래물마을방사탑2호
11175,골왓마을방사탑1호
11176,골왓마을방사탑2호
11177,골왓마을방사탑3호
11178,골왓마을방사탑4호
11179,골왓마을방사탑5호
11180,용수마을방사탑1호
11181,용수마을방사탑2호
11182,신흥리방사탑1호
11183,신흥리방사탑2호
11184,무릉리방사탑1호
11185,무릉리방사탑2호
11186,무릉리방사탑3호
11187,무릉리방사탑4호
11188,인성리방사탑1호
11189,인성리방사탑2호
11190,도정궁경원당
11191,박기종 통상복 일괄
11192,목장승
11193,덕릉마을산신각
11194,자양금
11195,나주홍기창가옥
11196,거창갈계리임씨고가
11197,송당본향당
11198,새미하로산당
11199,와흘본향당
11200,수산본향당
11201,월평다리굿당
11202,성북동이종석별장
11203,장안사 명부전 삼번상
11204,용인 한산이씨 음애공파 고택
11205,영동 신항리 상여
11206,김우열가옥
11207,벽골제쌍룡놀이
11208,나주홍기종가옥
11209,이육사생가
11210,함안 무기리 주씨고가
11211,제주 해녀의 물옷과 물질도구
11212,상허이태준가옥
11213,장안사 응진전 법대경상
11214,여주이포리옹기가마
11215,전용일가옥
11216,장화리쌀뒤주
11217,나주김효병가옥
11218,안동원촌동치암고택
11219,의령 덕교리 강씨고가
11220,하가리 문귀인 가옥
11221,반계 윤웅렬 별장
11222,해련사 동래부 인상
11223,김좌근고택
11224,음성 마송리 석장승
11225,윤일선가옥
11226,이웅재고가
11227,진주 명석 자웅석
11228,원서동백홍범가옥
11229,해련사 장엄의식구
11230,전 월산대군 요여
11231,괴산 문당리 서낭단
11232,윤제형가옥
11233,남근석
11234,남해가천암수바위
11235,가회동한씨가옥
11236,소림사 오방번
11237,조족등
11238,괴산 홍범식 고가
11239,세조대왕연
11240,산동리남근석
11241,영암현종식가옥
11242,안동사월동초가토담집
11243,지리산성모상
11244,경운동 가옥
11245,소림사 칠여래번
11246,화촉
11247,이제열 지석
11248,아산윤승구가옥
11249,창덕리남근석
11250,보성이종선가옥
11251,가류동박씨고가
11252,의령 상정리 조씨고가
11253,월계동각심재
11254,수영야류 탈
11255,보은 최혁재 고가
11256,보령독산리독살
11257,주천석장승
11258,영암집영재
11259,고성봉동리배씨고가
11260,용강동정구중가옥
11261,범어사 목조
11262,괴산 이창훈 고가
11263,태안상옥리가영현가옥
11264,쌍조석간
11265,쌍계사지장승
11266,기양서당
11267,거창황산리신씨고가
11268,관훈동 민씨 가옥
11269,범어사 오방번
11270,보은 박기종 고가
11271,청양윤남석가옥
11272,남문안당산
11273,영암죽정리국장승
11274,용와종택및침간정
11275,합천 팔심리 윤씨고가
11276,운니동 김승현 가옥(운현궁 영로당)
11277,농기
11278,보은 사내1리 산제당
11279,계룡산삼신당
11280,돌모산당산
11281,영암소전머리황장승
11282,안동 묵계서원 및 보백당 종택
11283,함양 영은사지 석장승
11284,삼각동 도편수 이승업 가옥
11285,보은 기계유씨 석조보실
11286,무안박씨요여
11287,죽림리석장승
11288,영암메밀방죽옆장승
11289,완귀정
11290,거창거기리성황단
11291,숭보사
11292,진천 산우물 대동계 문서 및 관련 자
11293,서산김동진가옥
11294,장재영가옥
11295,작산정사및가창재사
11296,거창당동당집
11297,가회동백인제가옥
11298,괴산 송덕리 동제장
11299,서산유상묵가옥
11300,권희문가옥
11301,영광이규헌가옥
11302,작산구강당및주사
11303,고성 학림리 최씨종가
11304,서산유기방가옥
11305,총지사지석장승
11306,제기동해풍부원군윤택영재실
11307,청양임찬주가옥
11308,채원병가옥
11309,법천사석장승
11310,장위동김진흥가옥
11311,청양임석주가옥
11312,황윤석생가
11313,무안성남리석장승
11314,안동김씨종택
11315,우암 송시열 초구 일령
11316,아산 김효직가옥
11317,예종대왕태실및비
11318,영광신호준가옥
11319,안동김씨태장재사
11320,당진송규섭가옥
11321,교룡산성승장동인
11322,성황신김총영정
11323,안동김씨북애공종택
11324,혜화동 김상협 가옥
11325,남원석돈
11326,체부동 홍종문 가옥
11327,온양민속박물관 소장 사당형감실
11328,김정회고가
11329,가회동 김형태 가옥
11330,온양민속박물관 소장 거북흉배
11331,월천리석장승
11332,승주조순탁가옥
11333,안동 관왕묘
11334,조경묘출토유의일괄
11335,청양 임동일가옥
11336,사곡리남근석
11337,순천 정헌재
11338,만리동 정영국 가옥
11339,호서 옥마산 김부대왕지기
11340,사내리 당산
11341,나주문바위문암
11342,상주 오작당
11343,필운동 홍건익 가옥
11344,홍성 전세진 유품
11345,오영순가옥
11346,남장사 석장승
11347,행당동 아기씨당 무신도
11348,공주 마곡사 대광보전 굴피자리
11349,창원정씨종가
11350,보성당촌별신당집및당제
11351,양동대성헌
11352,전농동 부군당 무신도
11353,덕치리초가
11354,영암조종수가옥
11355,당인동 부군당 무신도
11356,백운면의물레방아
11357,담양미암사당
11358,안동전주류씨삼산종택
11359,화주당 무신도
11360,이배원 가옥
11361,담양고재환가옥
11362,안동세덕사
11363,호국지장사 불복장 저고리
11364,완주 류세화 분묘 출토유물
11365,장흥 죽암 고택
11366,대장경궤
11367,완주 류세무 분묘 출토유물
11368,안동풍산김씨영감댁
11369,화순이경휴가옥
11370,봉화법전강씨종택
11371,창평장전이씨고택
11372,해평동북애고택
11373,창평춘강고정주고택
11374,주곡동옥천종택
11375,장흥호계리별신제와동계문서
11376,대산동교리댁
11377,여수 영당지
11378,성주 응와종택
11379,여수 악공청 관련자료일괄
11380,대산동한주종택
11381,장흥 방촌리 근암고택
11382,대산동월곡댁
11383,강진 효정재
11384,전주유씨무실종택
11385,보성 충의당
11386,무실정려각
11387,장흥 백수장 별묘
11388,이우당종택
11389,장성 추원재
11390,의성김씨운암종택
11391,보성 금남고택
11392,방호정
11393,보성 석계재
11394,보성 광주이씨 영모재
11395,경암헌고택
11396,여재각
11397,도암정
11398,척서정
11399,장흥 열호재
11400,고흥 봉암사 이여재
11401,강진 명발당
11402,지예동양동댁
11403,망천동임당댁
11404,인양리용암종택
11405,점필재종택
11406,학초정및정침
11407,삼소재
11408,예안이씨사직공파구택
11409,안동마령동기와까치구멍집
11410,연안이씨별좌공종택
11411,목조문무인상
11412,영양남씨괴시파종택
11413,천운정사
11414,회곡고택
11415,포항 오덕리 애은당 고택
11416,포항 오덕리 사우정 고택
11417,예천 상금곡리 추원재 및 사당
11418,영덕도곡동충효당
11419,묵재고택
11420,성주수성리중매댁
11421,환구세덕사
11422,양계정사
11423,운곡정사
11424,석계고택
11425,면운재고택 및 별묘
11426,화기리인동장씨종택
11427,충의당
11428,안동서지리성황당
11429,춘우재고택
11430,연곡고택
11431,의구총
11432,의우총
11433,분천리도토마리집
11434,분천리까치구멍집
11435,설매리겹집
11436,상주 동학교당 유물
11437,안동 유일재 종택
11438,원리주곡고택
11439,영주청구리입석
11440,박구효자정려비
11441,영주수도리김덕진가옥
11442,영주수도리김뢰진가옥
11443,경주김씨눌곡종택
11444,상주 동학교당
11445,산수정
11446,곡강고택
11447,성주대산리진사댁
11448,쌍송정정침
11449,봉정사영산암
11450,풍산류씨수동재사
11451,원사암
11452,안동제산종택
11453,수졸당및재사
11454,원주변씨간재종택및간재정
11455,성주대산리도동댁
11456,구미금강사금란가사
11457,예천 삼강주막
11458,문경망댕이사기요
11459,구미 도중리 동신상
11460,영양 숭조고택
11461,안동권씨병곡종택
11462,영천 지산고택
11463,안동하회지산고택
11464,영주 금광리 성황당
11465,안동 긍구당고댁 사당내 감실
11466,포항 달전재사
11467,포항 하학재
11468,안동 송석재사
11469,안동 죽헌고택
11470,안동 소산동 동야고택
11471,안동 비안공 구택
11472,안동 삼벽당
11473,안동권씨 말산재사
11474,안동 영양남씨 재사
11475,영주 평은리 양지암
11476,상주 의암고택
11477,청송 기곡재사
11478,울진 평해황씨 해월종택
11479,상주 견훤사당
11480,포항 여연당 고택
11481,안동 성성재 종택
11482,안동 관물당
11483,안동 상여집
11484,영천 귀애정
11485,문경 장수황씨 종택
11486,의성 운곡당
11487,의성 점우당
11488,청송 화지재
11489,영덕 괴시동 대남댁
11490,영덕 괴시동 물소와고택
11491,영덕 괴시동 해촌고택
11492,청도 삼족대
11493,청도 섬암고택
11494,청도 명중고택
11495,청도 운남고택
11496,청도 도일고택
11497,성주 대산리 하회댁
11498,성주 극와고택
11499,칠곡 해은고택
11500,예천 상금곡리 사괴당고택
11501,봉화 야옹정
11502,봉화 의양리 권진사댁
11503,울릉 나리동 투막집
11504,울릉 나리동 투막집
11505,영덕 우계종택
11506,윤탕신 목패
11507,예천 직산재
11508,안동 지촌종택
11509,안동 국탄댁
11510,영덕 송천세려고택
11511,영덕 삼벽당
11512,봉화 두릉정 고택
11513,봉화 춘우재
11514,영덕 동애고택
11515,보은 성당
11516,한강대교
11517,부산 아미동 비석마을 피란민 주거지
11518,송학동 구 인천시장 관사
11519,구 대전형무소 우물
11520,은월사 제단 및 제단비
11521,한국전쟁 피난민 태극기
11522,충주역 급수탑
11523,태안 갑오동학혁명 순도자 명단
11524,전주고등학교 소강당
11525,청도 풍각제일교회 소장자료
11526,정기헌 필 창원팔경도 및 묵란도 병풍
11527,부강 김재식 가옥
11528,제주 등명대
11529,설악산 구 희운각대피소
11530,고산리 등명대
11531,김녕리 등명대
11532,대포동 등명대
11533,보목동 등명대
11534,북촌리 등명대
11535,영일동 등명대
11536,보신각 앞 지하철 수준점
11537,감로도
11538,대전 보문산 근대식 별장
11539,파주 갈곡리 성당
11540,괴산 목도 양조장과 부속건물
11541,태안 조석헌 일기
11542,전주 풍남초등학교 강당
11543,경산 신한리 근대한옥
11544,김해 장곡사 괘불도
11545,제주 관음사 후불도
11546,강릉 주문진성당
11547,구 통계국 청사
11548,한일 외교 관련서 일괄
11549,수인선 협궤 객차(18028호)
11550,신용협동조합중앙회 소장자료 일괄
11551,오산 유엔군 초전기념비와 옛 동판· 
11552,증평 천주교 메리놀병원 시약소
11553,충남호 헬기
11554,김제 중앙초등학교 강당
11555,윤현진 유품
11556,제주 금붕사 오백나한도
11557,경향신문
11558,부산항총무회소
11559,협궤 증기기관차(혀기-7형)
11560,일제강점기 문화재 실측 및 수리도면 
11561,대한성공회 음성성당
11562,태안 안면면 초대의회 회의록 및 자료
11563,정읍 화호리 구 일본인 농장직원가옥
11564,경산 삼남동 근대한옥 
11565,진주 호국사 괘불도 및 괘불함
11566,옛 한림성당 종탑
11567,서울시립대학교 구 본관 및 교사
11568,노상익 방령심의
11569,인천 구 미쓰이[三井]물산 
11570,기아 경3륜 트럭 T600
11571,단양 고양리 옛 철도관사
11572,심훈 상록수 친필원고
11573,익산 이리초등학교 구 본관
11574,정방사 소장 조선글화엄경
11575,서울시립대학교 구 강당
11576,부산항 제1부두
11577,강화 금풍양조장
11578,부천 한미재단 소사 4-H 훈련농장 
11579,금산 배천조씨 종택
11580,익산 황등초등학교 별관
11581,정방사 소장 각설범망경
11582,고려대학교 4.18 기념탑
11583,부산도시철도 1호선 1편성(舊)
11584,인천 조병창 관련 유물 일괄
11585,수원 방화수류정 자개상
11586,청주 서운동 성당
11587,한훈의사 이력서 및 일기수첩
11588,원불교 익산성지 송대
11589,독립신문 유인물(평양)
11590,구산단
11591,부평 산곡동 영단주택 유물 일괄
11592,파주 라스트 찬스
11593,신흥학교연혁지
11594,강화 하점면 고택
11595,파주 말레이시아교
11596,전주중앙성당 대성전
11597,남산도서관 소장 일제강점기 잡지 3종
11598,부용암 응진전
11599,동주염전 소금운반용 궤도차
11600,임실성당 사제관
11601,남산도서관 소장 경성부 발간 자료 1
11602,신흥동 구 인천시장 관사
11603,목제 솜틀기
11604,김제 홍심정 소장 유물
11605,남산도서관 소장 대한제국기 간행 유학
11606,강화 신문리 고택
11607,군포 둔대교회
11608,전주 서문교회 종각
11609,남산도서관 소장 대한제국기 간행 교지
11610,시흥 옛 소래염전 소금창고
11611,무주 두길교회 구 예배당
11612,남산도서관 소장 대한제국기 간행 애국
11613,근화창가 제1집
11614,주월한국군 태권도교관단 자료
11615,남산도서관 소장 대한제국기 간행 종합
11616,고양 행주성당 종도행전
11617,정법사 자수천수관음도
11618,이해조 구마검
11619,미타사 정수암 법성스님 법복
11620,오천석 금방울
11621,미타사 정수암 경화스님 법복
11622,하남 구산성당
11623,시대일보(2022)
11624,흥화학교 회계부 및 증서류
11625,마포 석불사 괘불도
11626,성남 오산정
11627,동인지 『한글』
11628,시대일보(2025)
11629,남양주 와부 소방대 목제 수총기
11630,동두천 노르웨이 이동외과 병원
11631,화성 남양고등학교 구 본관
11632,지영희 유품 악기 해금
11633,파주 보광사 대방
11634,청주 내덕동 주교좌 성당과 옛 사제관
11635,옥인동 박노수 가옥
11636,반송삼절사
11637,대구향교대성전
11638,욕은지
11639,증심사
11640,삼매당
11641,이휴정
11642,수원향교
11643,소양정
11644,진천 신헌 고가
11645,청양 정혜사 혜림암 목조보살좌상
11646,연일향교 대성전
11647,금남 문절사
11648,가회동 이준구 가옥
11649,기장남산봉수대
11650,구암서원숭현사
11651,약사암
11652,창계숭절사
11653,만정헌
11654,양주향교
11655,강릉귀부
11656,동고사
11657,경주사마소
11658,창원 관해정
11659,연동 합호서원
11660,지장사 약사불도
11661,범어사청동은입사향완
11662,관풍루
11663,어사대
11664,무양서원
11665,도산서원
11666,울산학성이씨근재공고택
11667,여주향교
11668,강릉석불입상
11669,음성 팔성리 고가
11670,학소암
11671,향림사
11672,동경관
11673,소정 대곡리 삼층석탑
11674,지장사 능인보전신중도
11675,범어사 유제 대발
11676,인천 각국 조계석
11677,풍영정
11678,문충사
11679,석남사수조
11680,평택향교
11681,강릉옥천동석탑재
11682,보은 선병묵 고가
11683,화산서원비
11684,옥천서원
11685,백률사대웅전
11686,진주성 북장대
11687,연동 송용리 마애여래입상
11688,이조여래좌상
11689,월정사 소장 불상(목조보살입상)
11690,지장사 칠성도
11691,범어사 대웅전 청동북
11692,법장사삼층석탑
11693,원인재
11694,만귀정
11695,회덕향교대성전
11696,박상진의사생가
11697,홍학사비각
11698,금란정
11699,보은 선병우 고가
11700,관성묘
11701,옥계서원
11702,경주벽도산석불입상
11703,진주 창렬사
11704,조치원 봉산영당
11705,제주속오군적부
11706,지장사 독성도
11707,범어사 선방 축성패
11708,칠곡향교대성전
11709,이세주 묘 관 덮개
11710,용두동지석묘
11711,진잠향교대성전
11712,천전리공룡발자국화석
11713,청계사
11714,보진당
11715,영동 이의정 유적
11716,천양정
11717,충열사
11718,경주남산동석조감실
11719,진주성 서장대
11720,장군 덕천군사우
11721,월영사소장목조여래좌상
11722,지장사 산신도
11723,마애지장보살좌상
11724,파계사설선당
11725,강화 전등사 대조루
11726,용진정사
11727,김반·김익겸의묘
11728,울산왜성
11729,오정각
11730,신흥사
11731,음성 태교사
11732,장명석등
11733,경주남사리북삼층석탑
11734,진주 의기사
11735,금남 남산영당
11736,보덕사소장목조여래좌상
11737,동래부사 유심 선정비
11738,파계사산령각
11739,강화 철종 외가
11740,고원희가옥
11741,박팽년선생유허비
11742,서생포왜성
11743,사세충렬문
11744,청평사삼층석탑
11745,청주 모충사
11746,추천대
11747,순천망북정유지비
11748,경주황오동삼층석탑
11749,나성 독락정
11750,선덕사대적광전
11751,백사 이항복 집터(필운대)
11752,혜원정사 팔상도
11753,파계사적묵당
11754,강화 원층사 터
11755,운림동석실고분
11756,취백정
11757,대안동신흥사구대웅전
11758,과천향교
11759,월송리삼층석탑
11760,괴산 청덕사
11761,서서학동석불입상
11762,분황사석정
11763,통영 백운서재
11764,금남 모인당
11765,원명선원 석조여래좌상
11766,진관사 석불좌상
11767,범어사아미타극락회상도
11768,파계사진동루
11769,강화 선수돈대
11770,고내상성지
11771,보문사지석조
11772,증공조참판엄공원강서원비
11773,파산서원
11774,홍천양덕원삼층석탑
11775,진천 금성대군 사당
11776,성불사
11777,인후동석불입상
11778,경주교동석등
11779,통영 용화사
11780,부강 보만정 및 검담서원 묘정비
11781,선운정사 석조약사여래좌상
11782,진관사 소 독성상
11783,범어사청풍당아미타극락회상도
11784,파계사기영각
11785,강화 망월돈대
11786,용진산마애여래좌상
11787,중암사부도
11788,학성이씨현령공파절송공묘출토유물
11789,교하향교
11790,수타사삼층석탑
11791,음성 운곡서원
11792,삼룡동 삼층석탑
11793,반곡서원
11794,경주노서동석불입상
11795,장군 보광사 산신도
11796,목장신정절목
11797,진관사 독성도
11798,범어사 아미타이십육보살도
11799,독암서당
11800,양과동정
11801,유곡동공룡발자국화석
11802,반구정
11803,괘석리삼층석탑
11804,괴산 위정사
11805,영남루
11806,황강서원
11807,수남학구당
11808,경주서부동석불좌상
11809,진주 남악서원
11810,장군 보광사 독성도
11811,안민고절목
11812,종친부 터 우물
11813,범어사비로자나불회도
11814,첨백당
11815,강화 참성단 마애중수비
11816,부용정
11817,수운교석종
11818,대곡리공룡발자국화석
11819,광주향교
11820,장남리삼층석탑
11821,괴산 연풍향청
11822,홍양호묘
11823,모현동부도
11824,수북학구당
11825,남간사지석정
11826,진주 고산정
11827,응선사 산신도
11828,범어사칠성도
11829,야수정
11830,강화 서도 중앙교회
11831,호가정
11832,운화리성지
11833,지수당
11834,홍천진리석불
11835,청주 삼월비
11836,진안향교대성전
11837,웅수사지석불입상
11838,진주 동산재
11839,조치원 관음암 현왕도
11840,안양암 대웅전 신중도
11841,마하사 영산회상도
11842,고산서당터
11843,풍암정
11844,송준길의묘
11845,비옥산성
11846,장경사
11847,수타사홍우당부도
11848,옥천 이기윤 망북비
11849,영모정
11850,봉황대
11851,함안 원효암 칠성각
11852,조치원 관음암 지장시왕도
11853,안양암 지장시왕괘불도
11854,마하사 응진전 영산회상도
11855,남북동 조병수 가옥
11856,김봉선유품
11857,김여온의묘
11858,주전봉수대관련고문서
11859,포천향교
11860,태종대
11861,괴산 석보군 묘각
11862,청풍사
11863,함안 장춘사 대웅전
11864,전의 비암사 승탑
11865,안양암 지장시왕도
11866,마하사 응진전 십육나한도
11867,독무재
11868,강화 화도돈대
11869,삼거동고인돌군
11870,유회당 권이진가 유물 일괄
11871,석계서원
11872,가평하판리지진탑
11873,청주 주성강당
11874,금산 충렬사
11875,용담향교대성전
11876,상월정
11877,귀래정
11878,창녕 직교리 당간지주
11879,선혜청응봉
11880,운암정
11881,안양암 명부전 시왕도 및 사자도
11882,마하사 대웅전 석조석가여래삼존상
11883,하효자정려각
11884,강화 무태돈대
11885,임암동.원산동선사주거지및석곽묘
11886,동국사략
11887,울산인성암석조보살좌상
11888,운계서원
11889,상원사대웅전
11890,괴산 백운사 승탑군
11891,와룡암
11892,남희정
11893,안동안기동삼층석탑
11894,창녕 도천 삼층석탑
11895,안양암 천오백불전 신중도
11896,마하사 응진전 목조석가여래좌상
11897,장도포대 터
11898,양과동계고문서
11899,삼강행실도
11900,용화사 산신도
11901,양근향교
11902,입석사석탑
11903,충주 영모사
11904,용강서원
11905,보리암
11906,안동석사자
11907,창녕 관룡사 승탑
11908,안양암 삼불회도
11909,마하사 응진전 석조나한상
11910,문창공영당
11911,인천해관 문서
11912,광주읍성유허
11913,청구풍아
11914,심법요초
11915,지평향교
11916,법천사지 당간지주
11917,진천 산수리 마애여래좌상
11918,조헌사당(표충사)
11919,영천서원
11920,언곡사지삼층석탑
11921,창녕 석불사 석조보살입상
11922,안양암 칠성도
11923,범어사목조시방삼보자존패
11924,수릉향탄금계표석
11925,유촌동석조여래좌상
11926,양성당제영
11927,해남사 신중도
11928,양평용천리삼층석탑
11929,김제남신도비
11930,괴산 봉서재
11931,주암서원
11932,천변리석인상
11933,동락서원강당
11934,창녕 관음사 미륵불비상
11935,안양암 지장삼존상 및 시왕상 일괄
11936,범어사목조석가여래위패
11937,부인사일명암지석등
11938,석아정오방정현판
11939,문정공왕고간독
11940,목련암 목조보살좌상
11941,이천향교
11942,주포리미륵불및삼층석탑
11943,괴산 보안사 석조약사여래좌상
11944,온양이씨어필각
11945,신안서원
11946,도림사
11947,구미 척화비
11948,창녕 관음사 석등
11949,성유스티노신학교
11950,송현 배수지 제수변실
11951,분청사기전라도(전라도)명항아리
11952,화산세가필적
11953,연지사 소장 칠성도
11954,양지향교
11955,옥천 독락정
11956,의병승장비
11957,태안사
11958,창녕 망우당 곽재우 유허비
11959,영월 보덕사 극락보전
11960,안양암 석 치성광불좌상 및 권속
11961,범어사목제어피인통
11962,샬트르성바오르수녀원코미넷관
11963,박인년교지
11964,고봉화상선요
11965,칠장사
11966,옥천 덕양서당
11967,권충민공순절비
11968,해월암
11969,관음사
11970,이대전유허비
11971,창녕 성사제 신도비
11972,영월 금강정
11973,안양암 천오백불전 아미타삼존상
11974,범어사연
11975,문창후 최치원 영정
11976,김취려 묘
11977,김봉호가옥
11978,김정선생묘소일원
11979,염불작법
11980,운수암
11981,영동 송담재
11982,권율장군이치대첩비
11983,죽림암
11984,"창녕 문암정, 신초 유허비, 신초 초"
11985,영월 금몽암
11986,창녕 문암정
11987,신초 유허비
11988,신초 초상
11989,안양암 천오백불상
11990,범어사바라
11991,용수사 철조여래좌상
11992,만취정
11993,태실(석함)
11994,선원제전집도서
11995,죽산향교
11996,청주 것대산 봉수
11997,수심대
11998,임실향교대성전
11999,밀양 아랑각
12000,선암사 괘불탱
12001,현풍향교대성전
12002,흥륜사 아미타여래설법도
12003,광주수피아여자고등학교 소강당
12004,어사홍원모영세불망비
12005,지장보살본원경
12006,안성향교
12007,괴산 지장리 석조여래좌상
12008,태고사 대웅전
12009,밀양 변계량 비각
12010,영월 민충사
12011,법수선원산신도
12012,변관식필영도교
12013,용연사삼층석탑
12014,흥륜사 신중도
12015,창녕조씨 삼강정려
12016,류혁연의묘
12017,현수제승법수
12018,양성향교
12019,영동 한천정사
12020,고경명선생비
12021,석곡리석불입상
12022,고운사삼층석탑
12023,영월 주천 삼층석탑
12024,부안군이석수묘역
12025,안적사지장시왕도
12026,현풍곽씨십이정려각
12027,양주성 선정비
12028,광주 대원정사 석조보살좌상
12029,기성관
12030,묘법연화경
12031,김포향교
12032,의선각
12033,도동묘
12034,의성쌍호동삼층석탑
12035,청룡사독성도
12036,안적사아미타극락회상도
12037,이노정
12038,용궁사 신중도
12039,취가정
12040,수정재
12041,백양사 칠성각
12042,통진향교
12043,유동리오층석탑
12044,괴산 채운암 대웅전
12045,의성치선동석탑
12046,김해 선조어서각
12047,청룡사산신도
12048,대원사 독성도
12049,소계정
12050,용궁사 지장시왕도
12051,광산 귀후재
12052,월송재
12053,묘법연화경 권1
12054,월강사
12055,운흥정
12056,김해 장유화상 사리탑
12057,학림사석불좌상
12058,미인도
12059,이양서원
12060,칠성당지석묘군
12061,선원제전집도서
12062,정암사적멸보궁
12063,영동 모의당
12064,어서각
12065,방호정
12066,시북정
12067,통영 최영장군 사당
12068,진관사 칠성각
12069,연등사 영산회상도
12070,수릉봉산계표석
12071,은진송씨승지공파재실
12072,대방광불화엄경 권제20
12073,동송읍마애불상
12074,금남군정충신영정각
12075,거제 아주동 삼층석탑
12076,진관사독성전
12077,청량사 영산회상도
12078,부도암부도
12079,파평윤씨서윤공파고택
12080,이근오 죽오일기
12081,남양향교
12082,인제 상동리 삼층석탑 및 석불좌상
12083,영동 박사삼 묘표
12084,화산사
12085,석문정
12086,고성 수림서원
12087,정각사 석가불도
12088,복천사석가영산회상도
12089,효자강순항정려각
12090,봉소루
12091,건봉사불이문
12092,괴산 공림사 승탑
12093,압계서원
12094,천은사
12095,선원강당
12096,고성 도산서원
12097,일원동불국사석불좌상
12098,금정진 관아터
12099,관수정
12100,이시직공정려각
12101,용주사천보루
12102,낙산사홍련암
12103,증평 율리 석조관음보살입상
12104,창계서원
12105,남악사
12106,고성 갈천서원
12107,마포 최사영 가옥
12108,선암사 청동북
12109,관동묘려
12110,영월루
12111,청주 방서동 고가
12112,매천사
12113,만우정
12114,고성 도연서원
12115,봉은사 사자도
12116,복천사독성도및복장유물일괄
12117,동화사부도암신중탱
12118,국사봉유적
12119,강릉굴산사지석불좌상
12120,청주 관정리 고가
12121,정충복비
12122,흥국사
12123,고성 위계서원
12124,봉은사 영산전 신중도
12125,복천사현왕도및복장유물일괄
12126,동화사죽암당대선사선찰진영
12127,송자고택
12128,시흥문원리삼층석탑
12129,보은 김진묵 송덕비 및 비각
12130,은적암
12131,사빈서원
12132,고성 호암사
12133,영취사 오층석탑
12134,동래부산도병
12135,최흥원정려각
12136,갑진북정록
12137,진위향교대성전
12138,진천 교성리 연화대좌
12139,수열비
12140,용담사무량전
12141,사천 구계서원
12142,척판암석조여래좌상
12143,수구당
12144,이천자석리석불입상
12145,제천 시곡리 석조여래입상
12146,원흥석불입상
12147,돌산향교
12148,약계정
12149,남해 운곡사
12150,영월 요선정
12151,"불교제중원 오층석탑 및 표석, 석등"
12152,묘관음사오여래탱
12153,유가만세교
12154,박원상의묘
12155,용인공세리오층석탑
12156,월정사부도군
12157,영동 고당리 서당
12158,송정
12159,남해 정지석탑
12160,농기일괄
12161,운수사아미타삼존도
12162,소재사 대웅전
12163,송씨양세정려
12164,강릉산계리석탑
12165,충주 숭선사지 당간지주
12166,치헌
12167,남해 신흥사지 삼층석탑
12168,양천현 홀기
12169,국청사금정산성승장인
12170,소재사 목조지장보살좌상
12171,오정동선교사촌
12172,용인미평리약사여래입상
12173,보은 최재한 고가
12174,남해 남면 향약계 관련 자료
12175,기원사 산신도
12176,범어사자수수복문병풍
12177,동계정
12178,거룩한말씀의수녀회성당
12179,안성유명건묘갈
12180,흥법사지
12181,제천 한산사 석조여래입상
12182,선원사대웅전
12183,하동 쌍계사 청학루
12184,지장암 대웅전 신중도
12185,묘관음사불자
12186,신숭겸영각유허비
12187,대전여중강당
12188,안성대농리석불입상
12189,부곡지석묘
12190,충주 연안이씨 쌍효각
12191,하동 쌍계사 적묵당
12192,대구 동화사 금당 아미타극락회상도
12193,구대전형무소망루
12194,포천금현리지석묘
12195,금강산성
12196,충주 미륵대원지 석조보살의좌상
12197,임경업장군비각
12198,이태형고택
12199,하동 옥산서원
12200,범어사내원암석조보살좌상
12201,대구 동화사 대웅전 신중도
12202,서포김만중영정
12203,강릉비석군
12204,충주 문주리 석조여래좌상
12205,공산성진남루
12206,대복사극락전
12207,충무사
12208,운천재사
12209,하동 쌍계사 마애여래좌상
12210,복천사석조석가여래및보살좌상
12211,대구 동화사 감로도
12212,충청남도지사공관
12213,용인 주북리 지석묘
12214,강릉효자리비
12215,청주 금성대군 제단
12216,공산성쌍수정
12217,지산서당
12218,산청 서계서원
12219,인지사 석조보살좌상
12220,대구 동화사 사천왕도
12221,삼성초등학교구교사
12222,삼악산성지
12223,충주 신흥사 석조나한상군
12224,공산성광복루
12225,운봉향교대성전
12226,삼가정
12227,산청 덕양전
12228,진관동 석 아미타불좌상
12229,교린수지
12230,대구 북지장사 아미타삼존불좌상
12231,권시의 묘
12232,홍천철비
12233,옥천 죽향리사지 삼층석탑
12234,영은사대웅전
12235,창주서원
12236,창촌리석불입상
12237,수남위종택
12238,산청 배산서원
12239,‘병인가례시’명백자청화수복문호
12240,석조여래좌상
12241,대구 파계사 아미타삼존도
12242,"연산서씨,김익겸정려"
12243,연천통현리지석묘
12244,충주 지당리 석조여래입상
12245,갑사표충원
12246,유천서원
12247,산청 문익점 효자비
12248,원구단 정문
12249,선암사 삼층석탑
12250,대구 파계사 신중도 및 복장유물 일괄
12251,추곡리백연암부도
12252,연곡고분
12253,충주 강천리 석조여래입상
12254,갑사삼성각
12255,용장서원
12256,덕양서원
12257,임하댁
12258,산청 문익점 신도비
12259,정암사 아미타칠존도
12260,쌍구장경호
12261,대구 파계사 소장 책판 일괄
12262,백운루
12263,이순지선생묘
12264,충주 청룡사지 석종형승탑
12265,갑사팔상전
12266,풍계서원
12267,대성사
12268,대야정
12269,산청 이택당 물산영당
12270,지장암 소조지장보살좌상 및 복장유물
12271,마문장경호
12272,대구 북지장사 금고
12273,대전 도솔산 보루
12274,이천보고가
12275,강릉 동은 고택
12276,옥천 송갑조 유기비
12277,갑사중사자암지삼층석탑
12278,호암서원
12279,해평리석장승
12280,근암고택
12281,산청 이요정
12282,연화사 산신도
12283,전 이순신 초상
12284,현풍 추보당
12285,대전 마봉재 보루
12286,흥국사대웅보전
12287,강릉 운파고택
12288,충주 창룡사 다층청석탑
12289,영규대사비
12290,오리정
12291,수애당
12292,함양 청계서원
12293,봉국사 석조여래좌상
12294,범어사 고려삼층석탑
12295,현풍 한훤당 종택 내 사당
12296,고금운회거요
12297,한미산흥국사약사전
12298,강릉 회계고택
12299,괴산 평강전씨 효열각
12300,동학사삼성각
12301,유애묘
12302,호고와종택
12303,거창 포충사
12304,삼청동문
12305,신흥사 치성광삼존도
12306,법주사오층석탑
12307,근사록
12308,가학동지석묘
12309,강릉김윤기가옥
12310,청주 백족사 석조여래좌상
12311,동학사삼층석탑
12312,구천사
12313,만령초당
12314,거창 심소정
12315,백호정
12316,용적사 독성도
12317,군위향교
12318,석조석가모니불좌상 및 복장품 일괄
12319,청룡사삼층석탑
12320,강릉 초당동 고택
12321,청주 백족사 삼층석탑
12322,삼은각
12323,십로사
12324,쌍봉리충신각
12325,합천 함벽루
12326,월암동
12327,군위화본리오층석탑
12328,각전상량문
12329,삼막사명부전
12330,강릉 모학당 고택
12331,옥천 백운리 고가
12332,충현서원
12333,창덕암삼층석탑
12334,화순향교만화루
12335,운천신도비
12336,합천 옥계서원
12337,미타사 감로도
12338,백련사 석조여래좌상
12339,남양홍씨세보
12340,인천이씨족보
12341,용인 창리 선돌
12342,강릉 반송댁
12343,죽수절제아문
12344,숭정처사유허비
12345,진주 충의사
12346,미타사 산신도
12347,취정사 석조여래좌상
12348,광석재
12349,함양여씨세보
12350,용인목신리석조여래입상
12351,강릉 서지 조진사댁
12352,괴산 김시양 신도비
12353,마곡사천왕문
12354,미륵암석불입상
12355,독상리석등
12356,동암정
12357,통영 도솔암
12358,미타사 독성도
12359,기장향교 풍화루
12360,칠탄숙강당
12361,석실갈초
12362,송시열 초상
12363,마곡사국사당
12364,한산사지삼층석탑
12365,권태사신도비
12366,진주 도통사
12367,학도암 마애사리탑
12368,홍제사 보광암명 범종
12369,양암정
12370,개심사 아미타불회도
12371,원흥리신라말·고려초기청자요
12372,속초김근수가옥
12373,이상수･박순행･박용호･양주승 초상
12374,마곡사명부전
12375,덕음암석불좌상
12376,최경회사당
12377,농암신도비
12378,진주 용강서당
12379,천축사 마애사리탑
12380,동래향교 반화루
12381,압곡사선사영정
12382,쌍청당송유묘표
12383,용인 고안리 분청사기도요지
12384,춘천최재근가옥
12385,청주 곽훈 효자비
12386,마곡사응진전
12387,미륵암석불입상
12388,대리칠충각
12389,화산신도비
12390,진주 우곡정
12391,흥천사 약사불도
12392,안심사 삼세불회도
12393,군위삼존석굴모전석탑
12394,수옹송갑조신도비 및 후기비
12395,망월사천봉당태흘탑
12396,춘천민성기가옥
12397,충주 이시진 효자각
12398,마곡사해탈문
12399,쌍봉사극락전
12400,안동임하동중앙삼층석탑
12401,의령 보덕각
12402,천지명양수륙재의찬요
12403,원각사 현왕도
12404,군위인각사미륵당석불좌상
12405,쌍청당암각
12406,망월사천봉선사탑비
12407,숙모전
12408,귀래정
12409,영벽정
12410,손홍량유허비
12411,함안 덕연서원
12412,구 탑골공원 정문
12413,승학사 석조여래좌상
12414,군위인각사삼층석탑
12415,용인 맹리 지석묘
12416,춘천김정은가옥
12417,청주 수천암
12418,천진보탑
12419,순창향교대성전
12420,태자사지 귀부 및 이수
12421,조순 장군비
12422,용암사 감로왕도
12423,금강사 묘법연화경
12424,군위오도암금동불입상
12425,고양향교
12426,홍천 풍암리 고택
12427,임경업 초상
12428,화산영당
12429,영석재
12430,창녕 광산서당
12431,약수사 지장시왕도
12432,구 한국은행 부산본부
12433,법주사 보광명전
12434,이평리석불입상
12435,보은 법주사 수정암 석조여래좌상
12436,충절사
12437,강성서원
12438,안동대사동모전석탑
12439,창녕 경모당
12440,영월 북쌍리 고택
12441,흥천사 조왕도
12442,삼강행실도
12443,군위 인각사 극락전
12444,행주서원지
12445,보은 회인동헌 내아
12446,목사김효성의비
12447,합미성
12448,만수사
12449,남양사지삼층석탑
12450,창녕 양훤 묘비
12451,칠곡향교 명륜당
12452,보은 고현재
12453,낙덕정
12454,밀양 칠탄서원
12455,영월 창원리 고택
12456,만해 한용운 심우송 병풍
12457,광포도
12458,대구 영시 화재 의연비 
12459,이해룡고가
12460,괴산 장담 충신각
12461,정읍향교대성전
12462,월산재
12463,수정사대웅전
12464,밀양 작원관지
12465,흥천사 약사여래좌상 및 복장유물
12466,고불사 선종영가집
12467,홍승인고가
12468,평창지동봉가옥
12469,단양 방곡사 목조칠성여래설법상
12470,고부향교대성전
12471,청송이촌리오층석탑
12472,하동 쌍계사 팔영루
12473,송계별업 터
12474,대혜보각선사서
12475,기천서원지
12476,옥천 영모재
12477,죽림서원
12478,태인향교대성전
12479,영양향교
12480,함양 최치원 신도비
12481,봉원사 칠성각
12482,백련사 고려사
12483,안성도기동삼층석탑
12484,충주 수회록
12485,행림서원
12486,남고서원
12487,무위사삼층석탑
12488,여남강당
12489,함양 교수정
12490,봉원사 대방 석조여래좌상
12491,범어사 사자암 칠성도
12492,문원리사지석조보살입상
12493,고성이덕균가옥
12494,보은 최동근 고가
12495,동죽서원
12496,해남향교대성전
12497,영양 야성정씨 참판공 종택
12498,거창 창충사
12499,봉원사 의소제각 편액
12500,해운정사 선문염송집
12501,수내동가옥
12502,고성함정균고택
12503,충주 고불선원 소조여래좌상
12504,금곡서원
12505,창동서원
12506,약천정
12507,거창 일원정
12508,봉원사 지장시왕도
12509,해운정사 현수제승법수
12510,월산대군사당
12511,양양김성래가옥
12512,보은 법주사 상고암 마애불상군
12513,관촉사석문
12514,도계서원
12515,도갑사
12516,석천서당
12517,합천 중촌리 승탑 및 탑비
12518,봉원사 치성광여래도
12519,동림사 묘법연화경 권4-7
12520,가운동지석묘
12521,양양조규승가옥
12522,보은 김정 유허비
12523,쌍계사부도
12524,남악정
12525,합천 가남정
12526,법장사 목조여래좌상
12527,거제선생안
12528,전성부원군이준선생영정
12529,강릉최선평가옥
12530,보은 윤여익 충신각
12531,성삼문의묘
12532,고암서원묘정비
12533,약산당
12534,하동 두방재
12535,선가귀감
12536,한중일관계사료초
12537,하남시상사창동연자마
12538,강릉박치규가옥
12539,법천사 목우암
12540,오류정종택
12541,창원 몽고정
12542,고성이씨 금암가 경서 필사본 4종
12543,실상사 신중도
12544,파주향교대성전
12545,진천 강세황 묘소
12546,송불암미륵불
12547,여산향교대성전
12548,창녕 고곡산성
12549,미타사 정수암 소조여래좌상
12550,실상사 칠성도
12551,청주한씨문정공파묘역신도비
12552,충주 석보군 묘소
12553,영양신구동삼층석탑
12554,창녕 신당산성
12555,미타사 책거리 병풍
12556,금산사 산신도
12557,정창손묘역석물
12558,보은 영모재
12559,함열향교대성전
12560,원갑사
12561,영양현동당간지주
12562,창녕 영축산성
12563,백화사 목련경변상도
12564,석조석가여래좌상
12565,남한산법화사지및부도
12566,옥천 예곡정사
12567,용안향교대성전
12568,정수루
12569,창녕 성산산성
12570,미타사 도량장엄번
12571,대성사 대방광원각수다라요의경(언해)
12572,강릉조철현가옥
12573,최영 초상
12574,효암서원
12575,심곡사대웅전
12576,다보사대웅전
12577,복검관행차시하인식료기
12578,구 부산 임시측후소 청사
12579,연산군시대금표비
12580,충주 봉불사 석조약사여래입상
12581,금암리오층석탑
12582,남원사미륵전
12583,심향사
12584,거제 청곡리 지석묘
12585,마포 석불사 독성도
12586,용적사 산신도
12587,양주옥정리선돌
12588,옥천 대성사 석조여래입상
12589,화성리오층석탑
12590,문수사대웅전
12591,사마비
12592,고성읍성
12593,노원 정암사 신묘장구대다라니판목
12594,옥정사 지장시왕도
12595,오리이원익종택및관감당
12596,보은 경주이씨 효열각
12597,대조사석탑
12598,익재영정
12599,고성 거류산성
12600,청량사 대웅전 산신도
12601,옥정사 신중도
12602,공안공정옥형·충정공정응두신도비
12603,강릉 시호 고택
12604,대혜보각선사서
12605,퇴수서원
12606,나씨삼강문
12607,종덕재정당
12608,고성 철마산성
12609,청량사 대웅전 신중도
12610,옥정사 칠성도
12611,문간공김세필묘역일원
12612,강릉함대식가옥
12613,묘법연화경 권1
12614,동곡서원
12615,죽림사극락보전
12616,경주안계리석조석가여래좌상
12617,거창 하성
12618,청량사 대웅전 아미타불회도
12619,범망경노사나불설보살심지계품제십권화
12620,서계박세당사랑채
12621,단양 원주이씨 효열각
12622,청일사
12623,부안향교대성전
12624,설재서원
12625,경주오야리삼층석탑
12626,사천 대방진 굴항
12627,청량사 대웅전 칠성도
12628,범어사 왕비전하수제연패
12629,안산청문당
12630,영동 덕후재 일원
12631,봉강사
12632,숭복사지삼층석탑
12633,각황사 석조관음보살좌상
12634,범어사 세자저하수천추패
12635,군포 동래정씨 동래군파 종택
12636,임피향교대성전
12637,동사리석등
12638,감산사지삼층석탑
12639,사천 각산산성
12640,보현정사 석조여래좌상
12641,범어사 유제로
12642,용인이주국장군고택
12643,삼척 고천리 고택
12644,충주 한남군 사당
12645,옥구향교대성전
12646,경주활성리석불입상
12647,사천 각산봉수대
12648,지장암 대웅전 석가모니 후불도
12649,범어사 청수관
12650,여주해평윤씨동강공파종택
12651,청주 운용사 백의관음보살후불도
12652,장성 청계정
12653,금곡사지원광법사부도탑
12654,지장암 목조여래좌상 및 복장유물 일괄
12655,기장 지장암 칠성도
12656,임영대군이구묘역및사당
12657,임인증광별시방목
12658,고란사
12659,고창향교 대성전
12660,장성 만곡사
12661,경주근계리입불상
12662,지장암 칠성도
12663,백자철화운룡문호
12664,의정부2동성당
12665,홍천향교
12666,조웅 선무원종공신녹권
12667,사자루
12668,장성 기영정
12669,거제포로수용소
12670,대불정여래밀인수증요의제보살만행수능엄경
12671,범어사 영탱
12672,구서이면사무소
12673,횡성향교
12674,옥천 지재
12675,수북정
12676,장성 관수정
12677,도잠서원
12678,거창 성기성
12679,선가귀감(2025)
12680,범어사 현감당 묘전대사 진영
12681,정선향교
12682,청주 이강영당
12683,영일루
12684,장성 진원리 오층석탑
12685,유후재및옥비
12686,합천 광암정
12687,범어사 석조
12688,양평공한계순묘역
12689,화천향교
12690,칠산서원
12691,태고정
12692,신녕향교대성전
12693,합천 송호서원
12694,연등사 석조지장보살좌상
12695,죽산안씨연창위종가
12696,인제향교
12697,팔각정
12698,무주향교 대성전
12699,장성 수산리 오층석탑
12700,영천공덕동삼층석탑
12701,합천 사의정
12702,범어사 나한전 석가모니불회도
12703,고양흥국사목조아미타여래좌상
12704,간성향교
12705,동남리석탑
12706,용성관석물
12707,은해사거조암삼층석탑
12708,합천 화수당
12709,범어사 나한전 십육나한도
12710,신빈신씨묘역
12711,양양향교
12712,박물관석탑
12713,신잠비
12714,합천 역평리 송씨종가
12715,범어사 팔상전 석가모니불회도
12716,임은이민곤영정
12717,방동리고구려고분
12718,박물관석조여래입상
12719,자인향교
12720,진주 마진리 이씨고가
12721,미륵사 불설대보부모은중경
12722,익원공김사형묘역
12723,삼척소공대비
12724,창강서원
12725,무장향교대성전
12726,완도향교
12727,하양향교
12728,진주 청원리 이씨고가
12729,조행일록
12730,안성죽리석조여래입상
12731,삼척신흥사설선당및심검당
12732,백화정
12733,흥덕향교대성전
12734,완도 청산도 석조보살좌상
12735,십사의사록판목
12736,창녕 부곡리 이씨고가
12737,죽천이공행적록
12738,권상묘역
12739,양구공수리지석묘군
12740,군창지
12741,어사각
12742,완도객사
12743,청도척화비
12744,창녕 영산 신씨고가1
12745,청량사 예념미타도량참법 권6~10
12746,쌍계사아미타회상도
12747,양구고대리2지구지석묘군
12748,나한전
12749,금골산마애여래좌상
12750,벽송정
12751,밀양단장면허씨고가
12752,고불사 권수정혜결사문
12753,용덕사석조여래입상
12754,황일호의묘
12755,고홍건신도비
12756,지도향교
12757,도연재
12758,밀양다죽리손씨고가
12759,회명사 묘법연화경 권1
12760,남양풍화당
12761,김거익의묘
12762,장성 진원성
12763,성풍세효자비
12764,밀양퇴로리이씨고가
12765,박주부 초상
12766,서계박세당묘역
12767,금구향교대성전
12768,밀양청운리안씨고가
12769,현수제승법수
12770,구정남재묘역
12771,고성화암사
12772,의열사
12773,만경향교대성전
12774,월전리입석
12775,법어
12776,능원대군이보묘역
12777,속초신흥사부도군
12778,삼충사
12779,구산리입석
12780,연계당및연계소영건일록
12781,고성장산리허씨고가
12782,법집별행록절요병입사기
12783,대은변안렬묘역
12784,양양명주사부도군
12785,도강영당
12786,자천대
12787,읍리지석묘
12788,심원사삼층석탑
12789,사천환덕리조씨고가
12790,후원한담도
12791,의정부회룡사석조
12792,인제 갑둔리 오층석탑 및 주변탑재 일
12793,선조대왕태실비
12794,윤영채가옥
12795,신안안좌방월리지석묘군
12796,사양서당강당
12797,산청남사리최씨고가
12798,백의관음보살도
12799,의정부회룡사신중도
12800,원천군변수영정
12801,가교비
12802,노동환가옥
12803,금오산성지
12804,지례향교대성전
12805,산청남사리이씨고가
12806,불조삼경
12807,양평상원사철조여래좌상
12808,양양서림사지석조비로자나불좌상
12809,조신의묘
12810,정상윤가옥
12811,장성 칠현 유적지
12812,개령향교대성전
12813,산청단계리박씨고가
12814,육경합부
12815,죽정최유경묘역
12816,양양서림사지삼층석탑
12817,유경종묘내의유물
12818,덕산사
12819,청암사대웅전
12820,산청단계리권씨고가
12821,나전대모쌍룡문함
12822,추연우성전묘역(우하영묘역포함)
12823,삼척역둔리철비(부사이규헌영세불망비및금
12824,동사리석탑
12825,조해영가옥
12826,용강서원
12827,청암사다층석탑
12828,함양우명리정씨고가
12829,고봉화상선요
12830,사재김정국묘역
12831,원주부흥사지석탑재
12832,금당사석탑
12833,해망서원
12834,김천 서부리 삼층석탑
12835,거창 동호리 이씨고가
12836,석조석가여래삼존상
12837,삼척산양서원묘정비
12838,천황사부도
12839,합천 동산재
12840,불설북두칠성연명경
12841,가평현등사지장십왕도
12842,원주 평장리 석조불두
12843,상이암부도
12844,여수향교
12845,창원 관술정
12846,삼세불도
12847,가평현등사칠성탱화도
12848,춘천김정묘역문인석
12849,문헌서원
12850,선운사도솔암내원궁
12851,동복향교
12852,갑장사 삼층석탑
12853,김해 산해정
12854,반송 삼절사 고문서 일괄
12855,가평현등사독성도
12856,태백 본적사지 삼층석탑
12857,상원사대웅전
12858,영암향교
12859,상주 신봉리 석조보살입상
12860,거창 김숙자 사당
12861,칠성여래도
12862,구대부면사무소
12863,속초노학동삼층석탑
12864,이색신도비
12865,장포리어필각
12866,진도향교
12867,상주 낙상동 폐탑
12868,주자영정
12869,대불정여래밀인수증요의제보살만행수능엄경
12870,원호원두표묘역
12871,평창대하리전통가옥
12872,지현리삼층석탑
12873,망해사낙서전
12874,장성 금성나씨 삼강문
12875,상주 무곡리 삼층석탑
12876,합천 청금정 ∙충현사
12877,계초심학인문
12878,죽서원몽린묘역
12879,강릉산계리금옥계방역사적비및종선비
12880,수암리삼층석탑
12881,자락정
12882,수성당
12883,상주 무양동 석조귀부
12884,합천 뇌룡정
12885,아미타여래회도
12886,용재성현묘역
12887,삼척박걸남묘역
12888,봉남리삼층석탑
12889,광제정
12890,죽수서원
12891,병암고택(사랑채)
12892,밀양 의첨재
12893,쌍학흉배
12894,안성법계사신중도
12895,춘천한백록묘역및정문
12896,지석리삼층석탑
12897,구암정
12898,보산정사
12899,금돌성
12900,의령 덕곡서원
12901,삼광사 경장
12902,안성법계사화장찰해도
12903,어은정
12904,나주목사내아
12905,문경향교대성전
12906,창원 경행재
12907,영월 보덕사 해우소
12908,대혜보각선사서(2025)
12909,여주신륵사삼층석탑
12910,양구해안선사유적
12911,비인읍성
12912,송정
12913,보성계산리삼층석탑
12914,환적당지경탑
12915,하동 경천묘
12916,마하사 조왕도
12917,여주신륵사원구형석조부도
12918,오대산중대불량문
12919,한산읍성
12920,영광정
12921,보성봉능리석조인왕상
12922,함허당득통탑
12923,하동 금남사
12924,범어사 청련암 석조여래좌상
12925,양주회암사지공선사부도비
12926,오대산중대불량계원수복문
12927,유계신도비및남원윤씨절행정판
12928,영은사석불좌상
12929,봉암사석종형부도
12930,산청 신계서원 제기
12931,풍산군이종린묘역
12932,강릉최씨동원군종택
12933,금산교회
12934,취송정
12935,문경관음리석불입상
12936,합천 청계서원
12937,평정공윤호신도비
12938,속초매곡오윤환선생생가
12939,오천향교대성전
12940,양요정
12941,목포진지
12942,미산고택
12943,합천 소학당
12944,포천안동김씨고가터
12945,원주 원충갑묘역
12946,화암서원
12947,목포오포대
12948,예천향교
12949,합천 덕원서원
12950,파주읍내리석조여래입상
12951,강릉용연사 석탑
12952,보령리오층석탑
12953,백운암석불입상
12954,영암신연리고분군
12955,신천서원
12956,진주 청곡사 업경전
12957,고양북한산서암사지
12958,동해용산서원전적류일괄
12959,성주사지석계단
12960,흥동장학당
12961,영암옥야리고분군
12962,노봉서원
12963,창녕 관룡사 원음각
12964,평택 서천사석조여래좌상
12965,강릉 용연사 석조 관음보살좌상
12966,용암영당
12967,옥산서원
12968,순천 향약재
12969,미산학사
12970,밀양 표충사 팔상전
12971,박유명초상모본
12972,강릉 청학사 소장 청동불입상
12973,수현사
12974,주천서원
12975,영산김씨세장비
12976,약포사당
12977,밀양 표충사 만일루
12978,임연초상
12979,강릉 청학사 소장 청동보살입상
12980,광성부원군 사우
12981,미륵사지석등하대석
12982,진도읍성
12983,밀양 표충사 명부전
12984,파주 검단사 목조관음보살좌상
12985,삼척고천리석불좌상
12986,송광사벽암당부도
12987,장흥회령진성
12988,흑응산성
12989,양산 통도사 장경각
12990,용인법륜사삼층석탑
12991,삼척임원리석불입상
12992,최고운유적
12993,천고사석불좌상
12994,시서영정
12995,예천와룡동석조여래입상
12996,통영 안정사 만세루
12997,수원 청련암 아미타회상도
12998,원주고판화박물관소장만연사중간진언집
12999,보령성곽
13000,노적봉마애여래좌상
13001,이천우영정및이응도목판·공신회맹축목판
13002,동악사석조비로자나불좌상
13003,고성 옥천사 명부전
13004,수원 청련암 신중도
13005,원주고판화박물관소장불정심다라니경
13006,계봉사오층석탑
13007,흥학당
13008,예천향석리석조여래좌상
13009,고성 운흥사 영산전
13010,수원 청련암 독성도
13011,원주고판화박물관소장예념미타도량참법
13012,청양삼층석탑
13013,소자파묘비
13014,무안발산마을미륵당산
13015,영주읍내리석조여래좌상
13016,사천 다솔사 극락전
13017,수원 청련암 산신도
13018,동해 신재공 심동로 신도비
13019,최락당
13020,영암문창집가옥
13021,봉산리사
13022,사천 다솔사 응진전
13023,수원 청련암 칠성도
13024,동해 삼화사 소장『갑사본 천지명양수륙
13025,가덕사석조여래입상
13026,함평이규행가옥
13027,장암정
13028,남해 용문사 천왕각
13029,화성 용주사 목조불패
13030,속초 신흥사 칠성도
13031,정혜사
13032,극락암목조여래좌상
13033,청간당
13034,남해 용문사 명부전
13035,화성 용주사 목조소대
13036,강릉 청학사 소장 석불좌상ㆍ광배 및 
13037,모덕사
13038,심곡사목조삼존불좌상
13039,무진장재
13040,남해 화방사 채진루
13041,광명 금오계첩
13042,강릉 보현사 소조보살좌상
13043,유의각
13044,청도리삼층석탑
13045,하동 쌍계사 설선당
13046,광명 이원익 유묵목판 인출본
13047,양양 기구회첩
13048,표절사
13049,남천사
13050,주암댐지석묘군
13051,구만서원
13052,합천 해인사 봉황문
13053,광명 오리선생집·오리선생속집
13054,강릉 오죽헌ㆍ박물관 소장 임영족회첩
13055,풍양사
13056,고흥서동사
13057,몽화각
13058,거창 삼우당
13059,여주 신륵사 청동시루
13060,강릉 오죽헌ㆍ박물관 소장 미타계첩
13061,두릉산성(두릉이성)
13062,관서당남성재
13063,수도암무루전
13064,이오당
13065,현산정
13066,고양 경주김씨의정공파 영사정
13067,영월 보덕사 석조여래좌상(寧越 報德寺
13068,서강사
13069,선암사마애여래입상
13070,축서사삼층석탑
13071,가평 대원사 석조비로자나불좌상
13072,평창 월정사 밀부
13073,백산서원
13074,나주최석기가옥
13075,축서사석등
13076,우리절 5층석탑
13077,평창 오대산사고등록
13078,광경사지삼층석탑
13079,지선당
13080,영산사소장문서일괄
13081,울진향교 대성전
13082,밀양 추원재
13083,우리절 석조부도 2기
13084,원주 구룡사 아미타설법도
13085,대교리석불입상
13086,백산서원
13087,열무정및사포계문서일괄
13088,평해향교 대성전
13089,고성 소천정
13090,양주 석굴암 석조불좌상
13091,원주 구룡사 금고
13092,광경사지석불좌상
13093,분양서원
13094,장흥 무계고택
13095,밀양 교동 손씨고가
13096,양주 석굴암 석조지장보살좌상
13097,태백 유일사 소장 지장보살도 초본
13098,"용봉사지석조(마애,석구,석조)"
13099,덕천사
13100,불영사 부도
13101,고성송계리이씨고가
13102,석조나한상
13103,남양주 봉선사 목조불좌상
13104,대원군척화비
13105,송양사
13106,우수영전진도첩
13107,완정고택
13108,산청대포리민씨고가
13109,남양주 봉선사 칠성도
13110,춘천 보타사 소장 목조관음보살좌상과 
13111,성삼문선생유허비
13112,무진정
13113,장성 가산사 소장 익재 영정
13114,산청소남리권씨고가
13115,남양주 봉선사 독성도
13116,경락첩
13117,홍가신청난비
13118,퇴수정
13119,이훈동정원
13120,산청소남리조씨고가
13121,통진 이청
13122,홍주성수성비
13123,사계정사
13124,불갑사만세루
13125,수재정
13126,창원 어사옥비
13127,여주 신륵사 삼화상진영
13128,김좌진장군비
13129,오괴정
13130,영류재
13131,성산서당
13132,양평 대성사 아미타불회도
13133,용봉사부도
13134,충신이흥발지려
13135,영파정
13136,합천 덕암정사
13137,평택 약사사 석조지장보살좌상
13138,속초 신흥사 청동시루
13139,김복한묘
13140,언양김씨삼강정려
13141,동백정
13142,양산 안적암 동종
13143,고양 백자음각 황사경 묘지
13144,평창 상원사 목조문수보살좌상 복장유물
13145,양대박부자충의문
13146,태안사삼층석탑
13147,청계정
13148,송준길 등 서첩
13149,철원 이호민 선정비
13150,절렬양정씨지려
13151,미륵사석불
13152,영양신원동백자도요지
13153,하동 경현사
13154,파주 검단사 검단조사진영
13155,삼척부 관청문서
13156,고려직제학양수생처열부이씨려
13157,영양화매동백자도요지
13158,합천 농산정
13159,가평 현등사 지장시왕도
13160,속초 보광사 현왕도
13161,향천사천불전
13162,어래산성
13163,만휴정
13164,합천 주필각 ∙ 월화당
13165,부계팔경도
13166,평창 월정사 삼전패
13167,향천사구층석탑
13168,비홍산성
13169,서동사대웅전
13170,명옥대
13171,허전 철명편 목판
13172,부계전도
13173,평창 오대산 중대 소종
13174,예산읍삼층석탑
13175,용계산성
13176,금성토평비
13177,백운정
13178,밀양 교동 손대식 고가
13179,의왕청계사 조정숙공사당기비
13180,강릉 보현사 부도군
13181,장복리삼층석탑
13182,함평척화비
13183,운곡서당
13184,영조어필벼루
13185,양양 휴휴암 소장 개간비밀교
13186,대련사원통보전
13187,서산산성
13188,선암사각황전
13189,진주 대천리 입석
13190,대혜보각선사서
13191,양양 휴휴암 소장 불설대보부모은중경
13192,대련사삼층석탑
13193,전동성당사제관
13194,승주조승훈가옥
13195,체화당(178-1)
13196,고성 최필간고택
13197,창석사당(178-2)
13198,불법총론
13199,양양 휴휴암 소장 지장보살본원경
13200,향천사부도
13201,두동교회구본당
13202,장성 청류암 관음전
13203,옥연사
13204,진주 두문리 이정표석
13205,고양 대성암 육경합부
13206,"삼척향교 석물 일괄(관수대, 하마비,"
13207,간량리당간지주
13208,천주교신성공소
13209,담양김선기가옥
13210,청송추현동박씨효자각
13211,진주 냉정리 이정표석
13212,용인 행복선원 묘법연화경 권1∼7
13213,정선 용탄리 석탑
13214,수덕사칠층석탑
13215,문수사석조승상
13216,영암 정원명 석비
13217,백호서당
13218,함안 칠원향교
13219,포천 화봉사 신중탱화
13220,정선 정암사 수마노탑 중수비
13221,상가리미륵불
13222,암치리선각석불좌상
13223,구례죽마리지석묘군
13224,함안 오비각
13225,안성 봉덕사 나반존자도
13226,보덕사석등
13227,용화사미륵불상
13228,고흥남휘루
13229,창녕 열효신씨 정려비
13230,삼척 감로사 원당도
13231,예념미타도량참법
13232,석곡리석탑
13233,석산리마애여래좌상
13234,고흥상림리삼층석탑
13235,인동입석
13236,밀양 교동 손병순 고가
13237,여주 장흥리 변씨 고택
13238,석곡리미륵불
13239,발산리육각부도
13240,고흥신호리석주
13241,밀양 교동 손병준 고가
13242,묘법연화경 권5~7
13243,이의배신도비
13244,안심사부도군
13245,해남민정기가옥
13246,밀양 교동 손정식 고가
13247,양주 청련사 아미타불회도
13248,옥천사 소장 범종
13249,강진사문안석조상
13250,오봉종택
13251,양산 우불산 신사
13252,용인향교
13253,김정희묘
13254,안국사 소장 범종
13255,연동사지지장보살입상
13256,구강서원
13257,하동 정기룡 유허지
13258,선청선생첩
13259,월성위김한신묘
13260,훈몽재 유지
13261,영암채지리매향비
13262,양산 우규동 별서
13263,분청사기 상준
13264,덕산온천지구유
13265,고창 화동서원 정모재
13266,영광도동리홍교
13267,함안 악양루
13268,백자청화 모란문 대발
13269,남연군비
13270,군산 지장암 소조관음보살좌상
13271,영광도동리석장승
13272,금릉신안동석불입상
13273,거창 오례사
13274,안성 영평사 독성도 및 초본
13275,수덕사유물(거문고)
13276,고창 선운사 석상암 칠성도
13277,담양유종헌가옥
13278,관산지관
13279,합천 대목리 심씨고가
13280,양평 불곡리 석조여래입상
13281,일락사대웅전
13282,석남역사
13283,신안흑산진리무심사지삼층석탑과석등
13284,의령 안희제 생가
13285,양주 청련사 석조여래좌상 및 복장물
13286,개심사명부전
13287,순교약력과 종리원사 부동학사
13288,신안흑산진리지석묘군
13289,낙암정
13290,밀양 자암서당
13291,양주 청련사 소조독성좌상 및 복장물
13292,부석사
13293,군산 염불사 소조여래좌상
13294,나주흥덕리석실분
13295,영양 가산고택
13296,밀양 박양춘 여표비각
13297,양주 청련사 시왕도 및 사자도
13298,수류성당지
13299,장흥탑산사지석등
13300,영양가천정
13301,산청 이동서당
13302,안성 봉덕사 신중도
13303,정읍 약수암 소조관음보살좌상
13304,고흥도천리지석묘군
13305,진주 부사정
13306,수원 항미정
13307,임실 이문원 고택
13308,영암구림대동계문서
13309,산청 대포서원
13310,묘법연화경 권 5~7
13311,부성사
13312,태인 방각본
13313,산청 송계재
13314,시흥 진덕사 석조약사여래좌상
13315,일락사삼층석탑
13316,남원 선원사 현왕도
13317,담양연동사지3층석탑
13318,사창서당
13319,합천 용연사
13320,남양주 견성암 독성도
13321,남문리오층석탑
13322,익산 대인사 준제관음보살도
13323,영광임진수성록
13324,봉강재
13325,합천 옥전서원
13326,남양주 견성암 신중도
13327,천장사칠층석탑
13328,부안 내소사 지장암 목조여래좌상
13329,여수호좌수영수성창설사적비
13330,함안 칠원산성
13331,안산 쌍계사 신중도
13332,석남동석불입상
13333,진묵조사유적고
13334,여수절도사안숙사적비
13335,보문사극락전
13336,남양주 견성암 석조약사여래좌상
13337,읍내리귀부석
13338,삼강강당
13339,포은선생문집
13340,성암서원
13341,영광불갑사고적급위시답병록
13342,영일 기천고택
13343,묘법연화경 권 1~3
13344,정충신사당(진충사)
13345,보성죽천선생문집및유묵목판
13346,창원 덕천리 유적
13347,송곡서원
13348,강진월남리마애여래불두상
13349,고성 법천사지 승탑군
13350,장성 봉정사 석조여래입상
13351,풍양조씨 족보 판목 및 보각
13352,고성 육영재
13353,일락사범종
13354,영덕만괴헌
13355,함양 송호서원
13356,정충신묘
13357,영암축성암목조나반존자상
13358,영덕수정재
13359,합천 강양향교
13360,백암사지
13361,광양무등암목조대세지보살좌상
13362,백화산성
13363,나주천동서원묘정비
13364,망호리남씨영모사
13365,완도신흥사목조약사여래좌상
13366,삼한벽공도대장군 목상
13367,순천선암사측간
13368,삼중대광사도광리군 목상
13369,진도남동리쌍운교및단운교
13370,밀양 오연정
13371,영탑사칠층석탑
13372,진도정유재란순절묘역
13373,밀양 반계정
13374,채운포석교비
13375,고흥신호리동호덕고분
13376,안산영당
13377,함안 광심정
13378,고흥야막리야막고분
13379,창녕 척화비
13380,영탑사범종
13381,나주동곡리고분군
13382,풍산류씨재사
13383,고성 이암·이교 유허비
13384,나주장동리고분
13385,화산서당
13386,하동 악양정
13387,영랑사범종
13388,담양성월리월전고분
13389,모고재
13390,합천 관수정
13391,담양창평리고분
13392,낙봉서원
13393,진주 홍의 묘역
13394,담양황금리금구동고분
13395,영풍두월리약사여래석불
13396,진주 광제서원
13397,담양중옥리중옥고분
13398,장기척화비
13399,함안 어연 묘역
13400,무안고절리고분
13401,창원 주남돌다리
13402,영암금지리본촌고분군
13403,조령산불됴심표석
13404,창원 제말 묘
13405,온천리석불
13406,영암남산리마봉고분
13407,황장산봉산표석
13408,영괴대
13409,장성 영천리 고분
13410,김천과하천
13411,밀양 금시당 백곡재
13412,신정비
13413,장성 유평리 부귀동 고분
13414,고령향교
13415,밀양 남계서원
13416,이충무공사적비
13417,함평진양리화동고분군
13418,함계정사
13419,하동 모한재
13420,세심사다층탑
13421,함평대덕리고양고분군
13422,거창 성암사
13423,관음사석탑
13424,해남용일리용운고분군
13425,원모재
13426,거창 반구헌
13427,관음사석조여래불상
13428,해남방산리독수리봉고분군
13429,금광리장씨고택
13430,합천 벽한정
13431,영인신현리미륵불
13432,해남내동리밭섬고분군
13433,영귀정
13434,사천 경백사
13435,인취사석탑
13436,화순관영리고분
13437,밀양 박연정
13438,신창척화비
13439,영암고반재및소장고문서일괄
13440,"창녕 남휘, 정선공주 묘역"
13441,김육비
13442,무안식영정
13443,창애정
13444,남해 난곡사
13445,삼도해운판관비
13446,고흥소록도자혜의원본관
13447,북장사 삼층석탑
13448,"산청 용강정사,임리정"
13449,산청 용강정사
13450,산청 임리정
13451,영인오층석탑
13452,여수 손죽도이대원사당
13453,함양 정여창 사당비
13454,영인석불
13455,여수이량장군방왜축제비
13456,함양 열녀 밀양박씨 정려비
13457,장성 김인후 난산비
13458,추성원효행상서문
13459,봉곡사불화
13460,장성 이진환 가옥 사랑채［야은재］
13461,순흥척화비
13462,의령 남극인 소장 천문학 관련 문헌자
13463,화순대리석불입상
13464,영풍월호리마애석불좌상
13465,산청 정취암 산신탱
13466,신창학성
13467,곡성도동묘안향영정
13468,산청 우계당
13469,해남대흥사북미륵암동삼층석탑
13470,묵헌종택
13471,하동청룡리석불좌상
13472,광덕사 대웅전
13473,해남대흥사만일암지오층석탑
13474,창녕보림사지삼층석탑
13475,광덕사 천불전
13476,영암이우당
13477,덕양서원
13478,성안의 초상
13479,장흥묵촌리의동백림
13480,오일도생가
13481,창녕 부용정
13482,영광묘장영당
13483,사덕정
13484,창녕 구니서당
13485,만일사 법당
13486,함평이재혁가옥
13487,제남헌
13488,창녕 진만석 영세불망비
13489,함평이건풍가옥
13490,기림사진남루
13491,거창 원천정
13492,광덕사 석사자
13493,장흥덕암리암각매향명
13494,기림사약사전
13495,거창 서간소루
13496,광덕사부도
13497,무안유산정유적비
13498,두릉서당
13499,거창 용암정
13500,만일사 오층석탑
13501,신안도초고란리석장승
13502,숭덕전
13503,의령 태암서원
13504,만일사마애불
13505,곡성전화장사지석불좌상
13506,숭신전
13507,의령 수도사 석탑 및 승탑군
13508,만일사 석불좌상
13509,화순운주사거북바위오층석탑
13510,숭혜전
13511,밀양 신남서원 경보당
13512,화순운주사수직문칠층석탑
13513,밀양 탁삼재
13514,여수 흥국사팔상전
13515,반구정재사
13516,이방중묘출토명기및지석
13517,순천코잇선교사가옥
13518,두릉구택
13519,합천 도천재
13520,담양송진우고택
13521,함벽당
13522,도촌조응인선생유서
13523,박문수묘
13524,손종로정충비각
13525,함안 박한주 여표비
13526,광양다압섬진진터석비좌대
13527,반송재고택
13528,김해 망월석탑
13529,성거산성
13530,광양진월신아리보루
13531,비안향교
13532,김명윤유품쌍검
13533,강진덕호사소장고문서
13534,함양척화비
13535,영광남극재소장고문서
13536,낙금당
13537,함양 하경순 포선불망비
13538,나주기오정
13539,월정리침류정
13540,남해척화비
13541,담양호국사목조아미타여래좌상
13542,창원 성주사 동종
13543,강진선장리창녕조씨고문서일괄
13544,함양 금대암 동종
13545,강진 여택정
13546,함양 금대암 신중도
13547,장흥탑산사지금동여래입상
13548,진주 이현동 삼층석탑
13549,무안화설당
13550,진주 상평동 석조여래입상
13551,보령경찰서망루
13552,장흥백산재
13553,금곡재
13554,밀양 만운재
13555,영광이란묘비
13556,거제 장문포 왜성
13557,개태사오층석탑
13558,지족당
13559,사천선진리성
13560,개태사지석조
13561,신안 우이도 유암총서와 운곡잡저
13562,창원 안골왜성
13563,논산수락리마애불
13564,구례 외산리 하연유적비
13565,양산 증산리 왜성
13566,외성산성
13567,화순 만연사 선정암 목조 관음보살좌상
13568,영주상망동석불좌상
13569,남해금산영응기적비대한중흥공덕축성비
13570,논산신기리지석묘
13571,영광 침류정
13572,대은종택
13573,영의정하연부부영정
13574,방기옥가옥
13575,보성 죽곡정사
13576,고령대평리분청사기요지
13577,유봉영당
13578,보성 송간 신도비와 영보재
13579,구강재
13580,함안 배상엽 관련 고문서
13581,덕산사
13582,곡성 오강사 최익현 초상
13583,봉두리영모재
13584,밀양 효자 이신 정려비
13585,이억장군 정려
13586,해남 노송사 소장 고문서
13587,백룡사석조여래좌상
13588,박세항공신록권및상서문
13589,충헌공윤전사우
13590,영광 송촌사 유허비와 고문서
13591,봉화운계리폐탑
13592,창원 성요셉 성당
13593,조익선생묘
13594,영광 단주리 석탑
13595,밀양 죽원재사
13596,정대영 가옥
13597,함평 자형정
13598,유우당
13599,밀양 모선정
13600,박기성가옥
13601,영암 월산사지
13602,덕암서원
13603,하동한산사탱화
13604,이한직가옥
13605,함평 보림정사 목조여래좌상
13606,백인당
13607,양산 백운암 지장보살탱
13608,장흥 김응원 각왜비
13609,청암사보광전
13610,고성운흥사명부전 목조지장보살권속상
13611,고령박씨종중재실
13612,고흥 김붕만 선무원종공신녹권과 신위단
13613,금릉태화리석조보살입상
13614,고성 운흥사 원패
13615,민익현가옥
13616,영암 만취재 소장 고문서
13617,산청읍청정
13618,신경섭가옥
13619,장흥 해동사
13620,산청 신안정사
13621,임수택가옥
13622,나주 송재사 나세찬 유묵 목판
13623,풍호정주사
13624,고성 박진사 고가
13625,고흥 죽산재
13626,존재종택및명서암.우헌정
13627,고성 소산정사
13628,김집선생사당
13629,나주 영천사 목조아미타여래좌상
13630,양산지산리부부상
13631,김집교지
13632,여수 오충사와 이순신 자당 기거지
13633,주륵사폐탑
13634,청주한씨판서공파고문서
13635,김집선생묘
13636,곡성 설산산성
13637,전모례가정
13638,통영 용화사 현왕도
13639,전씨시조단소 및 재실
13640,나주 이광선 선무원종공신녹권과 고문서
13641,구산서당주사
13642,밀양 용안서원
13643,한음선생영정
13644,보성 용연정사
13645,양산 통도사 동치8년명 신중도
13646,파평윤씨재실
13647,해남 광보사 육경합부
13648,동암서당
13649,양산 통도사 광서19년명 신중도
13650,숭의사
13651,구례 개성왕씨 소장 정유재란 의병 현
13652,울진 소광리 황장봉계 표석
13653,양산 통도사 광서16년명 신중도
13654,귀암사
13655,장흥 벽사역찰방 기념비군
13656,경주기림사소장유물
13657,양산 통도사 동치3년명 신중도
13658,장흥 도호부사 기념비군
13659,충절사·상의재
13660,합천 용암서원 묘정비
13661,율리사
13662,완도 오석균 편지
13663,백암재사
13664,양산 통도사 광무3년명 지장시왕탱
13665,편무성가옥
13666,의성장춘리비로자나석불좌상
13667,산청 용산서당
13668,덕림병사
13669,의성내산리석불좌상
13670,거창 영빈서원
13671,결성동헌
13672,사암재
13673,증형조판서김준민신도비및신도비각
13674,모선재
13675,진주향안
13676,모원재
13677,금호서원
13678,양금신보
13679,청도대운암목조관음보살좌상및복장유물
13680,진주강씨 고문서
13681,울진 내성행상 불망비
13682,상주주씨 어은공파 고문서
13683,창녕성씨종중문서
13684,금릉옥률리석조아미타여래입상
13685,진주 벽오당 현판
13686,경주안심리암각화
13687,양산 통도사 아미타후불흑탱
13688,양산 통도사 가경19년명 아미타후불탱
13689,양산 통도사 성상22년명 아미타후불탱
13690,양산 통도사 광서무인명 아미타후불탱
13691,덕봉정사
13692,용담임흘관련고전적
13693,온양어의정
13694,도리사목조아미타여래좌상
13695,태안승언리상여
13696,첨모당
13697,양산 통도사 사명암 감로탱
13698,염선재
13699,돈수재
13700,통도사함풍7년현왕탱
13701,양산 통도사 함풍7년명 현왕탱
13702,양산 통도사 동치3년명 현왕탱
13703,대천왕대사마애불
13704,용담사금정암화엄강당
13705,양산 통도사 백련암 석가모니후불탱
13706,홍진도선생영정
13707,거창 심우사 삼장보살탱
13708,강민첨장군묘
13709,양산 성전암 문적
13710,이지함선생묘
13711,영덕 농아당 종택
13712,합천 구평윤씨 신도비
13713,공주숙종대왕태실비
13714,합천 회계서당
13715,윤시영선생홍양일기
13716,광풍정
13717,합천 구산서당
13718,봉곡사대웅전및고방
13719,합천 영사재
13720,남천고택
13721,산청 상산김씨 고문서
13722,권성선생영정
13723,거제세진암목조여래삼존불좌상
13724,탑선리석탑
13725,함양 용추사 고승 진영
13726,함양 용추사 무학대사 진영
13727,함양 용추사 송운대사 진영
13728,함양 용추사 청허대사 영정
13729,함양 용추사 각연대사 진영
13730,아인리석탑
13731,장기향교
13732,진주 송정종택 목판
13733,연산송정리마애삼존불
13734,청하향교
13735,산청 이사재
13736,익안대군영정
13737,경주단고사강당
13738,진주 비봉루
13739,당진한갑동가옥
13740,인금리월오헌고택
13741,조익선생일괄유물
13742,합천해인사존상도(전세조대왕진영)
13743,미륵당석조미륵입상
13744,길재 야은선생언행습유
13745,외암선생문집판각
13746,선산 삼강정려
13747,남해망운암석조보살좌상
13748,영주동반구정
13749,남해망운암건륭을사명동종
13750,금산 천내리 고인돌
13751,창녕 관산서당
13752,금산용화리고인돌
13753,상주향청
13754,김해칠산재강당
13755,금산 대원정사
13756,일수이원구저술및관련문서
13757,이심원충신정려현판
13758,해와고택
13759,증도가
13760,복한효자비
13761,경상대학교소장호구단자·준호구철
13762,홍성임득의장군묘
13763,경상대학교소장청주한씨고문서
13764,민입암집판각
13765,만곡정사
13766,정용균 효행문서 및 정려비
13767,운문사내원암석조아미타불좌상
13768,양산내원사석조보살좌상
13769,안동석탑리방단형적석탑
13770,함양 풍천노씨대종가
13771,운암공부조묘
13772,진주 대각서원
13773,경주유연정
13774,진주 은헌고택
13775,경은 이맹전 유허비 및 묘비
13776,거창 모현정
13777,순흥향교
13778,남해 용문사 건양2년명 석가설법도
13779,진주 담산고택 창주집 목판
13780,홍대용선생생가지
13781,옥소권섭영정
13782,진주단목리담산고택소장관포시집
13783,충헌공윤전재실
13784,박효근효행관련고문서
13785,신임일기
13786,예천승본동석불입상
13787,남해용문사소장문헌
13788,서산숭덕사
13789,법계서실
13790,남해용문사삼장보살탱
13791,김한종의사생가지
13792,김갑동가옥
13793,남해 용문사 건양2년명 신중탱
13794,홍성연산서씨석보
13795,창녕 영산 신씨고가2
13796,천안노은정
13797,흑석사마애삼존불상
13798,창녕 석리 성씨고가
13799,천안장산리석불입상
13800,함양 하륜 부조묘
13801,밀양 경덕단
13802,개심사심검당
13803,강파헌정침
13804,밀양 조광익 효자 정려각
13805,파평윤씨덕포공재실
13806,고령대평리석조여래입상
13807,진주옥봉경로당
13808,홍성장곡산성
13809,영주수도리김위진가옥
13810,함양 노참판댁 고가
13811,홍성구절암마애불
13812,영주수도리김규진가옥
13813,함양개평리하동정씨고가
13814,영주수도리김정규가옥
13815,합천 춘우정
13816,김임신도비
13817,영주수도리박덕우가옥
13818,의령 수도사 칠성탱
13819,흑성산성
13820,영주수도리박천립가옥
13821,통도사취운암지장시왕탱
13822,당진포진성
13823,문경녹문리고병숙가옥
13824,거창연안이씨호구단자와준호구
13825,돈암서원 원정비
13826,성주백운리마애여래입상
13827,창녕 물계서원 원정비
13828,논산영모재
13829,강진 화방사 나한상 일괄
13830,은해사 극락보전
13831,창녕 동산서당 광산노씨세보
13832,홍산태봉산성
13833,포항 수원김씨 남계공파 종중 문적
13834,창녕 동산서당 한강연원록
13835,부여천진전단군화상
13836,칠인정
13837,창녕 동산서당 목판
13838,부여계성군영정
13839,창녕 동산서당 강당
13840,거창영은고택
13841,보령죽청리고인돌
13842,하동금성사목조보살좌상
13843,보령성주사지석불입상
13844,영천경주김씨지사공종택
13845,고성 철산정사
13846,보령백운사부도
13847,합천 북산정
13848,공주순천박씨공신록권2책
13849,합천 두산정
13850,공주영은사아미타후불탱화
13851,의성소계당
13852,창녕 소곡서당
13853,공주영은사칠성탱화
13854,의성서계당
13855,남해용문사동종
13856,연산영사재
13857,영덕 괴시리 내앞댁
13858,남해용문사청동반자
13859,두마신원재
13860,영덕번호댁
13861,통영 미륵불사 석조보살좌상
13862,무량사극락전삼장보살탱
13863,정담정려비
13864,함양군자정
13865,무량사구지
13866,대봉재사
13867,함양동호정
13868,예산일산이수정
13869,성주기국정
13870,함양심원정
13871,논산영사재
13872,월성주사댁
13873,양산 통도사 극락암 석조관음보살좌상
13874,수덕사소장소조불상좌상
13875,양산 통도사 극락암 아미타후불탱
13876,개심사금동여래좌상
13877,봉화남호구택
13878,양산 통도사 극락암 가경23년명 신중
13879,천안 성불사 석조보살좌상
13880,쌍절려
13881,양산 통도사 극락암 반자
13882,부여용당리우물
13883,김천신리영천이씨정려비
13884,양산 천태정사 목조아미타여래좌상 및 
13885,논산석성수탕석교
13886,성산여씨하회댁
13887,밀양 안세환 가옥
13888,부여무량사명부전
13889,인금리심씨댁
13890,창녕 이장곤 묘도비
13891,공주이유태유허지
13892,모원당
13893,한사강대수교지
13894,논산윤황선생재실
13895,봉곡동 효열비각
13896,한사집책판
13897,영해입천정
13898,밀양 신계성 여표비
13899,천안 이귀·이시백영정
13900,영해주곡댁
13901,밀양삼랑진후조창유지비석군
13902,김종서유허지
13903,물소와서당
13904,남해용문사봉서루
13905,아산 인취사 석조 아미타삼존불상
13906,영해경주댁
13907,하동 경현당
13908,백파이상영당
13909,영해구계댁
13910,함안 능가사 칠성탱
13911,괴시리괴정
13912,함양법인사지장탱
13913,서천영수암목조보살좌상
13914,각리언곡재
13915,진주원계리밀양손씨경인보
13916,서천청절사
13917,오촌리갈암고택
13918,밀양교동밀성손씨고가
13919,태안 법정사 목조관음보살좌상
13920,안동용수사금호비
13921,진주 영모재
13922,정충사
13923,불굴사석조입불상
13924,진주 운수당
13925,아산 원천재
13926,의성중률리석불좌상
13927,김해 시례리 염수당
13928,태안 문양목생가터
13929,청도동헌
13930,산청 장수황씨 묘비 및 문인석
13931,아산 박우현가옥
13932,봉정사동종
13933,홍가신초상
13934,의성대곡사다층석탑
13935,진주장흥리숙종사제문비
13936,서천 이곡의 묘
13937,월동재
13938,남해용문사아미타여래오존탱
13939,논산 염술재
13940,안동김씨종회소
13941,남해 용문사 동치3년명 신중탱
13942,서천청덕사
13943,한산이씨대산종가
13944,남해용문사현왕탱
13945,금산 미륵사 석조
13946,전주류씨호암재사
13947,남해 용문사 건양2년명 독성탱
13948,서산 김적 및 김홍욱묘역
13949,예천읍사무소
13950,남해용문사독성탱
13951,충청수영 장교청
13952,울릉도태하리광서명각석문
13953,남해용문사산신탱
13954,충청수영 진휼청
13955,울릉도태하리임오명각석문
13956,남해 용문사 진영 일괄
13957,남해 용문사 영해당 진영
13958,남해 용문사 백월당 진영
13959,남해 용문사 삼화상 진영
13960,남해 용문사 팔화상 진영
13961,남해 용문사 칠화상 진영
13962,남해 용문사 경암당 진영
13963,부여 무량사 영산전
13964,울릉도도동리신묘명각석문
13965,거창양지리인풍정
13966,청양 평택임씨 재실
13967,영주영훈정
13968,진주 이세후 종가
13969,예산 최익현선생재실
13970,경산구연정
13971,진주단목리단지하협종택소장진양하씨무인보
13972,부여 정각사목조관음 및 세지보살좌상
13973,화재및육영루
13974,남해운대암제석신중탱
13975,서산 문수사 소조나한상 일괄
13976,봉화삼계서원
13977,남해운대암지장시왕탱
13978,부여 고란사 목조아미타여래좌상 및 보
13979,봉화봉서루
13980,남해운대암아미타후불탱
13981,홍성 고산사 삼층석탑
13982,봉화기헌고택
13983,합천 충무후 마귀 초상
13984,부산서원 고문서
13985,김천미륵암석조미륵불입상
13986,창녕 반곡고택
13987,서산 서광사 목조보살좌상
13988,청송초전댁
13989,김해장방리갈대집
13990,"안동모운사지장탱화,제석탱화"
13991,함안 윤환 묘역
13992,영식필산신도백운사본
13993,영식필 산신도 장곡사본
13994,공주 동불사 목조석가여래좌상
13995,대월재
13996,하동 수정당
13997,서천 구병희가옥
13998,영덕괴시리영감댁
13999,의령 천지사 석조여래좌상
14000,아산 송암사 석조여래입상
14001,영덕괴시리사곡댁
14002,당암강익문교지
14003,금산 신안사 칠층석탑
14004,송계실기 목판
14005,천안 각원사 소조보살좌상
14006,밀양 표충사 석조보살좌상
14007,청송오체정
14008,의령 천지사 독성도
14009,청송덕양재
14010,함양안국사목조관음보살좌상
14011,영양월잠종택
14012,밀양 표충사 대원암 조왕도
14013,성주추원당
14014,밀양 표충사 대원암 칠성도
14015,안동천전리추파고택
14016,창녕 청련사 반자
14017,안동수운정
14018,산청 인지재
14019,봉화창랑정사
14020,거창 은진임씨 정려각
14021,수다사건륭37년명동종
14022,진주 오방재
14023,안동칩와당고택
14024,밀양 혜남정
14025,상주 목가리 석조관세음보살입상
14026,의령 탐진안씨 종택
14027,상주 용산정사
14028,의령 안준상 고택
14029,의성대곡사명부전
14030,의령 안호상 고택
14031,김천개운사지장보살좌상및시왕상
14032,의령 안범준 고택
14033,영양하담고택
14034,함안 동산정
14035,산청 안곡서원
14036,의성이계당
14037,산청 진양강씨 정려각
14038,산청 박인현 고택
14039,봉화팔오헌종택
14040,창원 법성사 신중도
14041,영모당
14042,합천 마씨종택 철검
14043,안동수곡리암각화
14044,쌍충록 목판
14045,예안이씨정충·정효각
14046,밀양운주암신중탱
14047,하양부호리금호서원
14048,밀양운주암칠성탱
14049,허후·허조부자정충각
14050,창원 봉림사 석조여래좌상
14051,만취당
14052,거제혜양사완호작불화일괄
14053,영천자천교회
14054,사서석의 목판
14055,예천권씨병암정및별묘
14056,산청 사양정사
14057,예천권씨영사당종택
14058,산청 수월정
14059,함포재사
14060,밀양 곡강정
14061,동해사 석조여래입상
14062,밀양 원서리 손씨고가
14063,영양사정
14064,거창 건계정
14065,하동 대곡리 조지서 묘비
14066,영덕괴시리영은고택
14067,김해 흥부암 석조보살좌상
14068,영덕괴시리스므나골재사
14069,함양영각사산신탱
14070,성주첨경재
14071,하동 오천정씨 정려각
14072,성주만귀정
14073,하동 동매리 김씨고가
14074,성주삼봉서당
14075,거창 사병리 변씨 고가
14076,단계서당
14077,김해 월봉서당
14078,예천덕계리관물당
14079,양산 송담사 묘정비
14080,산청 인곡서당
14081,고방사 목조아미타삼존불상
14082,거창 읍선생안
14083,대전사 명부전 지장탱화
14084,거창 선산김씨 고문서
14085,김해 월봉서원 고문서
14086,대전사 주왕암 나한전 후불탱화
14087,합천 탐진세고 목판
14088,통영 법륜사 산신탱
14089,배잠사지 당간지주
14090,통영 법륜사 완호 작 불화
14091,안동 송은정
14092,김해 영구암 삼층석탑
14093,영주강동리마애보살입상
14094,함양 하륜 부조묘 소장 향로 및 향합
14095,오계서원
14096,김해 모은암 석조 아미타여래좌상
14097,단운재사
14098,밀양 미리벌민속박물관 창녕성씨 고문서
14099,태화당고택
14100,밀양 서고정사
14101,용천사부도군
14102,밀양 칠산정
14103,합천 효정각
14104,구미자비사묘법연화경
14105,합천 임강정
14106,합천 한천재
14107,문경변동식가옥
14108,합천 권집덕 묘
14109,문경 청산재
14110,의령 상로재
14111,영덕오촌리냉천고택
14112,의령 청금정
14113,영덕운산서원강당
14114,의령 임천정
14115,예천 삼수정
14116,함양 경충재
14117,영주용혈리달성서씨재사
14118,거창 사병리 변씨고가 2
14119,청송 병보재사
14120,합천 저존재
14121,영양남씨신암공파종택
14122,창녕박물관 소장 남평문씨 고문서
14123,영양 숙운정
14124,청송심씨 퇴휴당 종중 문서
14125,영양도계리조동흥가옥
14126,진주 오방재 호정집 목판
14127,예천 석문종택
14128,하동 금봉사 소장 동조 보살좌상
14129,함안 구고사 승탑
14130,울진 매화리 윤광수 가옥
14131,진주 법륜사 묘법연화경
14132,봉화금씨군위공종택
14133,봉화송월재종택
14134,남해 화방사 아미타삼존탱
14135,경주도봉서당
14136,오극성고택
14137,남해 화방사 독성탱
14138,주강정및사고종택
14139,남해 화방사 바라
14140,남해 화방사 시루
14141,의령 남군보 묘표
14142,충신문
14143,합천 정세필 묘비
14144,동산재
14145,함양 백운암 영은사지 승탑군
14146,영주휴천동마애여래좌상
14147,김해 영구암 치성광여래회도 및 초본
14148,소양서원
14149,김해 관음정사 소조보살좌상
14150,구미대원사석조여래좌상
14151,합천 해인사 고불암 동조보살좌상
14152,남해 화방사 승탑
14153,성주 용기사지 석조유물
14154,남해 화방사 원패
14155,칠곡 도덕암 나한전내 제상
14156,남해 화방사 향완
14157,남해 화방사 삼재부 목판
14158,울진 대풍헌 소장 문서
14159,하동 관어재 김중원 유물
14160,안동이로당
14161,하동 금정사 칠성탱
14162,영덕영해향교
14163,하동 운암영당 최익현 초상
14164,성주예산리배리댁
14165,사천 백천사 신중탱
14166,포항 대성사 석조관음보살좌상
14167,사천 백천사 아미타후불탱
14168,순흥도호부 유물
14169,창원 주의수 묘
14170,영천 향사당 입규 현판
14171,의령 고산재
14172,상주 관음사지 사적비
14173,의령 칠우정
14174,예천 보문사 극락보전 아미타삼존상
14175,의령 의동정
14176,상주 퇴강성당
14177,의령 운곡재
14178,봉화 도천고택
14179,의령 변형규공 시혜비각
14180,경주 주사암 영산전 석조삼존불좌상
14181,의령 충의각
14182,영주 성혈사 신중탱화
14183,의령 소강재
14184,고령 매림재소장판목
14185,창원 삼효각
14186,성주 심원사 석조유물
14187,진주 동산리 박태형가 고문서 일괄
14188,호구류
14189,청원장 및 관련고문서
14190,분재기
14191,노비매매 관련 점련문건
14192,명문류
14193,만동묘 관련 문헌
14194,인도공의소 관련서류
14195,철책류
14196,간암일기
14197,중수구동안
14198,고조고학생공실기
14199,시도기류
14200,영덕 초수재사
14201,밀양 명례성당
14202,휴휴당 부조묘
14203,합천 수암정
14204,영덕 사존재
14205,양산 법천사 묘법연화경 권1·2
14206,영주 덕산고택
14207,함안 백암사 석조여래좌상
14208,함안 충순당
14209,봉화 옥류암
14210,함안 충순당 정려각
14211,와선정
14212,진주 용산리 용산사 대웅전
14213,예천무이리청원정
14214,진주상무사
14215,영주 유연당
14216,창녕 죽림재
14217,고성 청광리 창효각
14218,상주 상락사 대웅전 목조석가여래좌상
14219,거창 망월정
14220,공북헌
14221,거창 최진사 고가
14222,영덕 오봉종택
14223,진주 담산고택
14224,영주 만간암
14225,김해 원명사 석씨원류
14226,영주 일우정
14227,김해 관음정사 천지명양수륙재의찬요
14228,김천 율수재
14229,하동 대안사 수륙무차평등재의촬요 1권
14230,성주 도형정려각
14231,진주 낙수암
14232,안동 봉황사 오방제위도 및 사직사자도
14233,산청 오의정
14234,진주 동산리 충노 최의남 정려 현판
14235,문경대승사명부전지장탱화
14236,영주 야성송씨 괴동재사
14237,함양 양희 신도비
14238,옥계종택
14239,함양 등구사 삼층석탑
14240,포항 경주이씨 익재공파 석동문중 소장
14241,합천 해인사 국일암 지장시왕도
14242,포항 김해김씨 유수공파 소동문중 소장
14243,김해 일신재
14244,안동생담정사
14245,김해 화산정사
14246,영덕 만송당
14247,진주 박세항 묘
14248,포항 덕동 여주이씨 문중 소장 고문서
14249,함안 청계서당
14250,하동 옥산서원 소장 책판 일괄
14251,김선궁 신도비 및 유허비
14252,함양 서운암 산신도
14253,경산 경흥사 소장 수미단 부재
14254,창원 오서리 구천정사
14255,영양 조검 축천단비
14256,합천 육우당
14257,영주 천운정
14258,합천 가호리 동산재
14259,상주 청간정
14260,산청 용담정사
14261,안동상봉정
14262,거창 사병리 밀양변씨고가
14263,봉화 해은구택
14264,밀양 양호당
14265,성주 사우당
14266,창녕 관음사 아미타불회도
14267,상주 천주교 신앙고백비
14268,진주 용강서당 소장 백호집 부록 책판
14269,영천 영지사 범종각
14270,경상대학교 소장 역양집 책판
14271,상주 추원재
14272,경상대학교 소장 송암집.황암집.농은집
14273,박제현 송암집 목판
14274,박제인 황암집 목판
14275,박도원 농은집 목판
14276,영주 내림리 모은정
14277,경상대학교 소장 계재집 책판
14278,영주 석포리 야일당
14279,합천 차원부 설원록 목판
14280,영주 도림서당
14281,진주 수졸재
14282,영주 금광리 만연헌
14283,이승원 무신일기
14284,영주 금광리 의관댁
14285,김만증 간찰 및 분재기
14286,영주 금광리 까치구멍집
14287,양산 광천사 현수제승법수
14288,영주 강동리 충주석씨재사
14289,양산 남강서원 소장 어정사부수권
14290,운문사 내원암 산신도
14291,양산 남강서원 소장 어정두륙천선
14292,봉화 대각사 석조석가여래좌상
14293,통영 도솔암 고봉화상선요
14294,문경 김룡사 대성암 금당
14295,창원 길상사 승가예의문
14296,문경 지취헌고택
14297,창원 길상사 선원제전집도서
14298,영덕 시암고택
14299,창원 길상사 법집별행록절요병입사기
14300,창원 길상사 법집별행록절요병입사기(용
14301,창원 길상사 법집별행록절요병입사기(운
14302,청송 송만정
14303,남해 해관암 아미타 삼존도 및 복장유
14304,영주 금광리 심원정
14305,고성 옥천사 연대암 아미타불회도
14306,영주 신천리 월춘정
14307,양산 통도사 백련암 용선접인도
14308,영주 석포리 까치구멍집
14309,여흥세고 목판
14310,상주 쾌재정
14311,김응수 교지 및 고문서 일괄
14312,상주 취은고택
14313,의령여씨 향제시도록 및 시조제단비
14314,칠곡 경수당
14315,거창 월헌고가
14316,구미 법성사 석불좌상
14317,산청 매란정사
14318,칠곡 녹봉정사지
14319,의령 미연서원
14320,안동 후산정사
14321,풍천노씨 가학십도 목판
14322,안동 낙강정
14323,노숙동 송재실기 목판
14324,안동 진성이씨 두솔원재사
14325,상곡마씨 교지
14326,문경 송죽리 개성고씨가옥
14327,밀양 정혜암 아미타불회도
14328,봉화 척곡교회 소장전적
14329,함안 생육신 조려유적
14330,양산 성전암 신중도
14331,경산 환성사 주형석조
14332,김필용 처 전주이씨 효열 천장
14333,청송향교
14334,양산 황산잔로비
14335,영천 육우당
14336,합천 청강사 승탑
14337,문경 윤필암 삼층이형석탑
14338,진주 모순 정려비
14339,문경 윤필암 삼층석탑
14340,진주 의곡사 한글 비석
14341,안동 동암사 석조여래좌상
14342,벽진이씨 여은공파 종중 고문서
14343,용궁 척화비
14344,하동 법성선원 대방광불화엄경소
14345,영양 망운정
14346,하동 법성선원 묘법연화경
14347,경주남산 지암곡 제2사지 삼층석탑
14348,하동 법성선원 대방광원각수다라요의경
14349,경주남산 포석계 기암곡 제2사지 동삼
14350,창원 대광사 묘법연화경
14351,성주 죽백고택
14352,창원 대광사 조상경
14353,영양 석간고택
14354,창원 대광사 주화엄법계관문
14355,경주 두산서당
14356,창원 대광사 경덕전등록
14357,봉화 수온당 고택
14358,창원 대광사 수능엄경
14359,봉화 뇌풍정
14360,창원 대광사 십지경론
14361,안동 금포고택
14362,창원 대광사 대불정다라니
14363,안동 예안이씨 와룡파종택
14364,창원 대광사 치문경훈
14365,안동 죽암서실
14366,창원 대광사 대방광불화엄경소초
14367,안동 청주정씨 죽헌고택
14368,하동 법성선원 아미타후불도
14369,영주 안향 향려비
14370,하동 미서암 번
14371,상주 함창사마소 유물
14372,합천 덕양재
14373,경주 북산서사
14374,진주 허선구 고가
14375,성주 한강종택
14376,창원 김가행 묘역
14377,경산 환성사 수월관
14378,박정빈 관련 교지
14379,영덕 이전재
14380,박정빈 초상
14381,영덕 덕흥사 제석탱화
14382,이경무 만묵당집 목판
14383,경주 귀후재
14384,김해 대법륜사 불설예수시왕생칠경‧불설
14385,칠곡 감호당
14386,김해 대법륜사 수륙무차평등재의촬요
14387,칠곡 지경당
14388,김해 선지사 불설대보부모은중경
14389,김천 계림사 석조나한좌상
14390,창원 신불사 대혜보각선사서
14391,청도 덕사 영산회상도
14392,창원 신불사 묘법연화경
14393,예천 명봉리 경모궁 태실 감역 각석문
14394,거창 화경당
14395,성주 도성리 삼효각
14396,거창 소진정
14397,청도 기룡재
14398,거창 낙영재
14399,의성 대곡사 적조암 구포루
14400,고성 옥천사 청련암 아미타불회도
14401,영덕 흥교당
14402,진성이씨 남해문중 고문서
14403,영덕 상의당
14404,거창 취수정
14405,영덕 백회재고택
14406,밀양 삼은정
14407,포항 노동재사
14408,양산 안적암 아미타불회도
14409,청송 송정고택
14410,진해향교 공자 위패 매안지 비석
14411,영주 원리 도율종중 고택
14412,산청 망추정
14413,예천권씨 용문재사
14414,밀양 완재정
14415,안동 광흥사 아미타극락회상도
14416,사명당 유정 교첩
14417,양사언 백형가 전계명문 및 양만고 간
14418,창원향교 전적류
14419,영주 안양원 독성탱화 및 신중탱화
14420,사천 김해김씨 삼현파 문중 호구단자
14421,칠곡 흥국사 목조보살좌상
14422,선무원종공신녹권(이희급)
14423,봉화 중대사 목조보살좌상 및 복장유물
14424,진주 허만선 고가
14425,포항 오덕리 덕계서당
14426,고성 옥천사 아미타불회도
14427,영주 구은고택
14428,함양 종담서당
14429,김천 칠불사 소장 예수시왕생칠재의찬요
14430,구포환속상서문
14431,성주 의국 중수기
14432,이륙 청파집 목판
14433,예천 연방사 석가모니후불탱화
14434,김해 바라밀선원 예수시왕생칠재의찬요
14435,구미 송당정사
14436,박홍정 선무원종공신녹권
14437,영양 남경대
14438,김해 금강사 법화영험전
14439,칠곡 진주댁
14440,산청 견성암 신중도
14441,영주 류빈 묘비 및 석물 일괄
14442,합천 원모재
14443,영덕 난고종택 영산가학 및 가고
14444,산청 완계서원
14445,청도 성불암 소장 산신도
14446,진주 창애정
14447,칠곡 묘향사 소장 신중도
14448,의령 수파정
14449,포항 고석사 석조여래의좌상
14450,의령 탐진안씨 문중 정려각
14451,김천 구화사 석조비로자나불좌상
14452,의령 율리재
14453,의성 진민사 소장 고문서
14454,양산 통도사 서운암 훈유어필
14455,예천 함취정
14456,소촌역지
14457,김룡사 석불입상
14458,산청 권도 신도비
14459,상주 검간 조정 문집목판
14460,의령 쌍절각
14461,경산 반룡사 화문면석 부재
14462,밀양 만어사 석조여래좌상
14463,학발첩 및 전가보첩
14464,밀양 어울암 칠성도
14465,청송 경모정
14466,함안 의학서당
14467,포항 천곡사 관음전 석조보살좌상
14468,고성 노산정
14469,청도 운문사 설송대사비
14470,김윤순.김덕성 영세불망비
14471,울진 광도사 신중도
14472,고성 옥천사 청련암 철제 솥
14473,김천 도동서원
14474,거창 황강고택
14475,안동 두산고택
14476,거제현 관아 송덕비군
14477,영덕 우경고택
14478,양산 통도사 서운암 묘법연화경
14479,영덕 처인당
14480,합천 김광부 순절유허비
14481,문경 김룡사 삼층석탑
14482,창원 봉림사 원돈성불론
14483,고령 반룡사 목조지장보살좌상
14484,창원 봉서사 석조여래좌상
14485,성주 선송사 신중도
14486,산청 강양이씨 정려
14487,김천 계림사 석조불보살좌상
14488,밀양 주산서당
14489,청도 운문사 대웅보전 앞 석등
14490,밀양 화양정사
14491,고령 관음사 아미타여래도
14492,진극일 영사원종공신녹권및사목일괄
14493,고령 관음사 신중도
14494,창원 봉림사 묘법연화경(언해)
14495,의성 추원재
14496,고성 옥천사 자방루 청동북
14497,영천 묘봉암 법질별행록요병입사기
14498,남해 화방사 고문서
14499,문경 김용사 양진암 영산회상도
14500,창녕 성사제 망제단 비석
14501,문경 반곡리 마애여래좌상
14502,거창 임청정
14503,안동 한천정사
14504,창녕 영모재
14505,고령 노강서원 고문헌
14506,밀양 소은고택
14507,영주 수락당
14508,의령 율산정
14509,영주 식암 황섬 신도비
14510,함양 영각사 구광루
14511,영천 충효사 소장 불설아미타경
14512,성여신 부사집 원고본
14513,칠곡 중방댁
14514,창원 성주사 신중도
14515,안동 매정리 마애불
14516,하동 법성선원 복장물
14517,봉화 각화사 독성도
14518,남해 용문사 영산전
14519,봉화 각화사 금봉암 신중도
14520,이제묘도
14521,포항 원각사 소장 아미타불회도
14522,강세황 필 묵서
14523,예천 봉산서당
14524,함양 금선사 석조여래좌상
14525,문경 대승사 응진전 오백나한상
14526,진주 재령이씨․진주강씨 정려각 현판 
14527,고령향교 소장 찬도호주주례 책판
14528,산청 화림사 석조여래좌상
14529,고령 봉평리 암각화
14530,양산 통도사 극락암 수세전
14531,안동 낙와고택
14532,창녕 도암재 강당
14533,상주 청죽 성람 묘갈
14534,진주 최대성 정려 현판 일괄
14535,고령 지산리 석조여래좌상
14536,함양 여재각
14537,경주 남산 탑곡 제1사지 마애조상군
14538,양산 구불사 예수시왕생칠재의찬요
14539,예천 명봉사 목조보살좌상
14540,산청 청곡서원
14541,문경 운암사 극락전
14542,합천 양세삼강김씨유허비
14543,문경 김룡사 공루
14544,창원 완암 동래정씨 고문서 일괄
14545,구미 죽장리 이정표석
14546,김해 수로왕릉 숭선전 벽화
14547,구황촬요
14548,합천 해인사 백련암 십현담요해 및 조
14549,청도 대비사승탑군
14550,합천 해인사 백련암 불설관정발제과죄생
14551,안동 석탑사 산신도
14552,산청 능인암 충찰화상 진영
14553,영천 아계서사
14554,창녕 무심사 육경합부
14555,봉화 애죽헌
14556,창녕 간암재
14557,영양 조영걸가옥
14558,황징 교지류
14559,비로자나총귀진언
14560,포항 남덕재
14561,문경 김룡사 일주문
14562,청송 귀암정주사
14563,안동 석수암 석조여래좌상
14564,이문홍 및 이구 백패
14565,권문해 교지 일괄
14566,김복일 교지 일괄(2025)
14567,경주 길상사 석조여래좌상 
14568,안동 일출암 석조여래좌상
14569,봉화 화포 홍익한 충렬비
14570,김천 진주강씨 학암종가 소장 고문헌
14571,구미 해평길씨 문중 소장 고문서
14572,청도 만회정
14573,현풍향교 명륜당
14574,잠실뽕나무
14575,몰운대
14576,건들바위(대구입암)
14577,용궁사 느티나무
14578,칠석동 은행나무
14579,봉산동 느티나무
14580,노송지대
14581,화진포
14582,청주 압각수
14583,갈산리 곰솔
14584,구천동 주목군총
14585,곡성 영수정 일원
14586,의성읍도서동의회나무
14587,천황산 표충사 일원
14588,금남 백로 서식지
14589,금덕무환자나무및팽나무군락
14590,화양동느티나무
14591,신선대
14592,내곡모감주나무군락
14593,계산동 은행나무
14594,양림동호랑가시나무
14595,연주대
14596,교가리느티나무
14597,괴산 칠충사
14598,천정대
14599,마산동굴
14600,장흥 장천동과 팔경 암각문
14601,양동의향나무
14602,하동 쌍계사 차나무 시배지
14603,동백동산
14604,선바위
14605,가덕도 동백군락
14606,국우동탱자나무
14607,강화 보문사 향나무
14608,학동 느티나무
14609,팔곡리향나무
14610,춘천삼악산
14611,단양 천동동굴
14612,성동 은행나무
14613,팔효사의은행나무
14614,포항 보경사 탱자나무
14615,함안 외암리 공룡발자국 화석
14616,천제연담팔수나무
14617,손기정 월계관 기념수
14618,해운대 동백섬
14619,괘고정수
14620,가평연하리향나무
14621,괴산 고산정 및 제월대
14622,태안 흥주사 은행나무
14623,금동느티나무
14624,문경모산굴
14625,하동 두양리 은행나무
14626,선흘리백서향및변산일엽군락
14627,영월 용담굴
14628,허가바위
14629,기장 죽성리해송
14630,파주교하물푸레나무
14631,운산리은행나무
14632,제천 원호유허비 및 관란정
14633,부여 수신리 반송
14634,가림리줄사철나무
14635,안동미림동굴
14636,합천 배티셰일 동굴
14637,명월팽나무군락
14638,인왕산 수성동 계곡
14639,망산도·유주암
14640,안산대부광산퇴적암층
14641,제천 복평리 모감주나무 군락(2025
14642,보령장현리귀학송
14643,강천사모과나무
14644,안동송리동은행나무
14645,통영 충렬사 동백나무
14646,영평조록나무
14647,영월 연하동굴
14648,방학동 은행나무
14649,기장 동부리 회화나무
14650,제천 교동 음나무(2013-7)
14651,예산대흥향교은행나무
14652,공덕면의은행나무
14653,안동송천동의모감주나무
14654,창원 인곡리 모과나무 
14655,조록나무뿌리 형상물
14656,영월 대야동굴
14657,성균관 대성전 은행나무
14658,금정산 금샘
14659,정선비룡굴
14660,단양 영천동굴
14661,금산 양지리 팽나무연리목
14662,성당면의은행나무
14663,영일 우각동 향나무
14664,양산 천성산 내원사 일원
14665,광령귤나무
14666,인왕산 백운동 계곡
14667,용궁사 느티나무
14668,강릉동대굴
14669,홍성오관리느티나무
14670,이병기생가의탱자나무
14671,임고서원은행나무
14672,고성 북평리 찰피나무
14673,신흥동백나무군락
14674,강릉서대굴
14675,서산해미읍성회화나무
14676,익산향교의은행나무
14677,경주동부동은행나무
14678,의령 충익사 모과나무
14679,무환자나무
14680,강릉옥계굴
14681,서산향교은행나무
14682,망해사의팽나무
14683,상주 두곡리 은행나무
14684,고성 장산숲
14685,녹나무
14686,강릉비선굴
14687,서산여미리비자나무
14688,여산동헌의느티나무
14689,금릉추량리은행나무
14690,거제 덕포동 이팝나무
14691,위미동백나무군락
14692,태백용연굴
14693,보령 산수동 소나무
14694,고창하고리왕버들나무숲
14695,의성월소리소나무
14696,진주 정평리 무환자나무
14697,식산봉의황근자생지및상록활엽수림
14698,삼척저승굴
14699,보령 학성리 공룡발자국화석
14700,구암사의 은행나무
14701,청도명대리뚝향나무
14702,창원 고현리 공룡발자국 화석
14703,비양도의비양나무자생지
14704,삼척활기굴
14705,부여 홍산객사 은행나무
14706,부안 도청리 솔섬
14707,안동석수암향나무
14708,진주 동예리 느티나무
14709,관음사의왕벚나무자생지
14710,춘천만천리백로및왜가리번식지
14711,부여 저동리 쌀바위
14712,의성사촌리향나무
14713,거제 외간리 동백나무
14714,북촌동굴
14715,청양 봉암리 은행나무
14716,청송 침류정 향나무
14717,거제 한내리 모감주나무군
14718,용연·용두암
14719,태백월둔동굴
14720,삼척늑구리은행나무
14721,청도하평리은행나무
14722,거제 명진리 느티나무
14723,강릉옥천동은행나무
14724,예천죽림리향나무
14725,지리산 대원사 일원
14726,홍천명개리열목어서식지
14727,예천사부리소나무
14728,산청 평지리 은행나무
14729,삼척안의리모과나무
14730,영천약남리회화나무
14731,밀양 무안리 향나무
14732,청도상리돌배나무
14733,하동 범왕리 푸조나무
14734,경산자인의계정숲
14735,거창 연수사 은행나무
14736,영해경수당향나무
14737,합천 오도리 이팝나무
14738,경산은호리의스토로마톨라이트화석
14739,사천 연천 숲
14740,상주 낙화담 소나무
14741,창녕 사리 배롱나무군
14742,안동 위리의 나무화석
14743,만어산 어산 불영
14744,울진 주인리의 황금소나무
14745,창원 호계리 공룡발자국 화석
14746,순흥의 연리지송
14747,거창 원천 느티나무
14748,김천 유성리 소나무
14749,거창 무촌리 은행나무
14750,한강 무흘강도지
14751,남해 당항리 느티나무
14752,성주 동원리 반송과 도래솔 군락
14753,남해 죽전 비자나무
14754,성주 백인당 향나무
14755,함양 금대암 전나무
14756,예천 수한리 소나무
14757,함양 도천리 소나무
14758,통영 매물도 후박나무
14759,산청 실매리 왕버드나무군
14760,거제 윤돌섬 상록수림
14761,합천 성산리 느티나무
14762,사천 자혜리 화석 갯지렁이초
14763,하동 청룡리 은행나무
14764,함양 개평리 소나무 군락지
14765,하동 정금리 차나무
14766,산청 공개바위
14767,산청 청송사 소나무
14768,김해 장군차 서식지
14769,남해 금산 줄사철나무
14770,함안 사촌리 공룡발자국 화석산지 
14771,고성 삼락리 공룡발자국과 새발자국 화
14772,수완동 왕버들
14773,곤지암 바위
14774,괴산 취묵당
14775,낙화암
14776,밀양 위양못
14777,청주 백석정
14778,부여 동매
14779,진주 용호정원
14780,보은 계당과 계정
14781,형제송
14782,통영 읍도 공룡발자국 화석
14783,거제 외도 공룡발자국 화석
14784,함안 대치리 공룡발자국 화석
14785,함안 명관리 공룡발자국 화석
14786,서울 남대문로 한국전력공사 사옥
14787,서울 구 경기고등학교
14788,서울 이화여자고등학교 심슨기념관
14789,대구 효목동 조양회관
14790,구 대구사범학교 본관과 강당
14791,청주 대성고등학교 본관
14792,옥천성당
14793,대한성공회 진천성당
14794,청주 문화동 일·양 절충식 가옥
14795,강경 구 연수당 건재 약방
14796,서울 구 국회의사당
14797,서울대학교 구 공과대학 본관과 교사
14798,서울공업고등학교 본관
14799,서울 이화여자대학교 파이퍼 홀
14800,대구 동산병원 구관
14801,광주 전라남도청 구 본관
14802,광주 서석초등학교 본관·별관·체육관
14803,대전 충청남도청 구 본관
14804,구 산업은행 대전지점
14805,구 조흥은행 대전지점
14806,태백 철암역두 선탄시설
14807,철원 노동당사
14808,구 철원 제일교회
14809,철원 얼음창고
14810,철원 농산물검사소
14811,철원 승일교
14812,화천 인민군사령부 막사
14813,진안성당 어은공소
14814,구 호남은행 목포지점
14815,구 목포공립심상소학교
14816,여수 구 청년회관
14817,여수 구 애양원교회
14818,여수 애양병원
14819,구 나주경찰서
14820,진주 문산성당
14821,구 통영청년단 회관
14822,함양 구 임업시험장 하동·함양지장
14823,남제주 강병대교회
14824,남제주 비행기 격납고
14825,서울 창녕위궁 재사
14826,부산 임시수도 정부청사
14827,구 강경성결교회 예배당
14828,목포 구 청년회관
14829,나주 노안성당
14830,연천역 급수탑
14831,삼척 도계역 급수탑
14832,영동 추풍령역 급수탑
14833,논산 연산역 급수탑
14834,안동역 급수탑
14835,영천역 급수탑
14836,밀양 삼랑진역 급수탑
14837,구 서울특별시청사
14838,서울 건국대학교 구 서북학회회관
14839,춘천 죽림동 주교좌성당
14840,청주 충청북도청 본관
14841,대한통운 제천영업소
14842,옥천 죽향초등학교 구 교사
14843,진천 덕산양조장
14844,영동 노근리 쌍굴다리
14845,강경 중앙초등학교 강당
14846,김제 죽산리 구 일본인 농장 사무소
14847,목포 정명여자중학교 구 선교사 사택
14848,함평 구 학다리역 급수탑
14849,군산 동국사 대웅전
14850,제천 엽연초생산조합 구 사옥
14851,고흥 구 소록도갱생원 검시실
14852,고흥 구 소록도갱생원 감금실
14853,고흥 구 소록도갱생원 사무본관과 강당
14854,고흥 구 소록도갱생원 만령당
14855,고흥 구 소록도갱생원 식량창고
14856,고흥 구 소록도갱생원 신사
14857,고흥 구 소록도갱생원 등대
14858,고흥 소록도 구 녹산초등학교 교사
14859,고흥 소록도 구 성실중고등성경학교 교
14860,고흥 구 소록도갱생원 원장 관사
14861,파주 구 장단면사무소
14862,파주 경의선 구 장단역 터
14863,경의선 장단역 증기기관차
14864,파주 경의선 장단역 죽음의 다리
14865,창경궁 대온실
14866,서울 원서동 고희동 가옥
14867,서울 계동 배렴 가옥
14868,서울 홍지동 이광수 별장 터
14869,서울 평창동 박종화 가옥
14870,서울 홍파동 홍난파 가옥
14871,서울 돈암장
14872,서울 의릉 구 중앙정보부 강당
14873,서울 배화여자고등학교 생활관
14874,광주 조선대학교 본관
14875,광주 수창초등학교 본관
14876,광주 전남대학교 인문대학 1호관
14877,광주교육대학교 본관
14878,구 동양척식회사 대전지점
14879,한국전력공사 대전보급소
14880,대전 국립농산물품질관리원 구 충청지원
14881,대전 충청남도청 구 관사 1·2·5·
14882,울산 구 상북면사무소
14883,울산 언양성당과 사제관
14884,울산 구 삼호교
14885,울산 남창역사
14886,울산 울기등대 구 등탑
14887,춘천 강원도지사 구 관사
14888,구 홍천군청
14889,화천 수력발전소
14890,화천 꺼먹다리
14891,태백 장성이중교
14892,철원 금강산 전기철도교량
14893,제주 이승만별장
14894,목포 양동교회
14895,여수 장천교회
14896,여수 마래 제2터널
14897,구 함평성당
14898,함평 월호리 일본식 가옥과 창고
14899,영광 법성리 일본식 여관
14900,구례읍사무소
14901,구례 구 방광국민학교 교사
14902,구 곡성역사
14903,순천 매산중학교 매산관
14904,구 순천선교부 외국인 어린이학교
14905,순천 구 선교사 프레스턴 가옥
14906,순천 구 남장로교회 조지와츠 기념관
14907,순천 구 원창역사
14908,나주 영산포 자기수위표
14909,장흥 예양리 일본식 가옥
14910,장흥 기양리 일본식 가옥
14911,구 보성여관
14912,서울 한국기독교장로회총회 선교교육원
14913,서울 동선동 권진규 아틀리에
14914,서울 구 경성방직 사무동
14915,서울 구 신촌역사
14916,구 철원 제2금융조합 건물 터
14917,원주역 급수탑
14918,원주 원동성당
14919,원주 흥업성당 대안리공소
14920,삼척 성내동성당
14921,동해 구 상수시설
14922,고성 합축교
14923,괴산군수 관사
14924,창녕 남지철교
14925,광주 장덕동 근대 한옥
14926,산청 특리 근대 한옥
14927,구 통영군청
14928,통영 문화동 배수시설
14929,밀양 교동 근대 한옥
14930,밀양 퇴로리 근대 한옥
14931,진주 옥봉성당
14932,구 제주도청사
14933,서귀포 천제연 관개수로
14934,남제주 구 대정면사무소
14935,광주 구 수피아여학교 수피아 홀
14936,광주 구 수피아여학교 커티스 메모리얼
14937,철원 수도국 터 급수탑
14938,춘천 소양로성당
14939,홍천성당
14940,횡성 풍수원성당 구 사제관
14941,구 조선식산은행 원주지점
14942,원주 구 반곡역사
14943,구 태백등기소
14944,태백경찰서 망루
14945,구 철도청 대전지역사무소 보급창고 3
14946,구 제일은행 여수지점
14947,서울 누하동 이상범 가옥과 화실
14948,전주 신흥고등학교 강당과 본관 포치
14949,전주 중앙동 구 박다옥
14950,전주 다가동 구 중국인 포목상점
14951,정읍 신태인 구 도정공장 창고
14952,구 고창고등보통학교 강당
14953,구 부안금융조합
14954,익산 구 이리농림학교 수의축산과 특별
14955,원불교 익산성지
14956,익산 중앙동 구 삼산의원
14957,익산 구 익옥수리조합 사무소와 창고
14958,군산 발산리 구 일본인 농장 창고
14959,군산 신흥동 일본식 가옥
14960,군산 해망굴
14961,김제 증산법종교 본부영대와 삼청전
14962,김제 구 백구금융조합
14963,김제 신풍동 일본식 가옥
14964,임실 오수망루
14965,장수성당 수분공소
14966,장수 호룡보루
14967,진안 강정리 근대 한옥
14968,진해역
14969,구 진해해군통제부 병원장 사택
14970,구 진해요항부 사령부
14971,구 진해방비대 사령부
14972,구 진해방비대 사령부 별관
14973,구 진해요항부 병원
14974,구 마산헌병 분견대
14975,마산 봉암수원지
14976,창원 소답동 김종영 생가
14977,통영 해저터널
14978,진주역 차량정비고
14979,거창 정장리 양식 가옥
14980,밀양 상동터널
14981,구 밀양역 파출소
14982,밀양 구 비행기 격납고
14983,군산 구 제1수원지 제방
14984,군산 구 임피역
14985,익산 주현동 구 일본인 농장 사무실
14986,익산 구 춘포역사
14987,익산 춘포리 구 일본인 농장 가옥
14988,정읍 영주정사와 영양사
14989,정읍 진산동 영모재
14990,정읍 관청리 근대 한옥
14991,정읍 화호리 구 일본인 농장 가옥
14992,장수경찰서 관사
14993,포항 구 삼화제철소 고로
14994,봉화 유곡리 근대 한옥
14995,김제 신풍동 근대 한옥
14996,김제 종신리 한·일 절충식 가옥
14997,완주 구 삼례양수장
14998,곡성 구 삼기면사무소
14999,광양 서울대학교 남부연습림 관사
15000,순천 별량농협 창고
15001,순천 옥천동 일본식 가옥
15002,보성 구 벌교금융조합
15003,고흥 구 풍양금융조합
15004,곡성 단군전
15005,서울 계동 근대 한옥
15006,서울 혜화동성당
15007,서울 창전동 공민왕 사당
15008,공주 금강철교
15009,공주 중학동 구 선교사 가옥
15010,남해 덕신리 하천재
15011,울릉 도동리 일본식 가옥
15012,고흥 구 녹동우편소
15013,서울 구 대법원 청사
15014,서울 구 미국문화원
15015,구 목포사범학교 본관
15016,창덕궁 희정당 총석정절경도
15017,창덕궁 희정당 금강산만물초승경도
15018,창덕궁 대조전 봉황도
15019,창덕궁 대조전 백학도
15020,창덕궁 경훈각 조일선관도
15021,창덕궁 경훈각 삼선관파도
15022,인천 선린동 공화춘
15023,대한민국 수준원점
15024,구 일본우선주식회사 인천지점
15025,구 인천부 청사
15026,서울 한강철도교
15027,대구 대봉배수지
15028,대구화교협회
15029,영천 과전동 일본식 가옥
15030,영천 구 화룡교
15031,영양 구 용화광산 선광장
15032,청도 구 풍각면사무소
15033,봉화 척곡교회
15034,고성 학동마을 옛 담장
15035,거창 황산마을 옛 담장
15036,산청 단계마을 옛 담장
15037,무주 지전마을 옛 담장
15038,익산 함라마을 옛 담장
15039,강진 한골목 옛 담장
15040,담양 삼지천마을 옛 담장
15041,대구 옻골마을 옛 담장
15042,경운궁 양이재
15043,서울 성북동 최순우 가옥
15044,서울 청량리역 검수차고
15045,대구 구 반야월역사
15046,구 포천성당
15047,홍성고등학교 강당
15048,제천 엽연초 수납취급소
15049,화순 오지호 생가
15050,화순농협 동부지점
15051,정읍 나용균 생가와 사당
15052,거제 학동 진석중 가옥
15053,상주 구 내서면사무소
15054,청산도 상서마을 옛 담장
15055,부여 반교마을 옛 담장
15056,산청 남사마을 옛 담장
15057,신안 흑산도 사리마을 옛 담장
15058,신안 비금도 내촌마을 옛 담장
15059,상주농협 구 창고
15060,칠곡 구 왜관터널
15061,울진 행곡교회
15062,울진 용장교회
15063,영덕 송천예배당
15064,구 문경금융조합 사택
15065,경주 구 서경사
15066,구 군위성결교회
15067,경주 우안양수장
15068,청도 이호우와 이영도 생가
15069,고양 구 일산역사
15070,남양주 구 팔당역
15071,양평 구 구둔역
15072,영동 심천역
15073,삼척 구 도경리역
15074,나주 구 남평역
15075,서울 구 화랑대역
15076,여수 구 율촌역
15077,부산 송정역
15078,대구 구 동촌역사
15079,문경 구 가은역
15080,보령 청소역
15081,제주 사라봉 일제 동굴진지
15082,제주 어승생악 일제 동굴진지
15083,제주 가마오름 일제 동굴진지
15084,제주 서우봉 일제 동굴진지
15085,제주 셋알오름 일제 동굴진지
15086,제주 일출봉 해안 일제 동굴진지
15087,제주 모슬포 알뜨르비행장 일제 지하벙
15088,제주 송악산 해안 일제 동굴진지
15089,제주 모슬봉 일제 군사시설
15090,제주 이교동 일제 군사시설
15091,제주 모슬포 알뜨르비행장 일제 고사포
15092,제주 송악산 외륜 일제 동굴진지
15093,순종어차
15094,순종황후어차
15095,국가표준 도량형 유물
15096,국가표준 도량형 유물(7합5작 가로긴
15097,서산 동문동성당
15098,구 강경공립상업학교 관사
15099,구 강경노동조합
15100,구 한일은행 강경지점
15101,고창 조양식당
15102,문경 구 불정역사
15103,부산 복병산배수지
15104,부산 구 경남상업고등학교 본관
15105,부산 구 남선전기 사옥
15106,부산 수정동 일본식 가옥
15107,대전 수운교 봉령각
15108,대전 수운교 용호당
15109,대전 수운교 본부법회당
15110,대전 수운교 본부사무실
15111,대전 수운교 종각과 범종
15112,삼척 구 하고사리역사
15113,강경 화교학교 교사와 사택
15114,서산 동문동성당 상홍리공소
15115,부여 신동엽 가옥 터
15116,구 동본원사 목포별원
15117,윤동주 유고 보존 정병욱 가옥
15118,미몽
15119,자유만세
15120,검사와 여선생
15121,마음의 고향
15122,피아골
15123,자유부인
15124,시집가는 날(일명: 맹진사댁 경사)
15125,부산 초량동 일본식 가옥
15126,구 청주공립보통학교 강당
15127,청주 대성여자중학교 강당
15128,청주 구 충북산업장려관
15129,청주 충청북도지사 구 관사
15130,괴산중학교 구 본관
15131,청주 동부배수지 제수변실
15132,거제초등학교 본관
15133,서울 명륜동 장면 가옥
15134,서울 구의정수장 제1·2공장
15135,부산 재한유엔기념공원
15136,신안 증도 태평염전
15137,신안 증도 석조소금창고
15138,신안 비금도 대동염전
15139,서울 구 양천수리조합 배수펌프장
15140,부여 구 홍산저포조합 본점
15141,의령 오운마을 옛 담장
15142,정읍 상학마을 옛 담장
15143,여수 사도·추도마을 옛 담장
15144,영암 죽정마을 옛 담장
15145,서울대학교 구 공과대학 광산학과 교사
15146,광주 구 수피아여학교 윈스브로우 홀
15147,횡성성당
15148,구 일본제18은행 군산지점
15149,포항 오덕리 근대 한옥
15150,구 조선은행 군산지점
15151,서울 구 국군기무사령부 본관
15152,부산 구 성지곡수원지
15153,대전 대흥동 일·양 절충식 가옥
15154,군산 어청도 등대
15155,해남 구 목포구 등대
15156,신안 소흑산도 등대
15157,뉴욕 월도프 아스토리아 호텔 게양 태
15158,미 해병대원 버스비어 기증 태극기
15159,동덕여자의숙 태극기
15160,태극기 목판
15161,남상락 자수 태극기
15162,‘대한독립만세’ 태극기
15163,한국광복군 서명문 태극기
15164,유관종 부대원 태극기
15165,경주 학도병 서명문 태극기
15166,건국법정대학 학도병 서명문 태극기
15167,이철희 ‘사변폭발’ 태극기
15168,‘불원복(不遠復)’ 태극기
15169,대한민국 임시의정원 태극기(2008)
15170,대한민국 임시의정원 태극기(2013)
15171,이승만대통령 의전용 세단
15172,박정희대통령 업무용 세단
15173,박정희대통령 의전용 세단
15174,상주의용소방대 소방차
15175,기아 경3륜 트럭
15176,신진 퍼블리카
15177,서울 구 신아일보 별관
15178,김제 부거리 옹기가마
15179,용인 장욱진 가옥
15180,김천 부항지서 망루
15181,칠곡 왜관철교
15182,파주 영국군 설마리전투비
15183,연천 유엔군 화장장 시설
15184,제주 구 육군 제1훈련소 지휘소와 정
15185,제주 구 해병훈련시설
15186,국산 1호 항공기 ‘부활’
15187,서울 신당동 박정희 가옥
15188,서울 서교동 최규하 가옥
15189,미카형 증기기관차 304호
15190,디젤전기기관차 2001호
15191,파시형 증기기관차 23호
15192,협궤 증기기관차 13호
15193,대통령 전용 객차
15194,주한 유엔군사령관 전용 객차
15195,협궤무개화차
15196,협궤유개화차
15197,대한제국기 철도 통표
15198,대한제국기 경인철도 레일
15199,쌍신폐색기
15200,전차 363호
15201,인천 제물포고등학교 강당
15202,서울 구 용산철도병원 본관
15203,벽걸이형 자석식 전화기
15204,벽걸이형 공전식 전화기
15205,벽걸이형 자동식 전화기
15206,이중 전보송신기
15207,음향인자전신기
15208,인쇄전신기
15209,무장하 케이블 접속장치
15210,금산위성통신 제1지구국 안테나설비
15211,광복전후기 우체통
15212,소록우체국 우체통
15213,백범 김구 혈의(血衣) 일괄
15214,백범 김구 인장 金九之印
15215,백범 김구 인장 金九
15216,"백범 김구 인장 寬和, 金九之印, 白"
15217,백범 김구 회중시계
15218,백범 김구 유묵 韓美親善平等互助
15219,백범 김구 유묵 愼其獨
15220,백범 김구 유묵 思無邪
15221,구 공주읍사무소
15222,구 광양군청
15223,알렌의 진단서
15224,알렌의 검안경
15225,제중원 1차년도 보고서
15226,에비슨의 수술장면 유리건판 필름
15227,대한의원 개원 칙서
15228,분쉬의 외과도구
15229,건칠반
15230,은제이화문탕기
15231,유제화형촛대
15232,고양 행주성당
15233,동해 구 삼척개발 사택과 합숙소
15234,강릉 임당동성당
15235,진관사 소장 독립신문류
15236,면제갑옷
15237,한국광복군 군복
15238,대한민국 육군기
15239,대한민국 최초 항공기(L-4 연락기)
15240,백두산함 돛대
15241,휴전협정 조인시 사용 책상
15242,의병장 김도현 칼
15243,엄복동 자전거
15244,전차 381호
15245,명신여학교 태극기·현판·완문
15246,고흥 순천교도소 구 소록도지소
15247,김소월 시집 진달래꽃(2011-1)
15248,김소월 시집 진달래꽃(2011-2)
15249,김소월 시집 진달래꽃(2011-3)
15250,김소월 시집 진달래꽃(2011-4)
15251,남양주 흥국사 대방
15252,공주 제일교회
15253,예산 수덕사 만공탑
15254,광복군가집 제1집
15255,애국창가 악보집
15256,안익태 대한국애국가 자필악보
15257,빅타레코드 금속 원반
15258,찬양가
15259,홍난파 동요 악보 원판
15260,배재학당 피아노
15261,영광 원불교 영산대각전
15262,배설 만사집
15263,배설 유품
15264,일제강점기 문자보급교재(2011-1)
15265,일제강점기 문자보급교재(2011-2)
15266,백악춘효
15267,운낭자상
15268,부채를 든 자화상
15269,청춘의 십자로
15270,제11회 베를린올림픽 마라톤 우승 유
15271,제14회 런던올림픽 후원권
15272,이원순 유물(2012-1)
15273,이원순 유물(2012-2)
15274,제14회 런던올림픽 참가 페넌트
15275,제1회 아시안컵 축구대회 우승컵
15276,부산 전차
15277,러들로 흉판
15278,최송설당 상
15279,청송 소류정
15280,청년단 야구대회 우승기
15281,"전국체육대회 우승기, 2위기, 3위기"
15282,연덕춘 골프채
15283,새미리 수영복
15284,필야정 시지
15285,청강 김영훈 진료 기록물
15286,애국가 유성기 음반
15287,한성순보
15288,독립신문
15289,협성회회보
15290,매일신문
15291,대한매일신보(2012-1)
15292,대한매일신보(2012-2)
15293,대한매일신보(2012-3)
15294,독립신문(獨立新聞) 상해판(2012)
15295,독립신문(獨立新聞) 상해판(2020)
15296,친목회회보
15297,대조선독립협회회보
15298,목포 천주교 구 교구청
15299,서울 이준 묘소
15300,서울 손병희 묘소
15301,서울 이시영 묘소
15302,서울 안창호 묘소
15303,서울 김창숙 묘소
15304,구리 한용운 묘소
15305,서울 신익희 묘소
15306,서울 방학동 전형필 가옥
15307,남양주 봉선사 큰법당
15308,조선말 큰사전 원고
15309,국한회어
15310,국어문법 원고
15311,국문연구안
15312,국문정리(2012-1)
15313,국문정리(2012-2)
15314,전보장정(2012-1)
15315,전보장정(2012-2)
15316,서울 여운형 묘소
15317,신록
15318,초동
15319,시골소녀
15320,가족도
15321,론도
15322,남향집
15323,토끼와 원숭이
15324,고바우 영감 원화(2013-1)
15325,고바우 영감 원화(2013-2)
15326,엄마찾아 삼만리 원화
15327,영암선 개통 기념비
15328,박문서관 목판 일괄
15329,구 김포성당
15330,전(傳) 대원수 상복
15331,보병 부장 예복(이도재)
15332,참장 예복
15333,보병 부령 상복
15334,보병 정위 예복
15335,보병 부위 예복
15336,보병 부위 예복 및 상복(황석)
15337,기병 정위 예복 및 상복
15338,헌병 부위 예복 및 상복(홍철유)
15339,군의 부위 예복
15340,김선희 혼례복
15341,이해상 내외 상복
15342,판사 법복
15343,변호사 법복
15344,대한국독립협회지장
15345,임시정부 법규
15346,김붕준 일가 유물
15347,압사기
15348,공병우 세벌식 타자기(2013-1)
15349,공병우 세벌식 타자기(2013-2)
15350,현대자동차 포니1
15351,해양조사연보
15352,통일벼 유물
15353,전기로
15354,연세 101 아날로그 전자계산기
15355,아날로그 전자계산기 3호기
15356,금성 라디오 A-501(2013-1)
15357,금성 라디오 A-501(2013-2)
15358,금성 냉장고 GR-120
15359,금성 텔레비전 VD-191(2013-
15360,금성 텔레비전 VD-191(2013-
15361,금성 세탁기 WP-181
15362,삼성전자 64K DRAM
15363,치도규칙
15364,과학조선(科學朝鮮)(2013-1)
15365,과학조선(科學朝鮮)(2013-2)
15366,인천 구 대화조 사무소
15367,부산 경남고등학교 덕형관
15368,인천 세관 구 창고와 부속동
15369,대구 구 교남 YMCA 회관
15370,예천 윤우식 생가
15371,거창 구 자생의원
15372,대한성공회 부산주교좌성당
15373,기와 생산도구
15374,조선건축
15375,한중영문중국판 한국애국가 악보
15376,연구용 원자로 TRIGA Mark-Ⅱ
15377,포천 방어벙커
15378,구 만경강 철교
15379,완주 구 삼례 양곡창고
15380,대구 삼덕초등학교 구 관사
15381,진주 배영초등학교 구 본관
15382,서울 흥천사 대방
15383,서울 경기상업고등학교 본관 및 청송관
15384,서울 기상관측소
15385,서울 구 공간사옥
15386,개성 복식부기 장부
15387,구 목포부청 서고 및 방공호
15388,광주 조선대학교 부속중학교 구 교사
15389,광주 조선대학교 의학대학 본관
15390,서천 구 장항미곡창고
15391,고양 흥국사 대방
15392,남양주 고안수위관측소
15393,양평 지평양조장
15394,임실 회문망루
15395,임실 운암망루
15396,구 수원문화원
15397,구 수원시청사
15398,고양 행주수위관측소
15399,구 조선식량영단 군산출장소
15400,강경 갑문
15401,강경 채운산배수지
15402,조선지질도
15403,대한지질도
15404,만화 코주부삼국지
15405,유길준 단령
15406,서재필 진료가운
15407,여운형 혈의
15408,유림 양복
15409,석주명 유품
15410,최현배 의복
15411,프란체스카 여사 의복과 소품
15412,양단 아리랑 드레스
15413,저항라 적삼
15414,색복 장려 깃발
15415,군용 담요 코트
15416,양산 통도사 자장암 마애아미타여래삼존
15417,청도 신둔사 영산보탑 및 탑비
15418,김제 금산사 석고미륵여래입상
15419,공주 신원사 소림원 석고미륵여래입상
15420,제주 정광사 소조미륵여래입상
15421,통영 용화사 괘불도
15422,사천 다솔사 괘불도
15423,진주 의곡사 괘불도
15424,완주 화암사 괘불도
15425,진안 천황사 괘불도
15426,예산 향천사 괘불도 및 오여래·사보살
15427,대구 동화사 괘불도
15428,백용성 역 『조선글화엄경』
15429,백용성 역『선한역 대방광불화엄경(鮮漢
15430,백용성 역『신역대장경(新譯大藏經)』(
15431,백용성 역 『조선어능엄경(朝鮮語楞嚴經
15432,순천 송광사『송광사 사료집성(松廣寺 
15433,『조계산 송광사사고(曺溪山 松廣寺史庫
15434,『김룡사 사료수집(金龍寺 史料蒐集)』
15435,『대본산 김룡사 본말사 연혁(大本山 
15436,백용성 선사 만일선회 방함록
15437,채색필사본 대동여지도
15438,정암철교
15439,목포 문태고등학교 본관
15440,부산대학교 구 본관
15441,부산대학교 무지개문 및 구 수위실
15442,대전 대흥동성당
15443,광주교육대학교 교육박물관
15444,한암스님 가사
15445,백용성 역 한글본『신역대장경』(금강경
15446,부산 구 백제병원
15447,강릉 선교장 소장 태극기
15448,고양 대성암 아미타삼존괘불도
15449,강경성당
15450,알렌 수증 훈공일등 태극대수장
15451,대동단결 선언문서
15452,대한국야소교회 대표자 호소문
15453,안동교회 예배당
15454,서울 성북동 한국순교복자성직수도회 구
15455,고종황제 하사 족자
15456,이천 수광리 오름가마
15457,간호교과서
15458,고흥 소록도 병사성당
15459,고흥 소록도 마리안느와 마가렛 사택
15460,의병장 유인석 심의
15461,서울 남대문로 2층 한옥 상가
15462,고흥 소록도 한센인 생활 유품
15463,3·1 독립선언서(2016-1)
15464,3·1 독립선언서(2016-2)
15465,발해태조건국지·명림답부전
15466,대한민국 최초 운용 전투기(F-51D
15467,국민성금 헌납기(T-6 건국기)
15468,예수성교 누가복음전서
15469,예수성교전서
15470,신약 마가전 복음서 언해
15471,구약전서
15472,서울 배화학원 캐롤라이나관
15473,서울 배화여자고등학교 캠벨기념관
15474,서울 해병대사령부 초대교회
15475,찬송가(UNION HYMNAL)
15476,대한성공회 서울주교좌성당 모자이크 제
15477,군산 둔율동 성당
15478,군산 둔율동 성당 성당신축기 및 건축
15479,영광 창녕조씨 관해공 가옥
15480,서울 이화여자대학교 토마스홀
15481,제주 대정여자고등학교 실습실(육군 9
15482,천주교 광주대교구청 브레디관
15483,천주교 광주대교구청 본관
15484,천주교 광주대교구청 헨리관
15485,천주교 광주대교구청 식당동
15486,천주교 진산성지성당
15487,구 조선식산은행 충주지점
15488,고령 관음사 칠성도
15489,천로역정(합질)
15490,조선요리제법
15491,서울 앨버트 테일러 가옥(딜쿠샤)
15492,경기도청사 구관
15493,경기도지사 구 관사
15494,김 골롬바와 아녜스 자매(석고상)
15495,망우 독립유공자 묘역 - 오세창 묘소
15496,망우 독립유공자 묘역 - 문일평 묘소
15497,망우 독립유공자 묘역 - 방정환 묘소
15498,망우 독립유공자 묘역 - 오기만 묘소
15499,망우 독립유공자 묘역 - 서광조 묘소
15500,망우 독립유공자 묘역 - 서동일 묘소
15501,망우 독립유공자 묘역 - 오재영 묘소
15502,망우 독립유공자 묘역 - 유상규 묘소
15503,당진 소난지도 의병총
15504,영광 원불교 신흥교당 대각전
15505,광주 관덕정
15506,통영 소반장 공방
15507,목포 정광정혜원
15508,수원 구 소화초등학교
15509,수원 구 부국원
15510,보성 안규홍·박제현 가옥
15511,곡성 성륜사 안심당·육화당
15512,원주 기독교 의료 선교 사택
15513,원주 육민관고등학교 창육관
15514,원주 제1야전군사령부 구 청사
15515,태안 동문리 근대한옥
15516,대한성공회 강화성당 제대 및 세례대
15517,문경 가은양조장
15518,조선내화주식회사 구 목포공장
15519,용인 고초골 공소
15520,구 안성군청
15521,대한민국임시의정원 문서
15522,조일관계사료집
15523,윤동주 친필원고
15524,이육사 친필원고 ‘편복’
15525,장효근 일기
15526,부산 우암동 소막마을 주택
15527,제주 4·3 수악주둔소
15528,운강선생유고 및 부록
15529,목포 근대역사문화공간
15530,목포 번화로 일본식가옥-1
15531,목포 번화로 일본식가옥-2
15532,목포 번화로 일본식가옥-3
15533,목포 영산로 일본식 가옥
15534,구 목포부립병원 관사
15535,구 목포 일본기독교회
15536,목포 번화로 일본식 상가주택-1
15537,목포 해안로 일본식 상가주택
15538,목포 해안로 교차로 상가주택
15539,목포 부두 근대상가주택
15540,구 동아부인상회 목포지점
15541,목포 번화로 일본식 상가주택-2
15542,목포 번화로 일본식 상가주택-3
15543,목포 해안로 붉은 벽돌창고
15544,구 목포화신 연쇄점
15545,군산 내항 역사문화공간
15546,군산 내항 뜬다리 부두(부잔교)
15547,군산 내항 호안시설
15548,군산 내항 철도
15549,군산 구 제일사료주식회사 공장
15550,군산 경기화학약품상사 저장탱크
15551,영주 근대역사문화거리
15552,구 영주역 5호 관사
15553,구 영주역 7호 관사
15554,영주 영주동 근대한옥
15555,영주 영광이발관
15556,영주 풍국정미소
15557,영주 제일교회
15558,도산 안창호 일기
15559,관동창의록(關東倡義錄)
15560,군산 빈해원
15561,군산 구 남조선전기주식회사
15562,군산 구 조선운송주식회사 사택
15563,구 전주지방법원 군산지청 관사
15564,칠곡 왜관성당
15565,전남대학교 의과대학 구 본관
15566,파주 구 교하면사무소
15567,일제 주요감시대상 인물카드
15568,완도 소안면 구 당사도 등대
15569,윤봉춘 일기
15570,도화임본
15571,통영 황리공소
15572,서울 동국대학교 구 본관(석조관)
15573,대전 충남대학교 구 문리과대학
15574,지청천 일기
15575,이육사 친필원고 ‘바다의 마음’
15576,광양 구 진월면사무소
15577,대한민국임시정부 건국강령 초안
15578,서울 경희대학교 본관
15579,인제성당
15580,구 영원한 도움의 성모수녀회 춘천수련
15581,서울 구 공군사관학교 교회
15582,"이봉창 의사 친필 편지, 봉투 및 의"
15583,매천 황현 매천야록
15584,매천 황현 오하기문
15585,매천 황현 절명시첩
15586,매천 황현 시·문(7책)
15587,매천 황현 유묵·자료첩(11책)
15588,매천 황현 교지·시권(2점)·백패통
15589,윤희순 의병가사집
15590,서울 한양대학교 구 본관
15591,고성 최동북단 감시초소(GP)
15592,부산 구 동래역사
15593,세종 구 산일제사 공장
15594,대한민국 임시정부 환국기념 23인 필
15595,이자해자전 초고본
15596,한국독립운동사략(상편)
15597,익산 구 이리농림고등학교 본관
15598,신안 흑산성당
15599,군산 구 십자의원
15600,매천 황현 문방구류
15601,매천 황현 생활유물
15602,영덕 영해장터거리 근대역사문화공간
15603,영덕 구 영해금융조합
15604,영덕 영해양조장 및 사택
15605,영덕 구 영해의용소방대
15606,영덕 영해장터거리 근대상가주택1
15607,영덕 영해장터거리 근대상가주택2
15608,영덕 영해장터거리 근대상가주택3
15609,영덕 구 영해언론인협회 및 구 대구매
15610,영덕 구 영해공소
15611,영덕 영해장터거리 근대상가주택4
15612,영덕 영해장터거리 근대상가주택5
15613,영덕 구 영해버스터미널
15614,익산 솜리 근대역사문화공간
15615,익산 구 대교농장 사택
15616,익산 구 신신백화점
15617,익산 평동로 근대상가주택 1
15618,익산 평동로 근대상가주택 2
15619,익산 평동로 근대상가주택 3
15620,익산 평동로 근대상가주택 4
15621,익산 평동로 근대상가주택 5
15622,익산 보화당한의원 구 건조창고
15623,익산 구 이리금융조합
15624,익산 인북로 근대상가주택
15625,목포 경동성당
15626,전북대학교 구 본관
15627,전북대학교 구 문리과대학
15628,전북대학교 구 중앙도서관
15629,서울 보화각
15630,담양 모현관
15631,서울 연세대학교 핀슨관
15632,송기주 네벌식 타자기
15633,대한민국임시의정원인
15634,한인애국단원 편지 및 봉투
15635,한인애국단원 이력서 및 봉투
15636,대한민국임시정부 이교재 위임장 및 상
15637,대한민국임시정부 문영박 추조 및 문원
15638,"대한민국임시정부 특발, 추조, 편지 "
15639,김천 나화랑 생가
15640,광주 구 무등산 관광호텔
15641,통영 근대역사문화공간
15642,통영 중앙동 근대주택 1
15643,통영 중앙동 근대주택 2
15644,통영 중앙동 근대상가주택 1
15645,통영 중앙동 근대상가주택 2
15646,통영 항남동 근대상가
15647,통영 구 대흥여관
15648,통영 김상옥 생가
15649,통영 구 통영목재
15650,김천고등학교 본관
15651,김천고등학교 구 과학관
15652,수원역 급수탑
15653,구 부산나병원기념비
15654,불교
15655,"대전 육교(상, 하행선)"
15656,세종 부강성당
15657,구 경성제국대학 부속 생약연구소 제주
15658,구 목포세관 본관 터 및 창고
15659,6·25 전쟁 군사 기록물(육군)
15660,나석주 의사 편지 및 봉투
15661,영주 부석교회 구 본당
15662,6·25 전쟁 군사 기록물(공군 전투
15663,보병과 더불어 악보
15664,근대기 제작 진전 봉안 어진
15665,연세대학교 4월혁명연구반 4·19 혁
15666,연세대학교 4월혁명연구반 4·19 혁
15667,4·19 혁명 부상자 명단(고려대학교
15668,동해 북평성당
15669,이긍연 을미의병 일기
15670,대한제국애국가
15671,대구 동인초등학교 강당
15672,구 천도교 임실교당
15673,한글점자 「훈맹정음」 제작 및 보급 
15674,한글점자 「훈맹정음」 점자표 및 해설
15675,경상남도립 나전칠기 기술원 양성소
15676,전남대학교 용봉관
15677,대각교의식(大覺敎儀式)
15678,한국수어교재 수화
15679,소방 헬기 까치2호
15680,고성 구 간성기선점 반석
15681,서울 연세대학교 언더우드 가옥
15682,고흥 소록도 4·6 사건 진정서 및 
15683,고흥 소록도 녹산의학강습소 유물
15684,서울 진관사 소장 괘불도 및 괘불함
15685,동학농민군 유광화 편지
15686,제주 이시돌목장 테시폰식 주택
15687,서윤복 제51회 보스턴 마라톤 대회 
15688,공군사관학교 제1기 졸업생 첫 출격 
15689,한국광복군 총사령부 성립 전례식 서명
15690,한국광복군 총사령부 성립 전례식 축하
15691,한국광복군 기관지 광복(光復)
15692,한국광복군 훈련교재 정훈대강
15693,김좌진 장군 사회장 약력서
15694,서천 판교 근대역사문화공간
15695,서천 판교 구 동일정미소
15696,서천 판교 구 동일주조장
15697,서천 판교 근대상가주택 1
15698,서천 판교 구 삼화정미소(오방앗간)
15699,서천 판교 근대상가주택 2
15700,서천 판교 구 중대본부
15701,서천 판교 구 판교극장
15702,진해 근대역사문화공간
15703,진해 구 태백여인숙
15704,진해 보태가
15705,진해 화천동 근대상가주택
15706,진해 송학동 근대상가주택
15707,진해 대흥동 근대상가주택
15708,진해 흑백다방
15709,진해 일광세탁
15710,진해 육각집
15711,진해 창선동 근대상가주택
15712,진해 황해당인판사
15713,김지섭 의사 편지
15714,한성미술품제작소 은제 공예품(이화문 
15715,순천 동남사 사진기 및 확대기
15716,로제타 홀 한글점자 교재
15717,동학농민군 한달문 편지
15718,대전 구 충청남도 경찰청 상무관
15719,터우5형 증기기관차 700호
15720,대통령 전용 디젤전기동차
15721,협궤 디젤동차 163호
15722,협궤 객차 18011호
15723,주미조선공사관 관련 이상재 기록
15724,기아마스타 T600(롯데제과 제품운반
15725,보성 오봉산 구들장 채석지
15726,박상진 의사 옥중 편지 및 상덕태상회
15727,"해관 보고문서(인천, 부산, 원산)"
15728,유네스코회관
15729,일제강점기 이충무공 묘소 보존과 현충
15730,이영춘 농촌위생 진료 기록물
15731,이육사 친필 편지 및 엽서
15732,서울 구 천도교 중앙총부 본관(202
15733,1950년대 낙하산 블라우스
15734,1960년대 신생활복
15735,목포측후소 기상관측 기록물
15736,안성 성 김대건 안드레아 신부 기념성
15737,갑오군정실기
15738,민영환 서구식 군복
15739,칠곡 매원마을
15740,호열자병예방주의서
15741,미사일록
15742,색동회 회록 및 어린이날 자료
15743,속초 동명동 성당
15744,디젤난방차 905호
15745,민영환 유서(명함)
15746,여수 거문도 근대역사문화공간
15747,여수 거문도 구 삼산면 의사당
15748,여수 거문도 해저통신시설
15749,이왕직 아악부 정간보
15750,이왕직 아악부 오선악보
15751,홍재일기
15752,부평 미쓰비시 줄사택
15753,대한민국임시정부 성립 축하문과 선언서
15754,인천 구 조흥상회
15755,낙동강
15756,돈
15757,하녀
15758,성춘향
15759,칠곡 구 왜관성당
15760,부산 범어사 괘불도 및 괘불함
15761,수운교 삼천대천세계도
15762,독립운동가 서영해 관련 자료
15763,김우진 희곡 친필원고
15764,서울 동교동 김대중 가옥
15765,서유견문 필사 교정본
15766,만구대탁굿
15767,평양검무
15768,돈돌날이
15769,애원성
15770,서도소리‘산염불·난봉가’
15771,평안도 향두계놀이
15772,영변성황대제
15773,퉁소 신아우
15774,두만강뗏목놀이소리
15775,서도선소리산타령‘놀량사거리’
15776,김백봉 부채춤
15777,평안도 다리굿
15778,함북 선녀춤
15779,화관무
15780,평남 수건춤
15781,평북농요
15782,최영장군 당굿
15783,평안도 배뱅이굿
15784,황해도 대동굿
15785,황해도 배뱅이굿
